id,decision,exclusion_criterion,confidence,reasoning
226ZBILB,Exclude,E2,80,The abstract discusses federated learning application outside manufacturing (healthcare/smart grids) without mentioning transferable models to manufacturing.
23DV84I5,Exclude,E2,80,"The abstract discusses FL application in a chemical gas industrial environment, which is outside manufacturing unless they explicitly discuss transferable models to manufacturing"
23HY5X6N,Exclude,E2,100,"The abstract discusses a federated learning application in FSiOT networks, which is outside manufacturing."
23VN6EMY,Exclude,E2,80,"The abstract explicitly states that the application is in healthcare (IoT devices) unless they discuss transferable models to manufacturing, but there is no mention of such discussion."
24DNM3JB,Exclude,E2,100,"The abstract discusses a security framework for cloud environments, which is outside the manufacturing industry."
24GLW4ND,Exclude,E2,80,"The abstract discusses a digital supply chain twin framework for disruption detection, which is outside the manufacturing domain."
24V2YD2Y,Exclude,E2,80,"The abstract discusses a cybersecurity system, which is outside the manufacturing domain."
264GPP7U,Exclude,E2,100,"The abstract discusses DNA cryptography and its applications in cloud computing, IoT, and DNA computing environments, which is outside the manufacturing industry."
28RKEIJJ,Exclude,E2,100,"The abstract discusses ESG factors on industrial value extension, which is outside the manufacturing domain."
29J3VEGY,Exclude,E2,100,The abstract explicitly discusses a federated learning application in the healthcare industry.
29M56G7W,Include,,80,"The abstract discusses a federated learning approach tailored to industrial scenarios with heterogeneous AI models and imbalanced data, which is relevant to the review scope."
2A8P6RWQ,Include,,80,"The abstract discusses federated learning in manufacturing, which matches the review scope."
2AIMXDPZ,Exclude,E5,100,The abstract describes a literature review/survey without own contribution
2BLRRD82,Exclude,E5,100,The abstract describes a literature review/survey without own contribution
2BQ7RUER,Exclude,E2,100,"The abstract discusses the application of blockchain-fog computing integration in IoT applications, which is outside manufacturing unless they explicitly discuss transferable models to manufacturing."
2CFTQT87,Include,,100,"The abstract discusses a federated learning application in the semiconductor manufacturing domain, which is relevant to the review scope."
2DB3E8G7,Exclude,E2,100,"The abstract discusses a review of advances in sweat-based biochemical and physiological biomarkers for noninvasive diabetes monitoring, which is outside the manufacturing industry."
2GAC7ET4,Exclude,E2,100,The abstract discusses IoT security solutions outside manufacturing unless discussing transferable models to manufacturing.
2GCYNV6C,Exclude,E2,80,"The abstract discusses federated test case data generation for software testing, which is outside the manufacturing domain."
2HD3ZH2M,Exclude,E2,100,"The abstract explicitly states that the application is in healthcare, not manufacturing."
2HPY7AB9,Exclude,E2,100,"The abstract is about hydropower systems and control strategies, not manufacturing."
2HQWFCWQ,Include,,80,"The abstract discusses a personalized FL methodology for green IIoT systems, which is relevant to manufacturing."
2K222BF2,Exclude,E2,100,"The abstract discusses a federated learning application in sports training (swimming), which is outside the manufacturing industry."
2KH8ADQR,Exclude,E2,100,"The abstract discusses a security-related application of deep learning in smart devices, which is outside manufacturing unless they explicitly discuss transferable models to manufacturing."
2KVEST95,Exclude,E2,100,"The abstract discusses AI applications in smart cities, which is outside manufacturing unless they explicitly discuss transferable models to manufacturing."
2L7F52DC,Exclude,E2,100,"The abstract discusses mobile edge computing in IoT scenarios, which is outside manufacturing unless they explicitly discuss transferable models to manufacturing."
2MA9B8KT,Exclude,E2,80,"The abstract mentions an application of federated learning in enterprise data management, which is outside manufacturing unless they explicitly discuss transferable models to manufacturing."
2MH2XYMV,Exclude,E2,80,"The abstract discusses the application of a neural network in a non-manufacturing context (human cyber physical networks), but does not explicitly discuss transferable models to manufacturing."
2MSM8GRC,Exclude,E2,80,"The abstract discusses a framework for integrating outcome economy with smart industry in manufacturing, but it does not explicitly discuss transferable models to manufacturing."
2MTPHRVL,Exclude,E5,100,The abstract describes a literature review/survey without own contribution
2NKN9IEA,Exclude,E2,100,"The abstract is about a deep learning-based intrusion detection framework for IoT environments, which is outside the manufacturing domain."
2NWKUL9L,Exclude,E2,100,"The abstract explicitly states that the application is outside manufacturing (network security), but mentions transferable models to manufacturing."
2PHY5J39,Include,,80,"The abstract discusses federated learning in the context of smart manufacturing, addressing a challenge relevant to our review scope."
2T49YMK6,Exclude,E2,80,"The abstract discusses a Knowledge Distillation framework in IoT systems, which is outside the manufacturing domain."
2THEEY5F,Exclude,E2,80,"The abstract discusses federated learning in a closed-loop supply chain context, which is outside manufacturing unless they explicitly discuss transferable models to manufacturing."
2TX8U9DR,Exclude,E2,100,"The abstract discusses the application of federated learning in wireless telecommunications networks, which is outside manufacturing."
2VJLTSZ3,Exclude,E2,80,"The abstract discusses a model for handling concept drift in data streams, but does not mention manufacturing or any transferable models to the field."
2WRYVG65,Exclude,E2,100,"The abstract discusses the sixth-generation (6G) mobile network and its features, which is outside of manufacturing."
2X2PAS8V,Exclude,E2,100,"The abstract discusses AI of things in general, not specifically federated learning in manufacturing."
2X9JMHT4,Exclude,E2,80,"The abstract discusses a federated learning application outside manufacturing (healthcare), specifically in water treatment facilities."
2XJ7KU9A,Exclude,E2,80,"The abstract discusses a model for assessing intelligent manufacturing systems, but it does not mention federated learning or its application in manufacturing."
2XJUL2WR,Exclude,E2,100,"The abstract discusses anomaly detection and dropout rate estimation in 6G communication networks, which is outside the manufacturing industry."
2XKF3RWQ,Exclude,E2,80,The abstract discusses federated learning in IoT applications outside manufacturing.
2Y55ZF6B,Exclude,E2,100,"The abstract discusses IIoT security solutions, not federated learning in manufacturing."
32W3PSU3,Exclude,E2,100,"The abstract discusses wireless communication networks and their future developments, which is outside the scope of manufacturing."
32WN6AM2,Exclude,E2,100,"The abstract discusses federated learning in aquaculture, which is outside the manufacturing industry."
34Z6ZW3P,Include,,80,"The abstract discusses federated learning in manufacturing, specifically introducing a benchmark for VFL focused on smart manufacturing."
357F638V,Exclude,E2,80,"The abstract discusses an application of federated learning outside manufacturing (anomaly detection in industrial systems), unless the transferable models to manufacturing are explicitly discussed."
36MI3LMS,Exclude,E2,80,"The abstract mentions application of federated learning to construction safety, which is outside the manufacturing industry."
37CMCIVF,Exclude,E2,80,"The abstract discusses federated deep reinforcement learning in metropolitan edge-to-cloud networks, which is outside the manufacturing industry."
37H9BF86,Exclude,E2,80,"The abstract discusses federated learning in vehicular ad hoc networks (VANETs), industrial IoT (IIoT), and autonomous systems, which are outside the manufacturing industry."
39JIYCGS,Exclude,E5,100,The abstract describes a literature review/survey without own contribution
3AEYU2LJ,Exclude,E2,100,"The abstract discusses European data space architectures for secure and efficient data sharing in the digital economy, which is outside of manufacturing."
3B4C2K2C,Exclude,E2,80,"The abstract discusses applications of Smart Digital Twins outside manufacturing (medicine, engineering, education), but does not explicitly discuss transferable models to manufacturing."
3B4N2A6I,Exclude,E2,100,"The abstract discusses AI in manufacturing, but it is focused on Human-Robot Interaction (HRI) and does not mention federated learning or transferable models to manufacturing."
3D763AVG,Exclude,E2,100,"The abstract discusses a federated learning application in the context of cybersecurity, which is outside manufacturing."
3ER8TQF6,Exclude,E2,80,"The abstract discusses a data recovery algorithm for sensor data, which is not directly related to federated learning in manufacturing."
3GFG46MS,Exclude,E2,80,"The abstract discusses FL application outside manufacturing (healthcare, finance, etc.)"
3J4WCN7B,Exclude,E2,100,"The abstract discusses Wireless Sensor Networks (WSNs) in military and civilian scenarios, which is outside the manufacturing industry."
3J7Z78H2,Exclude,E2,100,"The abstract discusses the evolution of industrial manipulators in manufacturing, but it is a literature review/survey without own contribution"
3JBJKKI9,Exclude,E2,100,"The abstract discusses the application of HCs and blockchain technology to IoT ecosystems, which is outside manufacturing unless they explicitly discuss transferable models to manufacturing."
3JNBH44M,Exclude,E2,80,"The abstract discusses a Federated Machine Learning application in the Industrial Internet of Things (IIoT), which is outside manufacturing unless they explicitly discuss transferable models to manufacturing."
3JQ83E28,Exclude,E2,100,"The abstract discusses the application of agentic Artificial Intelligence to various domains, but does not explicitly mention manufacturing or transferable models to manufacturing."
3KAIZA5P,Include,,80,"The abstract discusses a real industrial application of federated learning in fault diagnosis, which is relevant to manufacturing."
3KFSY2GU,Exclude,E2,100,"The abstract discusses federated learning in the context of IIoT, but it is not a manufacturing industry application."
3L2Q2PAL,Exclude,E2,100,"The abstract discusses Federated Reinforcement Learning (FRL) in transportation and robotics, which is outside the manufacturing domain."
3MIXZYQX,Exclude,E2,80,"The abstract discusses the application of adaptive learning paths in industrial production, which is outside the manufacturing domain."
3MKWPQ9A,Exclude,E2,100,"The abstract discusses applications of big data in healthcare, not manufacturing."
3N52CEQW,Exclude,E2,100,"The abstract discusses the integration of UGVs and UAVs in autonomous system coordination, which is outside manufacturing."
3NA4HRIP,Exclude,E2,100,"The abstract discusses blockchain technology for unmanned aerial vehicle (UAV) swarms in a military context, which is outside the manufacturing industry."
3NQATZ2K,Exclude,E2,100,"The abstract discusses a literature review/survey on electrical machines in the context of renewable energy, which is outside the manufacturing domain."
3NR3BL4V,Exclude,E2,100,The abstract explicitly discusses FL application in healthcare (Healthcare 5.0 paradigm) rather than manufacturing.
3QCJW2ZN,Exclude,E2,100,"The abstract discusses an application of federated learning outside manufacturing (in-vehicle buses and cloud environments), which matches exclusion criterion E2."
3R5Q3CEG,Exclude,E2,100,"The abstract discusses Human-Robot Collaboration in industrial and service systems, which is outside the manufacturing scope of the review."
3SEVF3Q5,Exclude,E2,80,"The abstract discusses AI-driven approaches in the context of electric vehicle batteries, which is outside manufacturing unless they explicitly discuss transferable models to manufacturing"
3T28EMM5,Exclude,E2,80,"The abstract explicitly states that the application is in healthcare, which falls under E2."
3V495KCY,Exclude,E2,100,"The abstract discusses Industry 5.0, which is outside manufacturing unless they explicitly discuss transferable models to manufacturing."
3VTVX7KT,Exclude,E5,100,The abstract describes a literature review/survey without own contribution
3XX42HSH,Exclude,E2,100,"The abstract discusses blockchain technology in the garment industry, which is outside manufacturing unless they explicitly discuss transferable models to manufacturing."
3ZNZI24I,Exclude,E2,80,"The abstract discusses a deep learning-based approach to enhance security in Cyber-Physical Systems (CPS) for Industry 5.0 applications, which is outside the manufacturing domain."
44ISBVAT,Exclude,E2,100,"The abstract discusses federated learning in IoT environments for cybersecurity, which is outside manufacturing unless they explicitly discuss transferable models to manufacturing."
44N786HD,Exclude,E2,100,"The abstract discusses a federated trust management system for 5G networks, which is outside the manufacturing industry."
45B77XVJ,Exclude,E2,100,"The abstract discusses an intrusion detection system in cybersecurity, which is outside the manufacturing industry."
48GIQUWN,Exclude,E2,100,The abstract discusses IoT network security and does not mention manufacturing.
48UIHVFJ,Exclude,E2,80,"The abstract mentions application scenarios such as industrial IoT, which is outside the manufacturing domain unless they explicitly discuss transferable models to manufacturing."
48ZYDTJZ,Exclude,E2,100,"The abstract discusses a method for anomaly detection in server performance, which is outside the manufacturing domain."
4B7YECQB,Exclude,E2,80,"The abstract discusses a cyber-physical system in logistics, which is outside the manufacturing domain."
4BAKJUXV,Exclude,E2,100,"The abstract is about airports and cyberattacks, which is outside the manufacturing industry."
4BWNRBJM,Exclude,E2,80,The abstract discusses federated learning application outside manufacturing (IoT systems) without mentioning transferable models to manufacturing.
4BZ8BBQE,Exclude,E2,100,"The abstract discusses a cybersecurity framework for IoT security in smart cities, which is outside the manufacturing domain."
4EY4QWCA,Exclude,E2,100,"The abstract is about cybersecurity solutions in machine learning, not manufacturing."
4FBSG7NP,Exclude,E2,80,The abstract discusses federated learning in IoT applications outside manufacturing.
4FPGZMH3,Exclude,E2,80,"The abstract discusses a literature review on edge- and cloud-based collaborative learning frameworks for predictive maintenance and smart manufacturing tasks, but it does not explicitly discuss transferable models to manufacturing."
4GDX64AJ,Exclude,E2,80,"The abstract mentions anomaly detection in smart manufacturing, but the focus is on edge computing and data privacy rather than federated learning in a traditional manufacturing context."
4J4EEP2K,Exclude,E2,100,"The abstract discusses a framework for intelligent resource management in 6G wireless networks, which is outside the manufacturing industry."
4KLE3W56,Exclude,E2,80,"The abstract discusses a framework for inter-organizational knowledge flow and agent collaborative decision-making in complex environments, which is outside the manufacturing domain."
4KRI39WG,Exclude,E2,100,"The abstract discusses AI and communication for 6G networks, which is outside the manufacturing industry."
4LEPAMPV,Exclude,E2,100,"The abstract discusses Federated Learning in the context of e-learning platforms, which is outside manufacturing unless they explicitly discuss transferable models to manufacturing."
4LFGAPQC,Exclude,E2,80,"The abstract discusses federated learning in the context of telecom analytics solutions, which is outside manufacturing unless they explicitly discuss transferable models to manufacturing."
4M5ZGUJ4,Exclude,E2,80,"The abstract discusses a federated learning application outside manufacturing (smart homes), but does not explicitly discuss transferable models to manufacturing."
4M9K568Y,Exclude,E2,100,"The abstract discusses cybersecurity threats in high-speed trains, which is outside the manufacturing industry."
4MDJGQEP,Exclude,E2,100,"The abstract is about malware detection in Android-based IoT devices, which falls outside the manufacturing industry."
4NKRHVZL,Exclude,E2,100,"The abstract discusses localization in Wireless Sensor Networks for applications outside manufacturing (healthcare, environmental monitoring, etc.), which does not match the review scope."
4NS62PG3,Exclude,E2,80,"The abstract discusses an application of federated learning in manufacturing, but the focus is on AGV scheduling rather than FL itself."
4QGK3K5L,Include,,90,"The abstract discusses a federated learning method in a multi-center scenario, addressing data heterogeneity and privacy protection, which is relevant to manufacturing industries."
4S5W5KAH,Exclude,E2,80,The abstract mentions healthcare as an example of a sensitive data-driven industrial scenario where federated learning is applied.
4T5I4QMZ,Exclude,E2,100,"The abstract itself provides clear evidence that the application is outside manufacturing (healthcare/transportation), unless they explicitly discuss transferable models to manufacturing which is not the case here."
4T9G6G2T,Exclude,E2,80,"The abstract discusses a method for evaluating cloud manufacturing services, which is outside the scope of federated learning in manufacturing."
4UGBIT8Z,Exclude,E2,100,"The abstract discusses edge computing in the context of sixth-generation wireless communication, which is outside the manufacturing industry."
4WPZLQL4,Exclude,E2,100,"The abstract itself provides clear evidence for E2: FL application outside manufacturing (healthcare, finance, etc.) unless they explicitly discuss transferable models to manufacturing"
4X4PPHD4,Include,,100,The paper explicitly discusses a transferable model to manufacturing.
52GHRF9H,Include,,50,"The abstract discusses federated learning in an industrial environment, which is relevant to the review scope."
53NFSG9J,Exclude,E2,80,"The abstract discusses a federated edge intelligence framework for IoT networks in smart environments, which is outside the manufacturing industry."
56ZPCH43,Exclude,E2,100,"The abstract discusses IIoT security and anonymity-based privacy-preserving strategy for robot systems in fog-based IIoT, which is outside the manufacturing domain."
572Z2QKW,Exclude,E2,80,"The abstract discusses a federated learning application in the context of space security, which is outside manufacturing unless they explicitly discuss transferable models to manufacturing."
575HLE3R,Exclude,E2,100,"The abstract itself states that the application is in chemical engineering construction projects, which is outside manufacturing unless they explicitly discuss transferable models to manufacturing."
57BNTSI2,Exclude,E2,100,"The abstract discusses fog computing and task offloading in general, without any mention of manufacturing or transferable models to manufacturing."
57EFH5LT,Exclude,E2,80,"The abstract discusses an application of federated learning outside manufacturing (IoT security), but does not explicitly discuss transferable models to manufacturing."
57WXARML,Exclude,E2,100,The abstract itself explicitly states that the application is in healthcare.
59BGU88J,Exclude,E2,100,"The abstract discusses the application of Unmanned Aerial Systems (UAS) for power transmission line inspection, which is outside the manufacturing industry."
59PSK3GI,Exclude,E2,100,"The abstract discusses intrusion detection in IoT environments, which is outside the manufacturing domain."
5A33MZ8Z,Exclude,E2,80,"The abstract discusses a decentralized federated learning application in smart cities, which is outside the manufacturing industry."
5ADT647V,Exclude,E2,80,"The abstract discusses a framework for intelligent building energy consumption assessment in industrial and urban environments, which falls outside the review scope of manufacturing industries."
5AP52GAZ,Exclude,E2,80,"The abstract discusses resource management in computing, which is outside the manufacturing domain."
5B32LWAB,Exclude,E2,100,"The abstract discusses AI applications in the food industry, which is outside manufacturing."
5C7ZLYAZ,Exclude,E2,80,"The abstract discusses a Federated Learning model for intrusion detection in Edge Computing and Industrial IoT, which is outside the manufacturing domain."
5CBP4UP8,Exclude,E2,100,"The abstract discusses an intrusion detection framework for IoT devices in various industries including healthcare and smart cities, indicating a non-manufacturing application with transferable models to manufacturing."
5CFBEZH2,Exclude,E2,100,"The abstract discusses applications in healthcare and industrial automation, indicating that the FL application is outside manufacturing unless they explicitly discuss transferable models to manufacturing."
5DG2XSSU,Exclude,E2,100,The abstract discusses a general paradigm shift in AI/DS and does not mention manufacturing or any transferable models to it.
5DTBDXBE,Exclude,E2,80,"The abstract states that the application is in a manufacturing facility, but it also mentions 'centralized cloud server' which suggests data centralization."
5E4XJI24,Exclude,E5,80,The abstract describes a literature review/survey without own contribution
5E8ALEYE,Exclude,E2,80,"The abstract discusses distributed edge–cloud computing systems in innovative city development, which is outside the manufacturing industry."
5EF8ULPT,Include,,90,The abstract describes a federated learning approach specifically designed for industrial defect detection in manufacturing environments.
5ER4X4Z8,Exclude,E2,80,"The abstract states that the application is in IIoT, which is outside manufacturing unless they explicitly discuss transferable models to manufacturing."
5H4XKF9B,Include,,80,"The abstract discusses a real, applied implementation of federated learning in an industrial sector, specifically addressing communication latency and channel noise issues."
5JLFAQ8L,Exclude,E2,100,"The abstract discusses intrusion detection in network data analysis, which is outside the manufacturing industry."
5JZJSNWT,Exclude,E2,80,"The abstract discusses a Blockchain-based decentralized framework for Industry 4.0 use cases, which is outside the manufacturing domain unless they explicitly discuss transferable models to manufacturing."
5K4SAGSI,Exclude,E2,100,"The abstract discusses federated learning in the context of IIoT networks and smart factories, but it is not a manufacturing industry application."
5MC2PIWN,Exclude,E2,80,"The abstract mentions applications in manufacturing, but the main focus is on air quality prediction for smart cities, which is outside the review scope."
5MMYVF4V,Exclude,E2,100,The abstract discusses satellite-based MEC for IIoT applications outside manufacturing.
5NJTQ6RP,Exclude,E2,100,"The abstract discusses intrusion detection in the Internet of Things (IoT) ecosystem, which is outside manufacturing."
5PHMCM9N,Exclude,E2,100,"The abstract discusses a literature review/survey on explainable artificial intelligence in general, without any mention of manufacturing or transferable models to manufacturing."
5PM58E4D,Include,,80,"The abstract discusses a real applied implementation of federated learning in an industrial setting, specifically the Industrial Internet of Things (IIoT) use case."
5QEBGXPD,Exclude,E2,80,"The abstract mentions healthcare as an industry benefiting from the proposed framework, which is outside the review scope unless they explicitly discuss transferable models to manufacturing."
5RJNSLXF,Exclude,E2,100,"The abstract discusses federated learning in a smart city setup for network attack detection and classification, which is outside the manufacturing industry."
5RZDFDQW,Exclude,E2,80,"The abstract discusses FL in industry 4.0, but the focus is on formal verification and not a real-world implementation of FL in manufacturing."
5SDCXNME,Exclude,E2,80,The abstract discusses FL in IoT applications outside manufacturing.
5SPVQ2IW,Exclude,E2,100,"The abstract is about nanomedicine applications in healthcare, not manufacturing."
5VIVTSFD,Exclude,E2,100,"The abstract discusses a bibliometric analysis of adoptive cell therapy in triple-negative breast cancer, which is outside the manufacturing industry."
5W4XGCMF,Exclude,E2,100,"The abstract discusses the application of blockchain technology and quantum neural networks in agriculture, which is outside the scope of manufacturing."
5W9FXHX6,Exclude,E2,80,The abstract explicitly states that the application is in healthcare surveillance.
5WVF7ZBI,Exclude,E2,80,"The abstract discusses the application of federated learning outside manufacturing (industry operations), and does not explicitly discuss transferable models to manufacturing."
5YB85U4Q,Exclude,E2,80,"The abstract discusses a framework for adaptive batch-stream data analytics in IoT networks, which is outside the manufacturing domain."
5YIL5GTQ,Exclude,E2,100,"The abstract discusses applications in manufacturing, but it is a literature review/survey without own contribution"
5ZD9PVUD,Exclude,E2,80,"The abstract discusses federated learning in IoT environments, which is outside manufacturing unless they explicitly discuss transferable models to manufacturing"
62TCJ6XG,Exclude,E2,80,"The abstract explicitly discusses FL application in healthcare and mentions intelligent manufacturing as a sector where LLMs have transformative applications, but does not discuss transferable models to manufacturing."
63B5NNQ4,Exclude,E2,100,"The abstract discusses a federated learning application in IoT network security, which is outside the manufacturing domain."
63NYZD7B,Exclude,E2,100,"The abstract discusses IoT security using ML classifiers, which is outside the manufacturing domain."
64H7TA4E,Exclude,E2,80,"The abstract discusses UAV operations optimization using edge computing and AI algorithms, but does not mention federated learning or its application in manufacturing."
65DDBJKI,Exclude,E2,80,"The abstract discusses a Federated Learning application in the Internet of Things (IoT) domain, which is outside manufacturing."
6639PZMG,Exclude,E2,80,"The abstract mentions application to healthcare, smart cities, and industrial IoT, which are outside manufacturing unless they explicitly discuss transferable models to manufacturing."
68294HM4,Exclude,E2,100,"The abstract discusses blockchain technology for swarm robotics, which is outside the manufacturing domain."
68RJ8HHW,Include,,80,"The abstract discusses federated learning in a general sense, but then focuses on its application to manufacturing by using tensor networks and quantum-inspired principles."
69CPLI8L,Exclude,E2,100,"The abstract discusses applications of reinforcement learning in the Metaverse, which is outside manufacturing."
6B9IX6HC,Exclude,E2,80,"The abstract mentions application in fields such as healthcare, financial risk control, and intelligent manufacturing."
6C48SSQS,Exclude,E2,80,"The abstract discusses a federated governance architecture for SMEs in the context of Society 5.0 and cybersecurity, which is outside manufacturing unless they explicitly discuss transferable models to manufacturing."
6DLNEIUD,Exclude,E2,100,"The abstract discusses wireless communication systems and spectrum prediction technology, which is outside the manufacturing industry."
6EV2PJ7Z,Exclude,E2,80,The application is outside manufacturing
6G6XVX9S,Exclude,E2,100,"The abstract discusses the application of Explainable AI (XAI) and legal framework in addressing issues related to fault diagnosis of autonomous UAV systems, which is outside the manufacturing industry."
6G9SZ23T,Exclude,E2,100,"The abstract discusses a federated learning application outside manufacturing (power grid supply chain), unless they explicitly discuss transferable models to manufacturing"
6IVXL87Q,Exclude,E2,100,"The abstract discusses federated learning in the context of electric vehicles and microgrids, which is outside the manufacturing industry."
6J7QVBUM,Exclude,E2,100,"The abstract discusses IoT cybersecurity in smart cities, healthcare, and industrial automation, which is outside the manufacturing scope of the review."
6KZ4S6MQ,Exclude,E2,100,"The abstract discusses a reinforcement learning model in IoT environments, but does not mention transferable models to manufacturing."
6LBVUR9C,Exclude,E2,100,"The abstract discusses the application of ensemble machine learning methods for IoT cybersecurity, which is outside manufacturing unless they explicitly discuss transferable models to manufacturing."
6LFRZWN3,Exclude,E2,100,"The abstract discusses the application of federated learning in IoT networks to detect DDoS attacks, which is outside the manufacturing domain."
6LIJXYS9,Exclude,E2,100,"The abstract discusses IoT systems and their reliability issues, but does not mention federated learning in manufacturing."
6M4RWLJS,Include,,80,The abstract discusses the potential of federated learning in Industry 4.0 and proposes a multi-level framework for its implementation.
6PMZSERN,Exclude,E2,80,The abstract discusses FL applications outside manufacturing unless they explicitly discuss transferable models to manufacturing.
6SGHCCG5,Exclude,E2,100,"The abstract discusses a literature review/survey on industrial image anomaly detection, which is outside the scope of federated learning in manufacturing."
6TRTUSMS,Exclude,E2,80,"The abstract discusses FL in the context of CPS across various sectors including manufacturing, but focuses on its application for cybersecurity rather than a real implementation in manufacturing."
6UQETPVH,Exclude,E2,100,"The abstract discusses federated learning in the context of social media content moderation and Industry 5.0, which is outside manufacturing unless they explicitly discuss transferable models to manufacturing."
6X43DA6S,Exclude,E5,100,The abstract describes a literature review/survey without own contribution
6X4KRE5V,Exclude,E2,80,"The abstract discusses federated learning in the context of IIoT intrusion detection, which is outside manufacturing unless they explicitly discuss transferable models to manufacturing."
6X7TBGXE,Exclude,E2,80,"The abstract discusses federated learning in IIoT, which is outside manufacturing unless they explicitly discuss transferable models to manufacturing."
6YHWPKID,Exclude,E2,100,"The abstract discusses the application of IoT technologies and related regulations in various domains, but does not mention manufacturing or transferable models to manufacturing."
6YLBRS2K,Exclude,E2,80,"The abstract mentions applications outside manufacturing (healthcare, finance, etc.)"
6YLG6UUS,Exclude,E2,100,"The abstract explicitly states that the application is outside manufacturing (earth exploration and coastal monitoring), so exclusion criterion E2 applies."
73WGXRXM,Exclude,E2,80,"The abstract discusses predictive maintenance in smart manufacturing, but does not explicitly discuss transferable models to the manufacturing industry."
74VX42V2,Exclude,E2,100,"The abstract discusses a federated learning application in agriculture, which is outside the review scope of manufacturing unless they explicitly discuss transferable models to manufacturing."
755MDMKG,Exclude,E2,100,The abstract discusses a federated learning application outside manufacturing (cybersecurity) without mentioning transferable models to manufacturing.
76GYPQP2,Exclude,E2,100,"The abstract discusses a scheduling problem in manufacturing systems, but does not mention federated learning."
76U73HEM,Exclude,E2,100,"The abstract discusses a survey on blockchain-enabled intrusion detection systems in IoT and IIoT environments, which is outside the manufacturing domain."
78UVWHIL,Exclude,E2,100,"The abstract discusses federated learning as one of several approaches to balance robust security with optimal performance in IoT ecosystems, but it is a literature review/survey without own contribution and the application is outside manufacturing."
78W252KB,Exclude,E2,80,The abstract discusses FL application outside manufacturing (healthcare is not explicitly mentioned but the context suggests it's related to mobile AI security and on-device intelligence which is more relevant to healthcare or finance rather than manufacturing)
78ZW3WB7,Exclude,E2,100,The abstract explicitly states that the application is in healthcare (IoT-ecosystem) and does not discuss transferable models to manufacturing.
7AJK687B,Exclude,E5,100,The abstract describes a literature review/survey without own contribution
7CCRR6RU,Exclude,E2,100,"The abstract discusses Green AI in general, without any mention of manufacturing or transferable models to manufacturing."
7DT5ZU9H,Exclude,E2,100,"The abstract discusses IoMT devices in healthcare, which is outside the review scope of manufacturing."
7EHGZURW,Include,,80,"The abstract discusses federated learning in the context of Industrial Internet of Things (IIoT) and manufacturing, which is relevant to the review's focus on real-world implementations of FL in manufacturing."
7GGF3HZQ,Exclude,E2,80,"The abstract discusses a Federated Edge Knowledge Distillation framework for IoT networks, which is outside the manufacturing industry."
7GKI8GF5,Exclude,E2,80,The abstract discusses federated learning application outside manufacturing (healthcare) unless they explicitly discuss transferable models to manufacturing
7GVUUJV2,Exclude,E2,100,"The abstract itself provides clear evidence for E2: FL application outside manufacturing (healthcare, finance, etc.)"
7HUMBYEK,Include,,80,"The abstract discusses federated learning in manufacturing, specifically for predictive maintenance applications."
7HYIR8H8,Exclude,E2,100,"The abstract discusses AI workflows and edge devices, but does not mention manufacturing or transferable models to manufacturing."
7HZVDDKU,Exclude,E2,80,"The abstract discusses a blockchain-assisted safe data-sharing mechanism for the Industrial Internet of Things (IIoT) in industry, which is outside the review scope of federated learning in manufacturing."
7I42W4ZX,Exclude,E2,80,The abstract discusses an application outside manufacturing (healthcare is not mentioned but the focus on 5G radio manufacturing and Ericsson AB’s production line suggests it is in a different industry)
7KVJK3MG,Exclude,E2,100,"The abstract discusses federated learning in a clinical trial context, which is outside the manufacturing industry."
7KYBJ763,Include,,80,The abstract discusses a federated learning method for personalized manufacturing service composition recommendation in an industrial Internet platform.
7LMUBFN2,Exclude,E2,80,"The abstract discusses federated learning in smart grids, which is outside the manufacturing industry."
7LN3M5NV,Exclude,E2,100,"The abstract discusses film and television script creation, which is outside manufacturing."
7M44E832,Exclude,E2,100,"The abstract discusses Wire Arc Additive Manufacturing (WAAM) and its applications across various industries, but does not mention federated learning or transferable models to manufacturing."
7MELZFN2,Exclude,E2,100,"The abstract discusses Industry 5.0 in general, without any mention of federated learning or its application to manufacturing."
7MF3IPHD,Exclude,E2,100,"The abstract discusses a blockchain-based system for pandemic alerting and monitoring in healthcare, which is outside the manufacturing domain."
7Q6G3EUU,Exclude,E2,100,"The abstract discusses predictive methods and cybersecurity frameworks in Industry 4.0 manufacturing systems, which is outside the scope of federated learning in manufacturing."
7QDSEDDL,Exclude,E2,80,"The abstract discusses federated data exchange in the context of smart cities, which is outside manufacturing unless they explicitly discuss transferable models to manufacturing."
7QF737CS,Exclude,E2,100,"The abstract discusses rehabilitation framework for aging concrete infrastructure, which is outside the scope of manufacturing."
7QX8DMMM,Exclude,E2,80,The abstract discusses FL application outside manufacturing (healthcare and industrial automation) unless they explicitly discuss transferable models to manufacturing
7T799ZFR,Exclude,E5,100,The abstract describes a literature review/survey without own contribution
7UPRWUX3,Exclude,E2,100,The abstract discusses DDI systems and their applications outside manufacturing.
7VAIU7XZ,Exclude,E2,100,"The abstract discusses blockchain technology in cloud computing, which is outside the manufacturing domain."
7WBD45KG,Exclude,E2,80,"The abstract discusses a Hybrid Cloud-Edge architecture for IoT data processing, which is outside the manufacturing domain."
7X3P7VM9,Exclude,E2,100,"The abstract discusses electric vehicles in the context of smart grids and cybersecurity, which is outside the manufacturing industry."
7XKKMQ4W,Include,,100,"The abstract discusses the application of federated learning in manufacturing environments, which matches the review scope."
7Z2I4CQ5,Exclude,E2,80,"The abstract discusses a privacy-preserving computing architecture in general, without any mention of manufacturing or transferable models to manufacturing."
7Z773XEB,Exclude,E2,100,"The abstract discusses AI and ML applications in cybersecurity, which is outside the manufacturing domain."
7Z8J33Y7,Exclude,E2,100,"The abstract discusses a Personal Health Train (PHT) application in healthcare, which is outside the manufacturing scope of this review."
7ZP4PJB7,Exclude,E2,100,"The abstract is about AI applications in cancer theranostics through nanoparticles, which is outside the manufacturing industry."
848UX4HG,Exclude,E2,80,"The abstract explicitly states that the application is in healthcare, not manufacturing."
887JQIZG,Exclude,E2,100,"The abstract discusses a Hybrid Fog-Edge Computing Architecture for real-time health monitoring in IoMT systems, which is outside the manufacturing industry."
88DK7R3W,Exclude,E2,80,"The abstract mentions applying federated learning to the medical industry, which is outside manufacturing unless they explicitly discuss transferable models to manufacturing."
88M5GN9Y,Include,,100,"The abstract discusses a manufacturing application of federated learning, specifically in the context of collaborative robotic sorting."
88NZWTSE,Exclude,E2,100,"The abstract discusses blockchain and AI in the context of smart grid security, which is outside manufacturing."
88VVYXND,Exclude,E2,100,"The abstract discusses fog computing for smart factories and IIoT applications, which is outside the manufacturing domain."
8A4HUC3F,Exclude,E2,100,"The abstract discusses data platforms and fabrics as centralized structures, which is outside the scope of federated learning in manufacturing."
8AJUPJ7A,Exclude,E2,80,"The abstract discusses federated reinforcement learning in a communication network and smart grid, which is outside manufacturing unless they explicitly discuss transferable models to manufacturing."
8CD5DXIW,Exclude,E2,100,"The abstract discusses a data security storage and transmission system tailored for AI computing environments, with no mention of federated learning or manufacturing."
8CEPY2NF,Exclude,E2,100,The abstract discusses an Industrial Wireless Sensor Network (IWSN) and does not mention federated learning or manufacturing.
8FKFKFFY,Exclude,E2,100,"The abstract discusses conflict resolution for IoT transactions, which is outside the manufacturing domain."
8GFTKXH2,Exclude,E2,100,The abstract discusses healthcare services and technologies outside manufacturing.
8HCIHMQ3,Exclude,E2,80,"The abstract discusses an application of federated learning outside manufacturing (healthcare is implied by the context), and does not explicitly discuss transferable models to manufacturing."
8I4UGWA5,Exclude,E2,100,"The abstract discusses federated learning in a non-manufacturing context (cybersecurity), and the application is not explicitly discussed as being transferable to manufacturing."
8I75ICB4,Exclude,E2,100,"The abstract explicitly states that the application is outside manufacturing (healthcare/finance), and there is no mention of transferable models to manufacturing."
8KC4HHKR,Include,,100,"The abstract discusses federated learning in a manufacturing context, specifically mentioning real-world medical and industrial applications."
8NDJCVLJ,Exclude,E2,100,"The abstract discusses machine learning applications in the financial sector, which is outside the review scope of manufacturing unless they explicitly discuss transferable models to manufacturing."
8PLE3L8Z,Exclude,E2,100,"The abstract discusses applications in electronics, robotics, and biomedicine, which are outside the manufacturing industry."
8QDEPGCS,Exclude,E2,100,"The abstract discusses FL application outside manufacturing (healthcare systems) unless they explicitly discuss transferable models to manufacturing, which is not the case here."
8QSQ66SA,Exclude,E2,100,"The abstract discusses edge computing and its commercialization, but does not mention manufacturing or federated learning in the context of manufacturing."
8RGS8JGT,Exclude,E2,80,"The abstract discusses an application outside manufacturing (healthcare is implied by the gas-industry IIoT context), and there is no mention of transferable models to manufacturing."
8RZILKWQ,Exclude,E2,100,The abstract discusses application of FL in healthcare (IIoT) rather than manufacturing.
8S7KYCVS,Exclude,E2,100,"The abstract discusses a healthcare-related application of federated learning, but does not explicitly discuss transferable models to manufacturing."
8TEPDNDH,Exclude,E2,100,"The abstract discusses a cyberattack detection system for IoT applications in smart cities and industrial settings, which is outside the manufacturing domain."
8UMRZK8A,Exclude,E2,80,"The abstract discusses a model for detecting botnets in an IIoT environment, which is outside the manufacturing domain."
8V5PMB9C,Exclude,E2,100,"The abstract discusses federated learning in the context of IoT DDoS detection, which is outside manufacturing."
8Z8TUABA,Exclude,E2,100,"The abstract discusses a cybersecurity framework for smart cities, which is outside the manufacturing industry."
9235KUH7,Exclude,E2,100,"The abstract discusses an application outside manufacturing (healthcare, industrial domains) unless they explicitly discuss transferable models to manufacturing"
927AJNXE,Exclude,E2,80,"The abstract discusses the application of holonic systems to various domains including mobility, smart territories, and enterprise ecosystems, but does not explicitly discuss transferable models to manufacturing."
92TNXRMU,Exclude,E2,100,"The abstract discusses federated learning in the context of natural gas pipeline safety and leak detection, which is outside manufacturing."
94L5WK8E,Exclude,E2,100,The abstract explicitly discusses FL application outside manufacturing (healthcare) unless they explicitly discuss transferable models to manufacturing.
97IWVD3L,Exclude,E2,80,"The abstract discusses a blockchain-based architecture for intelligent manufacturing systems, which is outside the scope of federated learning in manufacturing."
988HMSVR,Exclude,E2,100,"The abstract discusses a digital twin-based system for entrepreneurial ventures in university student projects, which is outside the manufacturing industry."
98CAPWTD,Include,,80,"The abstract discusses federated learning in the context of Industry 4.0 and asset management, which is relevant to manufacturing."
98H3VQ95,Exclude,E2,100,"The abstract discusses federated learning in the context of fluid transportation and leak detection, which is outside manufacturing."
9AXEZCJQ,Exclude,E2,100,"The abstract discusses applications outside manufacturing (healthcare, finance, etc.)"
9B77YY88,Exclude,E2,100,"The abstract discusses a blockchain system for IoT and smart cities, which is outside the manufacturing domain."
9BQPDEGH,Exclude,E2,100,"The abstract discusses federated learning in the context of intelligent transportation systems and vehicular networks, which is outside the manufacturing industry."
9EF43QF9,Exclude,E2,80,"The abstract explicitly states that the FL application is in the chemical industry, which is outside manufacturing unless they discuss transferable models to manufacturing."
9GA3C7CH,Exclude,E2,80,"The abstract discusses FL in multiple industries including manufacturing, but the focus is on a general vision and overview rather than real applied implementations."
9HRC7YX6,Include,,80,"The abstract discusses federated learning in industrial applications, specifically addressing security threats and mitigation strategies."
9HVH64R8,Include,,80,"The abstract discusses a decentralized, self-sovereign concept of federated learning for the manufacturing industry."
9HY282ZP,Exclude,E2,100,"The abstract discusses malware attacks on IIoT systems, which is outside the manufacturing domain."
9KEMGNLJ,Exclude,E2,100,"The abstract discusses a security architecture for cloud-fog networks, which is outside the manufacturing domain."
9LUHWTFW,Exclude,E2,80,"The abstract discusses federated learning applications outside manufacturing (healthcare/IoT environments), but does not explicitly discuss transferable models to manufacturing."
9NKIZJ2W,Exclude,E2,80,"The abstract mentions application in manufacturing, but the introduction also lists other fields like biology and environmental science."
9NRUGEZA,Exclude,E2,100,"The abstract discusses the application of a scheduling method in 5G networks for emergency services, which is outside the manufacturing industry."
9UARHU5R,Exclude,E2,100,"The abstract discusses applications of deep learning in healthcare (COVID-19 pandemic), which is outside the manufacturing industry."
9UH4Y4QE,Exclude,E2,100,"The abstract discusses a federated learning application in building energy management, which is outside the manufacturing industry."
9V7NMWKG,Exclude,E2,100,"The abstract discusses an application of federated learning in healthcare, not manufacturing."
9VAE4HII,Exclude,E2,80,"The abstract mentions FL application in healthcare and smart manufacturing, which are outside the review scope unless they explicitly discuss transferable models to manufacturing"
9VWM687T,Exclude,E2,100,"The abstract itself provides clear evidence for E2: FL application outside manufacturing (healthcare, finance, etc.) unless they explicitly discuss transferable models to manufacturing"
9W6EAN57,Exclude,E2,80,"The abstract discusses federated learning in Industry 4.0, but the focus is on mitigating privacy breaches and using blockchain technology for secure data storage, rather than a real implementation of FL in manufacturing."
9X7ACWGD,Exclude,E2,80,"The abstract discusses FL application in cybersecurity, not manufacturing."
9XKXTI6A,Exclude,E2,100,The abstract discusses a financial system application without mentioning transferable models to manufacturing.
9YTN3PS4,Exclude,E2,80,The abstract discusses FL application outside manufacturing (healthcare and finance) without mentioning transferable models to manufacturing.
A2MXP484,Exclude,E2,80,"The abstract discusses federated learning in the context of industrial predictive maintenance, but it is not a manufacturing industry application per se."
A2UHW9VT,Exclude,E2,100,"The abstract discusses IoT forensics and security in various fields, but does not mention federated learning or manufacturing."
A3DCY5W7,Exclude,E2,100,"The abstract discusses the application of zero-click attacks and zero-trust architecture in Android system components and media processing libraries, which is outside the manufacturing industry."
A46N2BN4,Exclude,E2,100,"The abstract discusses an application of federated learning in IoT security, which is outside the manufacturing domain."
A4KXNUSC,Exclude,E2,100,"The abstract discusses applications outside manufacturing (intrusion detection, defect identification, predictive maintenance) unless they explicitly discuss transferable models to manufacturing"
A5BTKNUB,Exclude,E2,100,"The abstract explicitly states that the application is in IIoT and Android malware detection, which falls under healthcare/finance unless they discuss transferable models to manufacturing."
A5GBBYMR,Exclude,E2,100,"The abstract discusses cloud computing and service composition, which is outside the manufacturing domain."
A5GF2M3F,Exclude,E2,80,"The abstract discusses the pharmaceutical ecosystem and NIPTE’s role in addressing ontological fragmentation, which is outside manufacturing."
A5WS6I5N,Exclude,E2,100,"The abstract discusses anomaly detection in VANETs, which is outside the manufacturing industry."
A7E8H8C3,Exclude,E2,100,"The abstract discusses an application of federated learning in Industrial Internet of Things (IIoT) communication security, which is outside the manufacturing domain."
A99SMRDF,Exclude,E2,100,"The abstract itself provides clear evidence that the application is outside manufacturing (healthcare, finance, etc.)"
A9MG9ZMR,Exclude,E2,100,"The abstract discusses AI applications in the circular economy, which is outside manufacturing unless they explicitly discuss transferable models to manufacturing."
AANPKJRI,Exclude,E2,100,"The abstract discusses federated learning in Extended Reality (XR) systems, which is outside the manufacturing industry."
ACF4DZLW,Include,,80,"The abstract discusses the application of federated learning in industrial IoT, which is a manufacturing context."
AEC4Z6UA,Exclude,E2,80,"The abstract discusses the application of federated learning in IoT and smart cities, but it is not a real implementation in manufacturing."
AF2DIAC4,Include,,100,"The abstract discusses a real, applied implementation of federated learning in manufacturing industries."
AFVNVIRN,Exclude,E2,80,"The abstract discusses an application of federated learning in IoT edge computing, which is outside the manufacturing domain."
AHUQHV3E,Include,,80,"The abstract discusses federated learning in the context of manufacturing processes, which is within the review scope."
AI7KLQEL,Exclude,E2,80,"The abstract discusses federated blockchain and machine learning in the context of Industrial Internet of Things (IIoT) security, which is outside manufacturing unless they explicitly discuss transferable models to manufacturing"
AIEZHJKC,Include,,80,The abstract discusses a real application of federated learning in manufacturing.
AILRFYW9,Exclude,E5,100,The abstract describes a literature review/survey without own contribution
AJADN2BP,Exclude,E2,100,"The abstract discusses a collaborative multi-party encryption scheme for energy IoT infrastructures, which is outside the manufacturing domain."
ALAYL6UE,Exclude,E2,100,"The abstract discusses smart city applications of Digital Twins and Federated Learning, but only mentions manufacturing as one possible sector where DTs have been successful."
ALD8HPG5,Exclude,E2,100,"The abstract discusses a platform for agriculture, which is outside manufacturing unless they explicitly discuss transferable models to manufacturing."
ALL2G5GG,Exclude,E2,100,The abstract discusses transportation research outside of manufacturing.
AMS9N2SN,Exclude,E2,80,"The abstract explicitly states that the application is in IIoT systems, which are related to manufacturing, but the focus is on defending against poisoning attacks rather than a real implementation of federated learning."
AMWNCAEJ,Exclude,E2,100,"The abstract discusses federated learning in the context of social media platforms and cybersecurity, which is outside manufacturing unless they explicitly discuss transferable models to manufacturing."
AMYK3236,Exclude,E2,100,"The abstract is about 5G networks and connected vehicles, which is outside the manufacturing industry."
AN73XBRL,Exclude,E2,100,The abstract discusses edge computing and 6G network applications outside manufacturing.
APLJ26U9,Exclude,E2,80,"The abstract explicitly discusses applications in healthcare monitoring and environmental sensing, which are outside manufacturing unless they discuss transferable models to manufacturing."
APM74VA4,Exclude,E2,100,"The abstract discusses Digital Twins in various sectors including healthcare, which is outside the review scope of manufacturing unless they explicitly discuss transferable models to manufacturing."
ARJRP3TR,Exclude,E2,100,"The abstract discusses the application of AI and ML in Fault Detection and Diagnosis for Electric Vehicles, which is outside the manufacturing domain."
ARZUJU6N,Exclude,E2,80,"The abstract explicitly discusses federated learning application outside manufacturing (healthcare, finance, etc.)"
AS6988KE,Exclude,E2,100,"The abstract explicitly discusses FML in healthcare, finance (traffic management), and environmental monitoring, which are outside manufacturing unless they discuss transferable models to manufacturing."
ATCDYK2P,Exclude,E2,100,"The abstract discusses the application of federated learning in transportation manufacturing systems, which is outside the review scope."
AURB5MQE,Exclude,E2,100,"The abstract discusses a systematic literature review of program analysis for distributed systems in general, not specifically in manufacturing."
AVBTI6IM,Exclude,E2,100,"The abstract discusses federated learning applications outside manufacturing (healthcare, finance, etc.)"
AXZ8VX5T,Exclude,E2,100,The abstract discusses an application outside manufacturing (healthcare implied by TinyML and IoT device in industrial context) unless they explicitly discuss transferable models to manufacturing
AYFZ84Y7,Exclude,E2,80,The abstract explicitly mentions FL application in manufacturing as one of the areas where it can solve problems that other PETs are unable to solve.
AYXBV9R7,Exclude,E2,100,"The abstract discusses the application of deep learning frameworks for intrusion detection in IoT networks, which is outside the manufacturing industry."
AZN682H4,Exclude,E2,100,"The abstract discusses metaverse experiences and AI-driven immersive applications in XR sessions, which is outside the manufacturing industry."
AZVPAXXE,Exclude,E2,100,"The abstract discusses Federated Reinforcement Learning (FRL) in the context of edge-cloud systems and IoT-driven streaming workloads, which is outside manufacturing."
B254RASP,Exclude,E2,100,"The abstract discusses a privacy-preserving intrusion detection system for IIoT in 6G settings, which is outside the manufacturing domain."
B27CFN9K,Exclude,E2,100,"The abstract discusses applications of blockchain and machine learning in various industries, including finance, medicine, supply chain, and security, which is outside the scope of manufacturing unless they explicitly discuss transferable models to manufacturing."
B2F4Q6CW,Exclude,E2,100,"The abstract discusses quantum algorithms for scheduling problems in a general sense, without any mention of manufacturing or transferable models to manufacturing."
B5TS35T4,Exclude,E2,80,The abstract discusses federated learning in a general context without explicitly mentioning manufacturing or transferable models to manufacturing.
B6TGH28E,Exclude,E2,80,"The abstract discusses AI-based IDS solutions for IIoT contexts, which is outside the manufacturing domain."
B725QZBR,Exclude,E2,100,"The abstract discusses a federated learning application in cybersecurity, not manufacturing."
B76MQS2S,Exclude,E2,100,"The abstract explicitly states the application is outside manufacturing (healthcare monitoring and industrial IoT) unless they discuss transferable models to manufacturing, but there is no mention of such discussion."
B7JNGWVU,Exclude,E2,80,"The abstract discusses an application of federated learning outside manufacturing (healthcare, finance, etc.)"
B7U3GLHS,Exclude,E2,100,The abstract itself provides clear evidence for E2: FL application outside manufacturing (healthcare is implied by the mention of 'Clinical trial registration').
B7U9ZPTQ,Exclude,E2,100,"The abstract discusses AI applications in healthcare, food, fragrance, which are outside manufacturing unless they explicitly discuss transferable models to manufacturing"
B7XSE8XF,Exclude,E5,80,"The abstract describes a literature review/survey without own contribution, as it only outlines key accomplishments and future research paths through detailed literature review."
B7XXVWIZ,Exclude,E2,100,"The abstract discusses a challenge and proposed approach for multi-cloud environments, which is outside the manufacturing domain."
BB2LSZX3,Exclude,E2,80,The abstract mentions FL application outside manufacturing (healthcare and industrial applications) without discussing transferable models to manufacturing.
BBGDA3NY,Exclude,E2,100,The abstract discusses applications of AI in renewable energy systems outside manufacturing.
BCSQ5G5B,Exclude,E2,80,"The abstract discusses a federated learning application in IIoT applications, but the focus is on security and defense against backdoor attacks rather than transferable models to manufacturing."
BDFJI5V8,Exclude,E2,100,"The abstract discusses the application of a machine learning model in the Internet of Vehicles (IoV) environment, which is outside manufacturing."
BDZTXST7,Exclude,E2,100,"The abstract discusses a machine learning approach for cyberattack detection in IoT networks, which is outside the scope of manufacturing."
BE5PD4YB,Exclude,E2,80,"The abstract mentions the automotive industry, which is outside manufacturing unless they explicitly discuss transferable models to manufacturing"
BEGC93YT,Exclude,E2,100,"The abstract discusses cloud computing systems in general, not specifically federated learning in manufacturing."
BGL5AVZB,Exclude,E2,100,"The abstract discusses distributed machine learning in general, without any mention of federated learning or its application to manufacturing."
BH89FTP8,Exclude,E2,100,"The abstract discusses FL in the context of IoT security, but does not explicitly discuss transferable models to manufacturing."
BHJVPDKD,Exclude,E2,80,"The abstract discusses federated learning in a water treatment plant, which is outside the manufacturing industry."
BJKGRYN2,Exclude,E2,100,"The abstract explicitly states that the application is in healthcare, not manufacturing."
BLGAX3E4,Exclude,E2,80,"The abstract discusses a deep reinforcement learning approach optimized through trust region strategies for addressing adaptive control challenges in high-dimensional continuous action spaces, which is outside the manufacturing domain."
BLMEAAD6,Exclude,E2,80,"The abstract discusses federated learning in the context of smart cities and waste management, which is outside manufacturing unless they explicitly discuss transferable models to manufacturing."
BMJMWPZD,Exclude,E2,80,"The abstract discusses federated learning application outside manufacturing (healthcare of IIoT devices), unless they explicitly discuss transferable models to manufacturing"
BNDNQTDR,Exclude,E2,100,The abstract discusses an application of federated learning outside manufacturing (cybersecurity in IIoT systems)
BP7M56JK,Exclude,E2,80,"The abstract mentions FL application outside manufacturing (healthcare, finance, etc.) unless they explicitly discuss transferable models to manufacturing"
BPWWXM3S,Exclude,E2,80,"The abstract discusses the application of a quantum-inspired algorithm in AI and ML, which is outside the manufacturing domain."
BQCCZGAX,Exclude,E2,100,"The abstract explicitly states that the FL application is in medical applications, outside manufacturing."
BR3NELBN,Exclude,E2,100,The abstract itself provides clear evidence for E2: FL application outside manufacturing (healthcare) unless they explicitly discuss transferable models to manufacturing
BRYFV84E,Exclude,E2,100,"The abstract discusses AI/ML/DL applications in IIoT/OT networks, but does not mention manufacturing or transferable models to manufacturing."
BSPGBPQT,Exclude,E2,80,"The abstract discusses FL in IoT applications outside manufacturing, such as medical applications."
BTDRKXIX,Exclude,E2,100,"The abstract discusses cybersecurity in 5G-enabled IoT networks, which is outside the manufacturing domain."
BU33GR2T,Exclude,E2,100,"The abstract itself provides clear evidence for E2: FL application outside manufacturing (healthcare, finance, etc.) unless they explicitly discuss transferable models to manufacturing"
BW4QESYI,Exclude,E2,100,"The abstract discusses a wormhole attack detection framework for Network Control Systems and Wireless Sensor Networks, which is outside the manufacturing domain."
BWJ6A4RI,Exclude,E2,80,"The abstract discusses federated learning in the context of disability employment matching, which is outside manufacturing unless they explicitly discuss transferable models to manufacturing."
BWREZ4WI,Include,,80,"The abstract discusses a real applied implementation of federated learning in manufacturing (Industrial Internet of Things), which is the review scope."
BWWTKE45,Exclude,E2,80,"The abstract discusses an anomaly detection approach for industrial systems, but does not explicitly discuss transferable models to manufacturing."
BXYIDVUB,Exclude,E2,80,"The abstract discusses a federated learning application outside manufacturing (cyber and physical datasets), but does not explicitly discuss transferable models to manufacturing."
BZK4DUN3,Exclude,E2,80,"The abstract discusses a decentralized federated learning framework, but it does not explicitly discuss transferable models to manufacturing."
BZQK7ZW5,Exclude,E2,80,"The abstract discusses federated learning in general, but does not explicitly mention manufacturing or transferable models to manufacturing."
C26I8KGU,Exclude,E2,100,"The abstract discusses urban informatics in general, not specifically manufacturing or transferable models to manufacturing."
C2LBSW33,Exclude,E2,80,"The abstract discusses a federated learning application in Cyber-Physical Systems (CPS), which is outside the manufacturing industry."
C3VTI85G,Exclude,E2,100,"The abstract discusses application of AI in Carbon Capture, Utilization, and Storage (CCUS) which is outside manufacturing."
C4WR8EDM,Exclude,E2,80,"The abstract discusses an application of federated learning outside manufacturing (industrial automation and IoT security), which matches exclusion criterion E2."
C5VFGT72,Exclude,E2,100,"The abstract discusses applications of federated learning in healthcare (neurodegenerative diseases and autoimmune disorders), not manufacturing."
C5Y3ZL4P,Exclude,E2,100,"The abstract discusses a blockchain framework for IoT security, which is outside the manufacturing domain."
C645WB3H,Exclude,E2,100,"The abstract discusses IoT threat detection in business operations, which is outside the manufacturing industry."
C682CYV4,Exclude,E2,90,"The abstract discusses FL in a general sense and its application to IoT devices, but it does not explicitly discuss transferable models to manufacturing."
C6GVPKC5,Exclude,E5,100,The abstract describes a literature review/survey without own contribution
C774P4E5,Exclude,E2,80,"The abstract discusses the application of AI-enabled digital twins in various industries including healthcare, energy, smart transportation and smart cities, which is outside manufacturing unless they explicitly discuss transferable models to manufacturing"
C89WCQU2,Exclude,E2,80,"The abstract explicitly discusses FL application outside manufacturing (healthcare is not mentioned but IIoT environments are, which could be healthcare-related)"
C8ZQU83G,Exclude,E2,80,"The abstract mentions that the study is based on four datasets from Industry 4.0, but it does not explicitly discuss transferable models to manufacturing."
C9P5FK3L,Exclude,E2,80,"The abstract discusses anomaly detection in IoT-based ICSs, which is outside the manufacturing domain."
C9YXCK7I,Exclude,E2,80,"The abstract discusses digital twins and machine learning in logistics, which is outside the manufacturing domain."
CAP5UCY7,Exclude,E2,100,The abstract explicitly discusses FL application outside manufacturing (healthcare use case)
CBAY7JPB,Exclude,E2,80,"The abstract mentions applications like smart cities and personalized healthcare, which are outside manufacturing unless they explicitly discuss transferable models to manufacturing."
CBNBL63Q,Exclude,E2,80,"The abstract mentions applications outside manufacturing (healthcare, autonomous vehicles, industrial IoT), but does not discuss transferable models to manufacturing."
CCWXVTGK,Exclude,E2,80,"The abstract mentions application in industrial IoT, which is outside manufacturing unless they explicitly discuss transferable models to manufacturing."
CDREVBF4,Exclude,E5,100,The abstract describes a literature review/survey without own contribution
CEJQW4KS,Include,,80,"The abstract discusses a real, applied implementation of federated learning in manufacturing industries."
CFCV595B,Exclude,E2,100,"The abstract discusses federated learning application outside manufacturing (healthcare, finance, etc.)"
CFFYJTWX,Exclude,E2,80,"The abstract discusses a Federated Learning application in the Industrial Internet of Things (IIoT) for intrusion detection, which is outside manufacturing unless they explicitly discuss transferable models to manufacturing."
CIL9FCMI,Exclude,E2,100,"The abstract discusses AI applications in sustainable agriculture, which is outside the review scope of manufacturing."
CIUBEIXD,Exclude,E2,100,"The abstract explicitly states that the application is in industry 5.0, but it does not discuss transferable models to manufacturing."
CJ9XKK6D,Exclude,E5,100,The abstract describes a literature review/survey without own contribution
CJEWF5PX,Exclude,E2,80,"The abstract explicitly states that the FL application is in healthcare (pharmaceutical production) and finance (automotive, electronics), but mentions transferable models to manufacturing."
CJH7EPQA,Exclude,E2,100,"The abstract discusses federated learning in the context of IoT security and real-time applications, which is outside manufacturing."
CJLUS6QH,Exclude,E2,100,"The abstract discusses a data cleaning tool for IoT and big data, but does not mention federated learning or manufacturing."
CL74N3ZG,Exclude,E5,100,The abstract describes a literature review/survey without own contribution
CLQ5MBD4,Exclude,E2,100,"The abstract discusses the application of DLT and AI in Supply Chain Management, which is outside manufacturing unless they explicitly discuss transferable models to manufacturing."
CM34JBM9,Exclude,E2,100,"The abstract discusses the application of Foundation Models in various sectors, but does not explicitly mention transferable models to manufacturing."
CM4RCI8A,Exclude,E2,100,"The abstract discusses federated learning in the context of 6G wireless networks and smart factories, which is outside the manufacturing industry."
CNRSWGUL,Exclude,E2,80,"The abstract mentions applications in medicine, finance, and manufacturing, but the focus is on data analysis rather than model transfer to manufacturing."
CNUSJ998,Exclude,E2,100,"The abstract discusses Generative Artificial Intelligence (GenAI) and Large Language Models (LLMs) in renewable energy and smart grids, which is outside the manufacturing domain."
CQL55MAR,Exclude,E2,80,"The abstract discusses the application of pre-trained foundation models in IIoT, but does not explicitly discuss transferable models to manufacturing."
CST8ZG2E,Exclude,E2,80,"The abstract explicitly discusses an application outside manufacturing (healthcare, finance, etc.)"
CSXPJIZ4,Exclude,E2,100,"The abstract discusses AI applications in the pharmaceutical industry, which is outside manufacturing unless they explicitly discuss transferable models to manufacturing."
CTQW45WN,Exclude,E2,80,"The abstract discusses a privacy-preserving learning mechanism for industrial IoT environments, which is outside the manufacturing domain."
CUL2V4T8,Exclude,E2,100,"The abstract discusses a real-time digital twin framework for security analysis in short video networks, which is outside the manufacturing industry."
CV3IP956,Include,,80,"The abstract discusses a real-world federated learning application in manufacturing, specifically addressing data distribution complexities and heterogeneity."
CV74KDA4,Include,,80,"The abstract discusses federated learning in the context of smart manufacturing and industrial AI, addressing data privacy, ownership, and security concerns."
CVI7GDYP,Exclude,E2,80,"The abstract mentions application of federated learning outside manufacturing (healthcare, finance, etc.)"
CVRDIMI9,Exclude,E2,100,"The application is outside manufacturing, as it deals with unmanned ground vehicles in smart factories and warehouses."
CVXGVZUI,Exclude,E2,100,"The abstract discusses a cyber threat intelligence system for security operations centers, IoT environments, and financial cybersecurity, which is outside the manufacturing industry."
CX65S8FU,Exclude,E2,100,"The abstract is about 6G wireless networks and intrusion detection, which is outside the manufacturing industry."
CXE3GWEL,Exclude,E2,100,The abstract discusses a healthcare application and does not mention manufacturing or transferable models to manufacturing.
CXE3SFJA,Include,,80,"The abstract discusses a federated learning framework for manufacturing, addressing challenges specific to the industry."
CXIZ2J6F,Exclude,E2,100,"The abstract discusses Industrial Internet of Things (IIoT) and cyberattacks, which is outside the manufacturing domain."
CXRSEU6N,Exclude,E2,100,"The abstract explicitly states that GenAI applications are discussed in finance, healthcare, education, and energy sectors."
CYIIGCTQ,Exclude,E2,100,"The abstract discusses a framework for material procurement management optimization in the semiconductor manufacturing industry, which is outside the scope of federated learning in manufacturing."
CZLUD6TH,Exclude,E2,80,"The abstract discusses federated learning in vehicular edge computing, which is outside manufacturing unless they explicitly discuss transferable models to manufacturing."
CZQ5XQR6,Include,,100,"The abstract discusses a federated learning paradigm for IIoT deployment in large-scale industrial environments, which is relevant to the review scope."
D23KDN49,Exclude,E2,80,The abstract discusses a manufacturing application but focuses on control techniques and real-time process adaptation rather than federated learning.
D3X2E99S,Exclude,E2,80,"The abstract discusses FL application in healthcare, transportation, energy, and surveillance systems, which are outside manufacturing."
D5HBT46P,Exclude,E2,80,"The abstract discusses federated reinforcement learning in the context of Mobility-as-a-Service (MaaS), which is outside manufacturing unless they explicitly discuss transferable models to manufacturing."
D74KJVMW,Exclude,E2,80,"The abstract discusses a federated learning application in industrial IoT, but it is not explicitly related to manufacturing."
D9FCEMTG,Exclude,E2,80,"The abstract discusses a task-service-HCI method and RL-TTFO system architecture for digital transformation of microenterprises in the professional organizing industry, which is outside manufacturing."
DA4GM56Q,Exclude,E2,80,"The abstract discusses computation offloading and edge-to-cloud computing infrastructures, but does not mention manufacturing or any transferable models to manufacturing."
DAC7SKX8,Exclude,E2,80,"The abstract discusses an application of federated learning in finance (accounting information processing), which is outside the manufacturing industry."
DDELQPXZ,Exclude,E2,100,"The abstract is about healthcare, not manufacturing."
DDIBMX4W,Exclude,E2,80,"The abstract discusses IoT and edge computing, which is outside the manufacturing domain."
DDLX7P83,Exclude,E2,100,"The abstract discusses scientific data governance in general, without any mention of manufacturing or transferable models to manufacturing."
DDWX6BYX,Include,,90,"The abstract discusses a federated learning application in the manufacturing industry, specifically for condition monitoring in ultrasonic metal welding."
DE7GIHKT,Exclude,E2,100,"The abstract discusses the application of machine learning in the Internet of Everything (IoE) environment, which is outside manufacturing."
DFDZS483,Exclude,E2,80,"The abstract discusses Digital Twins in various industries, but the focus is on AI-driven reasoning and distributed environments, not federated learning in manufacturing."
DGQYGLNK,Exclude,E2,100,The abstract discusses an application of federated learning outside manufacturing.
DI5G7J8Q,Exclude,E2,80,"The abstract discusses an application of federated learning in a non-manufacturing context (inventory optimization for aerospace components and semiconductor wafers), but does not explicitly discuss transferable models to manufacturing."
DI9LQHSQ,Exclude,E2,100,"The abstract discusses a model for distributed computing in the Internet of Everything (IoE) environment, which is outside manufacturing."
DIY99Z3U,Exclude,E2,80,"The abstract discusses cognitive computing in a general sense, without any mention of manufacturing or transferable models to manufacturing."
DJ8SLUN9,Exclude,E2,100,"The abstract discusses federated learning in general, without any mention of manufacturing or transferable models to manufacturing."
DLJUCY3E,Exclude,E2,80,"The abstract discusses ML applications in various sectors, including manufacturing, but the focus is on general principles and future trends rather than a specific implementation of federated learning in manufacturing."
DMRQ8L7R,Include,,80,"The abstract discusses a federated learning application in industrial settings, which is relevant to manufacturing."
DNJ76RXD,Exclude,E2,100,"The abstract discusses the applications of GenAI in manufacturing, but it does not explicitly discuss transferable models to manufacturing."
DNW84WAN,Exclude,E2,100,"The abstract discusses an application of federated learning in IoT, which is outside the manufacturing domain."
DPJ9ZFEG,Include,,100,"The abstract discusses a federated learning method for process monitoring in manufacturing, which aligns with the review scope."
DQMRK7RC,Exclude,E2,80,"The abstract mentions FL application in healthcare and finance, which are outside manufacturing unless they explicitly discuss transferable models to manufacturing."
DTX8B3RR,Exclude,E2,80,"The abstract discusses FL in the IIoT context, but does not explicitly mention transferable models to manufacturing."
DVRRKREG,Include,,80,The abstract discusses a federated learning application in manufacturing.
E3NTV2BH,Include,,90,"The abstract describes a real applied implementation of federated learning in manufacturing, specifically in ceramic tile manufacturing."
E4KB6KD5,Exclude,E2,100,"The abstract discusses federated learning in an Industrial Internet of Things (IoT) context, which is outside the manufacturing industry."
E7RBAPXM,Exclude,E2,100,The abstract discusses Edge AI applications in various industries outside manufacturing.
E9GXAAAG,Exclude,E2,100,"The abstract discusses federated learning in the context of mobile communication and IoT security, which is outside the manufacturing industry."
EBNKTQUZ,Exclude,E2,100,"The abstract discusses a deep learning approach for DDoS detection in Software-Defined Networking (SDN), which is outside the manufacturing domain."
EBZG8I64,Exclude,E2,100,"The abstract discusses a federated learning application in the Internet of Things (IoT), which is outside manufacturing unless they explicitly discuss transferable models to manufacturing."
EC2TUTUX,Exclude,E2,100,"The abstract discusses a security architecture for wireless sensor networks in Industry 4.0 and critical infrastructure, but does not mention federated learning or manufacturing."
ECDMAMDF,Exclude,E2,100,"The abstract discusses blockchain networks and consensus protocols, which is outside the manufacturing domain."
ECNJRHQL,Include,,80,"The abstract discusses federated learning in manufacturing (Industrial Internet of Things), which is within the review scope."
EDQ6USZQ,Exclude,E2,80,The abstract discusses federated learning in the context of edge intelligence and does not explicitly mention manufacturing or transferable models to manufacturing.
EJHWIXBV,Exclude,E5,100,The abstract describes a literature review/survey without own contribution
EJIL3HXT,Exclude,E2,100,"The abstract discusses blockchain, AI, and cloud computing applications outside manufacturing."
EJMPPEVT,Exclude,E2,100,"The abstract discusses a comprehensive review of the German energy transition, which is outside the manufacturing industry."
EKNC8YUK,Include,,100,"The abstract explicitly discusses a real-world application of federated learning in manufacturing (electric vehicles), which is the focus of the review."
ELLSEHQ3,Exclude,E2,100,The abstract explicitly discusses a federated learning application in healthcare.
EP6L2QPG,Exclude,E2,100,"The abstract discusses Mist Computing and its applications, but does not mention manufacturing or federated learning in manufacturing."
EPND8XRG,Exclude,E2,100,"The abstract discusses a DDoS attack on the IoT ecosystem, which is outside manufacturing."
ERIDEXL9,Exclude,E2,80,"The abstract discusses federated learning application in a non-manufacturing context (household appliances), but mentions transferable models to manufacturing."
ETGXEBYM,Include,,80,"The abstract discusses a federated learning framework in the context of Industrial IoT, which is relevant to manufacturing."
ETN7WE5L,Exclude,E5,100,The abstract describes a literature review/survey without own contribution
EVRRST6T,Exclude,E2,80,"The abstract discusses transfer learning for industrial IoT, which is outside the manufacturing scope unless they explicitly discuss transferable models to manufacturing"
EWSX2FX3,Include,,80,"The abstract discusses a real, applied implementation of federated learning in manufacturing industries."
EWXA67JA,Exclude,E2,100,"The abstract discusses a mobility-aware TSCH framework for mobile IIoT scenarios, which is outside the manufacturing industry scope of the review."
EZ867NNV,Exclude,E5,100,The abstract describes a systematic literature review without own contribution
EZEV7YBG,Exclude,E2,100,"The abstract discusses applications of federated learning outside manufacturing (healthcare, smart cities), and does not mention transferable models to manufacturing."
EZGJTZFU,Exclude,E2,100,"The abstract mentions application of federated learning in tobacco warehousing, which is outside manufacturing unless they explicitly discuss transferable models to manufacturing."
EZJQ4MK9,Exclude,E2,100,"The abstract discusses a federated learning application in healthcare (IoMT), not manufacturing."
EZM2MP9K,Exclude,E2,100,"The abstract discusses FL application in IDS, which is outside manufacturing."
F22YC5TG,Exclude,E5,100,The abstract describes a literature review/survey without own contribution
F32ZQXYI,Exclude,E2,100,The abstract discusses the application of machine learning to corporate bankruptcy prediction in finance.
F3J5WX5R,Exclude,E2,100,"The abstract discusses a security model for IoT networks, which is outside the manufacturing domain."
F3MJ38BP,Exclude,E2,100,"The abstract discusses federated learning application outside manufacturing (healthcare, finance, etc.)"
F4JTSMSZ,Exclude,E2,80,"The abstract discusses federated learning in manufacturing, but it is focused on a specific application (CAPP) and does not discuss transferable models to other areas of manufacturing."
F5L8QXC2,Exclude,E2,100,"The abstract discusses the relationship between disruptive digital technologies and inter-firm collaboration, but does not mention manufacturing or transferable models to manufacturing."
F5NKKBTR,Exclude,E5,100,The abstract describes a literature review/survey without own contribution
F6EHSW4S,Include,,100,The abstract discusses federated learning in an industrial application.
F7IKEK3D,Include,,100,The abstract explicitly discusses the application of FL in manufacturing.
F7IXZZYV,Exclude,E2,100,"The abstract discusses wireless mesh networks and 6G-enabled scenarios, which is outside the manufacturing industry."
F97WQG9V,Exclude,E2,100,"The abstract discusses IIoT security in various sectors including manufacturing, but the focus is on a specific security system and not federated learning in manufacturing."
F98R4UDL,Exclude,E2,100,"The abstract discusses Industrial IoT (IIoT) and edge computing, but does not mention federated learning in manufacturing."
F9JCUCK8,Exclude,E2,80,"The abstract discusses an application of federated learning in IIoT networks, which is outside the manufacturing industry."
FAUF3ZGI,Exclude,E2,100,"The abstract itself provides clear evidence for E2: FL application outside manufacturing (healthcare, finance, etc.)"
FBJTPYFX,Exclude,E2,100,The abstract discusses AES and its applications outside manufacturing.
FBM6CCWT,Exclude,E2,100,"The abstract discusses a blockchain-VANET solution for Intelligent Transportation Systems, which is outside manufacturing unless they explicitly discuss transferable models to manufacturing."
FBSDXDMI,Exclude,E2,100,"The abstract discusses Supply Chain Industry 4.0 in general, without any specific mention of federated learning in manufacturing."
FD9IS8P3,Exclude,E2,80,"The abstract discusses a decentralized knowledge sharing platform in the industrial Internet of Things (IIoT), which is outside manufacturing unless they explicitly discuss transferable models to manufacturing."
FDJYNIS6,Exclude,E2,100,"The abstract discusses a bibliometric analysis of Industry 5.0 research, which is outside the manufacturing industry."
FDM4UN43,Exclude,E5,100,The abstract describes a literature review/survey without own contribution
FEWH39IU,Exclude,E2,100,"The abstract explicitly states that the federated learning application is in IoT networks, which is outside manufacturing."
FFHW3ZC8,Include,,80,The abstract mentions federated learning being applied to manufacturing (microelectromechanical systems foundry and predictive maintenance scenario) which is within the review scope.
FGK5V96K,Exclude,E2,100,"The abstract discusses a blockchain-enabled IoT system for storing and protecting IoT data, which is outside the manufacturing domain."
FHI3GH9V,Exclude,E2,100,"The abstract discusses blockchain technology and its application in industrial procurement processes, which is outside the scope of manufacturing unless they explicitly discuss transferable models to manufacturing"
FHZM93VG,Exclude,E2,80,"The abstract mentions application areas such as production planning, logistics, and revenue management, which are outside manufacturing unless they explicitly discuss transferable models to manufacturing"
FI3NCUVI,Exclude,E2,100,"The abstract discusses the application of digital twins and AI in 6G communication systems, which is outside the manufacturing industry."
FIF9H8JX,Include,,80,"The abstract discusses a federated learning approach in manufacturing to overcome the lack of available data, which aligns with the review scope."
FIWX2FFP,Include,,80,"The abstract discusses a real, applied implementation of federated learning in manufacturing industries."
FJDUUHBC,Exclude,E2,80,"The abstract discusses collaborative learning in Industry 4.0 and decentralised collaborative learning systems, but does not explicitly mention manufacturing as the application domain."
FK3EEP5Z,Exclude,E2,100,"The abstract discusses an application outside manufacturing (IoT security), and there is no mention of transferable models to manufacturing."
FK6W54PZ,Include,,80,"The abstract discusses a federated learning framework in the context of Industry 4.0 and smart manufacturing, which is relevant to the review scope."
FLII8GGU,Exclude,E2,100,"The abstract discusses an application of federated learning outside manufacturing (vehicle data systems), and does not mention transferable models to manufacturing."
FLJJAH7F,Exclude,E2,80,"The abstract discusses federated learning in the context of cybersecurity and IoT, but does not explicitly mention transferable models to manufacturing."
FLK9M3F2,Exclude,E2,100,"The abstract discusses edge AI in general, but does not mention manufacturing specifically."
FNIXHCUJ,Exclude,E2,100,"The abstract discusses reinforcement learning and regret bounds for a multi-agent setting, which is outside the scope of manufacturing."
FR7JVFRY,Exclude,E2,100,"The abstract discusses applications outside manufacturing (colonisation of Mars), unless they explicitly discuss transferable models to manufacturing"
FS9H9IEM,Exclude,E2,80,"The abstract discusses a federated learning application outside manufacturing (healthcare, finance, etc.)"
FSYCUC88,Exclude,E2,80,"The abstract discusses FL application outside manufacturing (healthcare, finance, etc.) and does not explicitly discuss transferable models to manufacturing."
FTBI4JEQ,Exclude,E2,100,The abstract discusses applications of federated learning outside manufacturing.
FUBK8GZX,Include,,80,"The abstract discusses federated learning in the context of supply chain management, which is a manufacturing industry application."
FW7MHR56,Exclude,E2,100,"The abstract discusses EEG data acquisition systems for neuroscience and brain-computer interface applications, which is outside the manufacturing industry."
FW9DKSUZ,Exclude,E2,100,"The abstract discusses FL application in critical infrastructure and CPS security, which is outside manufacturing unless they explicitly discuss transferable models to manufacturing."
FWKK3XH8,Exclude,E2,80,The abstract mentions applications outside manufacturing
FZ8V2P9I,Exclude,E2,100,"The abstract discusses IoT security and privacy challenges in smart manufacturing, but does not mention federated learning."
G4CX7MTQ,Exclude,E2,100,"The abstract discusses edge computing and its applications in data collection and processing, which is outside the manufacturing domain."
G666DGSV,Include,,80,"The abstract discusses an application of federated learning in a non-manufacturing industry (logistics), but mentions transferable models to manufacturing."
G7ZANKQP,Exclude,E2,80,"The abstract discusses federated learning application outside manufacturing (IoT security), but mentions transferable models to manufacturing"
G828EAUK,Include,,80,"The abstract discusses a federated learning application in manufacturing, addressing statistical heterogeneity and achieving accuracy improvement compared to state-of-the-art methods."
GAT9U2NK,Exclude,E2,100,"The abstract discusses an application of federated learning outside manufacturing (network security), and does not mention transferable models to manufacturing."
GAWJVPLC,Exclude,E2,80,The abstract discusses federated learning in general terms but does not explicitly mention manufacturing or transferable models to manufacturing.
GDUBCSQP,Exclude,E2,100,"The abstract discusses an application of federated learning outside manufacturing (Internet of Things deployments), and does not mention transferable models to manufacturing."
GEXTSJ77,Include,,80,"The abstract discusses a real, applied implementation of federated learning in manufacturing industries."
GFN5DWA5,Exclude,E2,80,"The abstract discusses a machine learning application in manufacturing, but it does not explicitly discuss transferable models to federated learning."
GFS27NCA,Exclude,E2,100,"The abstract discusses a bibliometric analysis of the KAIS journal, which is outside the manufacturing industry."
GGKH9A6A,Exclude,E2,80,"The abstract mentions IIoT settings and streaming data, which is outside the manufacturing scope."
GGYB5WA8,Exclude,E5,100,The abstract describes a literature review/survey without own contribution
GIQA3HI5,Exclude,E2,100,"The abstract discusses a federated learning application outside manufacturing (healthcare, finance, etc.)"
GKSXDIVQ,Exclude,E2,100,"The abstract discusses the application of federated learning in healthcare, agriculture, and industry, but it does not explicitly discuss transferable models to manufacturing."
GL6WJ487,Exclude,E2,100,"The abstract discusses AI applications in irrigated agriculture, which is outside the manufacturing industry."
GMP8J7HZ,Exclude,E2,80,"The abstract discusses federated learning in general, but does not explicitly mention manufacturing or transferable models to manufacturing."
GNENII8F,Exclude,E2,80,"The abstract discusses an application outside manufacturing (supply chains), and there is no mention of transferable models to manufacturing."
GNGZYR69,Exclude,E2,100,"The abstract discusses blockchain and satellite networks, which is outside the manufacturing domain."
GPBVRDH8,Exclude,E2,80,"The abstract discusses FL application outside manufacturing (healthcare, finance, etc.)"
GQTLW2XQ,Exclude,E2,100,"The abstract discusses artificial intelligence in Integrated Sensing and Communication (ISAC), which is outside the manufacturing domain."
GR5QQKEA,Include,,80,"The abstract discusses a federated learning-based graph neural network model for joint analysis of distributed IIoT data, which is relevant to the review scope."
GSWJFGTG,Include,,80,"The abstract discusses the application of federated learning in industry, where data sharing is difficult due to laws and intellectual property concerns."
GT3SUZH9,Exclude,E2,80,"The abstract discusses a federated framework for cloud resource management, which is outside the manufacturing industry."
GTQ8F2VZ,Include,,100,"The abstract discusses a federated learning application in manufacturing, specifically for cross-plant process monitoring."
GU3X84ST,Exclude,E2,100,The abstract discusses federated learning application outside manufacturing (healthcare is implied by Wireless Sensor Networks in healthcare settings) unless they explicitly discuss transferable models to manufacturing
GU5S5NQV,Exclude,E2,80,"The abstract mentions smart manufacturing, but the application is in cross-domain prediction with public datasets COCO and PETS2009, which are not explicitly mentioned to be relevant to manufacturing."
GV9DZJRG,Exclude,E2,100,The abstract discusses a cybersecurity application outside manufacturing.
GZY2KYNC,Exclude,E2,100,"The abstract discusses an application of federated learning in IoT and data privacy, which is outside the manufacturing industry."
H2R6E3NT,Exclude,E2,100,"The abstract discusses blockchain in the context of Web3.0 and its applications, but does not mention manufacturing or transferable models to manufacturing."
H3MLN7IH,Exclude,E2,100,"The abstract discusses the metaverse, which is outside manufacturing."
H53QZLK4,Exclude,E2,100,"The abstract discusses sleep monitoring and its applications in healthcare and medicine, which is outside the manufacturing industry."
H6MFACB5,Exclude,E2,90,"The abstract explicitly states that the application is in IIoT environments, which is outside manufacturing unless they discuss transferable models to manufacturing."
H76DWP8Y,Exclude,E2,80,"The abstract mentions applications outside manufacturing, but does not explicitly discuss transferable models to manufacturing."
H7LDCEMN,Exclude,E2,100,"The abstract discusses AI applications in general, not specifically manufacturing."
H8GVYFYR,Exclude,E2,80,"The abstract discusses federated learning in the context of Mobile Edge Computing (MEC) systems, which is outside manufacturing unless they explicitly discuss transferable models to manufacturing."
H8X7K546,Exclude,E2,80,"The abstract discusses a framework for managing heterogeneous data sources and enabling real-time data stream processing, but it does not explicitly discuss federated learning in manufacturing."
H956N2FH,Include,,80,"The abstract discusses a federated learning application in manufacturing, specifically addressing the challenge of safeguarding intellectual property during data exchanges."
HD95EUQF,Exclude,E2,100,"The abstract discusses a security architecture for smart healthcare IoT systems, which is outside the manufacturing domain."
HDNMSFYZ,Exclude,E2,80,"The abstract discusses the application of federated learning in IoT networks for real-time analytics and autonomous decision-making, but does not explicitly mention transferable models to manufacturing."
HDRSQTJV,Exclude,E2,100,"The abstract discusses multi-view learning in general, without any mention of manufacturing or transferable models to manufacturing."
HEEH45S4,Exclude,E2,100,The abstract discusses the application of machine learning to lithium-ion battery health diagnostics and prognostics in a non-manufacturing context.
HEEIEIT8,Exclude,E2,100,"The abstract discusses application of federated learning in a non-manufacturing industry (ship and offshore structures), which matches exclusion criterion E2."
HG8YCHZV,Exclude,E2,100,The abstract discusses an application of federated learning outside manufacturing.
HGPGY6VG,Exclude,E2,100,"The abstract discusses cloud computing environments and IoT ecosystems, which are outside the manufacturing industry."
HGSTXVKY,Exclude,E2,80,"The abstract discusses federated learning in general, but does not explicitly mention manufacturing or transferable models to manufacturing."
HGV4NLIS,Exclude,E2,80,"The abstract mentions applications in smart factories and intelligent manufacturing environments, but the main focus is on Private Information Retrieval (PIR) for general data privacy, not specifically federated learning in manufacturing."
HHQ8RFGB,Exclude,E2,100,"The abstract discusses the intersection of blockchain and federated learning in a general sense, but does not explicitly discuss transferable models to manufacturing."
HHSY2J2D,Exclude,E2,100,The abstract discusses machine learning applications outside manufacturing.
HK3HSP9X,Exclude,E2,100,The abstract explicitly states that the work is related to the healthcare sector and not manufacturing.
HKIPAWRM,Exclude,E2,100,"The abstract discusses applying AI methods to industrial plants for concept drift and continuous machine learning, but does not mention federated learning or manufacturing industries."
HL2YXVYA,Exclude,E2,100,"The abstract discusses data provider management in the context of public management, which is outside the manufacturing industry."
HLNSZCF2,Exclude,E2,80,"The abstract discusses Edge Intelligence and distributed AI in industrial factories, but does not explicitly discuss transferable models to manufacturing."
HMD98WQH,Exclude,E2,100,"The abstract discusses federated learning in the context of energy transition and thermal insulation materials, which is outside manufacturing."
HT2ZC4QD,Exclude,E2,100,"The abstract discusses FL application outside manufacturing (healthcare, finance, etc.)"
HU3BE2Y3,Exclude,E2,80,The abstract mentions the application of federated learning in a general context (Industry 4.0 era) without explicitly discussing transferable models to manufacturing.
HUWVWD9U,Exclude,E2,100,"The abstract discusses FL application in the automotive industry, specifically for drowsiness detection during driving."
HV5QDV83,Exclude,E2,80,"The abstract mentions that the approach can be applied in other federated learning methods, but it does not explicitly discuss transferable models to manufacturing."
HYBABXFX,Exclude,E2,100,"The abstract discusses a Green AI architecture for circular economies and sustainable resource consumption, which is outside the manufacturing domain."
HYQCL7T2,Exclude,E2,100,"The abstract discusses the application of IIoT in construction and optimization of microservice deployment within fog computing environments, which is outside the scope of manufacturing."
HZ2BMK5N,Include,,100,"The abstract discusses federated learning in manufacturing, specifically in the context of industrial Internet of Things (IIoT) and edge sensors."
I2M639QL,Exclude,E2,100,"The abstract itself provides clear evidence for E2: FL application outside manufacturing (healthcare, finance, etc.) unless they explicitly discuss transferable models to manufacturing"
I3L947ZH,Exclude,E2,80,"The abstract mentions smart healthcare and industrial IoT as potential applications for FedMAT, indicating that the federated learning application is outside of manufacturing unless they explicitly discuss transferable models to manufacturing."
I48ESCK2,Exclude,E2,100,"The abstract discusses FL in a non-manufacturing context (IoT networks and UAVs), but does not mention transferable models to manufacturing."
I4EFXCNK,Exclude,E5,100,The abstract describes a literature review/survey without own contribution
I4NF7PI9,Exclude,E2,100,"The abstract discusses biomanufacturing in the context of petrochemical industry alternatives and sustainability, which is outside the scope of manufacturing industries for federated learning applications."
I5WFUY78,Exclude,E2,80,The abstract explicitly discusses FL application outside manufacturing (healthcare and industrial IoT applications) unless they explicitly discuss transferable models to manufacturing
I65Y8VFE,Exclude,E2,100,"The abstract discusses the application of reconfigurable intelligent meta-surfaces in wireless networks, which is outside the manufacturing industry."
I7XTHAJZ,Exclude,E2,100,The abstract explicitly discusses FL application in finance (FinTech) rather than manufacturing.
I8BGWAS8,Exclude,E2,100,"The abstract discusses federated learning application in healthcare, industry, and daily life domains, which is outside the manufacturing scope of interest."
I8NPMHLK,Exclude,E2,100,"The abstract discusses federated learning for privacy-preserving analytics, but it is in the context of ERP security evaluation and not a real implementation of FL in manufacturing."
I8Z29AD3,Exclude,E2,100,"The abstract discusses federated learning (FL) in the context of wireless networks and 5G/6G communication systems, which is outside the manufacturing industry."
I9G65VGY,Exclude,E2,100,"The abstract discusses intrusion detection systems in IoT and 6G networks, which is outside the manufacturing domain."
I9ZYTR9E,Exclude,E2,80,"The abstract discusses data sharing in supply chains and inter-organizational systems, which is outside the manufacturing industry."
IBBQEJTE,Exclude,E2,100,"The abstract discusses AI applications in healthcare, specifically cancer immunotherapy."
IBGMFVXC,Exclude,E2,80,"The abstract explicitly discusses a health-care use case, which is outside the manufacturing domain."
ICVQU7TE,Exclude,E2,100,"The abstract discusses the application of federated learning in a non-manufacturing context (6G networks), which is outside the review scope."
IDAPDDE9,Exclude,E2,80,"The abstract discusses a Federated learning application in Industrial IoT/Industry 4.0, but does not explicitly discuss transferable models to manufacturing."
IDZ8KYDI,Exclude,E2,100,The abstract discusses FL application outside manufacturing (healthcare) without mentioning transferable models to manufacturing.
IF3N7JX8,Exclude,E2,100,"The abstract is about DC–DC converters and their applications in electric vehicles and renewable energy systems, which falls outside the manufacturing domain."
IGPHK9A6,Exclude,E2,100,The abstract discusses federated learning application outside manufacturing (heterogeneous multi-cloud environments) without mentioning transferable models to manufacturing.
IHA89E4L,Exclude,E5,100,The abstract describes a literature review/survey without own contribution
IHBJNJF6,Exclude,E2,100,"The abstract discusses an edge-based AI architecture for fault detection in IoT networks, which is outside the manufacturing domain."
IHCLF3TR,Exclude,E2,100,The abstract discusses an application of federated learning outside manufacturing.
IHS4ZSM6,Exclude,E2,100,"The abstract discusses federated learning applications outside manufacturing (healthcare, finance, etc.)"
IIJ67ABM,Exclude,E2,100,The abstract discusses Sat-MEC application outside manufacturing.
IIL2X3FG,Exclude,E2,100,"The abstract discusses ML applications in alloy design, which is outside the manufacturing industry unless they explicitly discuss transferable models to manufacturing."
IJ7IRC3K,Exclude,E2,100,The abstract discusses AI applications in healthcare (clinical operations) outside of manufacturing.
IKEN246V,Exclude,E2,80,"The abstract explicitly mentions applications outside manufacturing (cybersecurity, healthcare, and Industrial IoT) unless they discuss transferable models to manufacturing."
IM8EX3YS,Exclude,E2,100,"The abstract discusses applications outside manufacturing (healthcare, industry, autonomous vehicles, etc.)"
IM9AYN8D,Exclude,E2,100,"The abstract discusses a federated learning application in Mobile Edge Computing (MEC), which is outside the manufacturing industry."
IMYD3ZAN,Exclude,E2,80,"The abstract discusses Industry 5.0 and the adoption of AI in industry, but does not mention federated learning or manufacturing specifically."
IN3WUHRW,Exclude,E2,100,The abstract discusses an application outside manufacturing (IoT networks) and does not mention transferable models to manufacturing.
IQ5WQ4HA,Exclude,E2,80,"The abstract explicitly discusses a real-world deployment in manufacturing, but the application is predictive maintenance, which is outside the review scope unless they discuss transferable models to manufacturing."
IQ8TQEZL,Include,,80,"The abstract discusses federated learning in the context of manufacturing as-a-service, which is relevant to the review scope."
IRZ2RWLE,Exclude,E2,100,"The abstract discusses patent analysis and forecasting in the context of IoT technologies, which is outside the manufacturing industry."
IS9VSID7,Exclude,E2,80,The abstract discusses federated learning in a general industrial IoT context without mentioning manufacturing specifically.
ISMAEYHE,Exclude,E2,80,The abstract discusses federated learning in a general context without explicitly mentioning transferable models to manufacturing.
ITKK4K3D,Exclude,E2,100,"The abstract discusses federated learning in IoT ecosystems, which is outside the review scope of manufacturing industries."
IV8DMPMK,Exclude,E2,80,"The abstract discusses decentralized frameworks in edge computing for addressing limitations of centralized cloud systems, but does not explicitly mention federated learning or its application to manufacturing."
IW7JP29H,Exclude,E2,80,The abstract explicitly discusses transferable models to manufacturing
IWLMJL99,Exclude,E2,100,"The abstract discusses the application of fungal biotechnologies to conservation mycology and planetary health, which is outside the scope of manufacturing."
IX2CCC4T,Exclude,E2,100,"The abstract discusses the application of AI in stem cell therapy and nano-enhanced stem cell therapies for neurodegenerative diseases, which is outside the manufacturing industry."
IY5XI9RZ,Exclude,E2,80,"The abstract discusses federated reinforcement learning in IIoT networks, which is outside the manufacturing domain."
J256RTJZ,Exclude,E2,100,"The abstract discusses wireless sensor networks in healthcare and military systems, which is outside the manufacturing scope of the review."
J2JTR9MZ,Exclude,E2,100,"The abstract discusses an application of federated learning outside manufacturing (healthcare, finance, etc.)"
J5DJLIBG,Exclude,E2,80,"The abstract discusses a framework for cross-border supply chains, which is outside the manufacturing industry."
J6JNWEML,Exclude,E2,80,"The abstract discusses an application outside manufacturing (aerospace) unless the transferable models to manufacturing are explicitly discussed, which is not the case here."
J7NJBQYZ,Exclude,E2,100,"The abstract is about healthcare and blockchain/IoT applications, not manufacturing."
J7W999MA,Exclude,E5,100,The abstract describes a literature review/survey without own contribution
J858G963,Exclude,E2,100,"The abstract discusses the application of 6G technology in vehicular communication, which is outside manufacturing."
JACVPG4N,Exclude,E5,100,The abstract describes a literature review/survey without own contribution
JAH9FDF4,Exclude,E2,100,The abstract discusses machine learning applications outside manufacturing.
JANBBKR3,Exclude,E2,100,"The abstract discusses geospatial big data in the context of environmental challenges and smart IoT ecosystems, which is outside the manufacturing domain."
JDAIEZGM,Exclude,E2,100,The abstract discusses federated learning application outside manufacturing (co-working spaces) without mentioning transferable models to manufacturing.
JE426BL2,Exclude,E2,100,"The abstract discusses AI governance in general, not specifically federated learning in manufacturing."
JFQPQGI4,Exclude,E2,80,"The abstract discusses an application of federated learning in Industrial IoT (IIoT) environments, which is outside the manufacturing industry."
JGTBTP7X,Exclude,E2,100,"The abstract explicitly states that the application of XAI is in healthcare and finance, which are outside manufacturing unless they discuss transferable models to manufacturing."
JHE2X293,Exclude,E2,100,"The abstract discusses cybersecurity in Industry 4.0 practices, which is outside the manufacturing domain."
JI93EMYV,Exclude,E2,100,The abstract is about a predictive framework for the remaining useful life of power transformers in modern power systems.
JIBK53T3,Exclude,E2,100,"The abstract discusses cybersecurity and DoS attacks in general, but does not mention manufacturing or transferable models to manufacturing."
JJI9D242,Exclude,E2,100,"The abstract discusses FL in IoT systems for cyberthreat detection, which is outside the manufacturing industry."
JJSNYA6A,Exclude,E2,100,"The abstract discusses the application of machine learning in water distribution systems, which is outside manufacturing unless they explicitly discuss transferable models to manufacturing."
JMGJCJKV,Exclude,E2,80,"The abstract explicitly mentions that the results highlight the framework’s effectiveness in enhancing reliability, security, and adaptability of federated learning in cloud infrastructures, making it particularly suitable for healthcare, IoT, financial services, and cross-organizational collaborative intelligence applications."
JMKPAV34,Include,,80,"The abstract discusses a federated learning approach for industrial time-series data, which is relevant to the review scope."
JPAFWCED,Exclude,E2,100,"The abstract discusses the integration of machine learning with IoNT, which is outside manufacturing unless they explicitly discuss transferable models to manufacturing."
JRJAFGA7,Exclude,E2,100,"The abstract discusses an application outside manufacturing (education and vocational training), which matches exclusion criterion E2."
JSXCMBQ8,Exclude,E2,100,"The abstract explicitly states that the application is outside manufacturing (healthcare, finance, etc.), specifically in wastewater treatment plants."
JVCX8AMU,Include,,80,"The abstract discusses a real, applied implementation of federated learning in manufacturing industries."
JVL4XZIN,Exclude,E2,80,"The abstract explicitly states that the application is in the pharmaceutical industry, which falls under healthcare."
JWSYF32T,Exclude,E2,100,"The abstract discusses applications of federated learning in energy storage material computation and AI systems, which is outside the manufacturing industry."
JX2RFI9K,Exclude,E2,100,The abstract explicitly states that the application is in healthcare.
JXAUNHL8,Exclude,E2,80,"The abstract discusses a multi-layer data sharing framework for IoT environments, which is outside the manufacturing industry."
JXNQXSW8,Exclude,E2,100,"The abstract discusses the application of deep learning in drug discovery, which falls outside the manufacturing industry."
JXP85HJJ,Exclude,E2,100,"The abstract discusses IoT networks and cyber-attack detection, which is outside the manufacturing domain."
JYX5HVNE,Include,,80,"The abstract discusses federated learning in a manufacturing context, specifically addressing challenges and opportunities related to integrating new clients into existing FL systems."
JZ2LZYXS,Exclude,E2,100,"The abstract discusses Multi-access Edge Computing in the context of autonomous vehicles, which is outside manufacturing."
JZTSGQIH,Exclude,E2,100,"The abstract discusses deepfakes in healthcare and finance, which is outside the manufacturing scope of the review."
K2L6JC8P,Exclude,E2,80,"The abstract discusses the application of federated learning in the context of metaverse and digital twins for consumer electronic products, which is outside the manufacturing industry."
K4TP4AR3,Include,,80,"The abstract discusses a federated learning application in an industrial context, addressing sustainability goals and scalability limitations."
K5MV8AYM,Exclude,E2,100,"The abstract discusses the application of digital twins in general engineering systems, not specifically manufacturing."
K7B764R4,Exclude,E2,100,The abstract discusses the application of machine learning to extracellular vesicles in healthcare and cancer precision medicine.
K8224HQ4,Exclude,E2,80,"The abstract explicitly discusses a transferable methodological proposal for failure forecasting systems, but it is applied to a mining conveyor belt in Chile, which falls under the manufacturing category."
KA5WNPVJ,Exclude,E2,100,"The abstract discusses federated learning in the context of 6G wireless networks and smart services, which is outside the manufacturing industry."
KBLK6WLE,Exclude,E2,100,"The abstract discusses a cybersecurity framework for 5G infrastructures, which is outside the manufacturing domain."
KCSYKKR2,Exclude,E2,80,"The abstract discusses the limitations of federated learning in industrial settings and proposes a new approach based on transfer learning, but does not explicitly discuss its application to manufacturing."
KFD9PL8Q,Exclude,E2,100,The abstract explicitly discusses a Federated Learning application in healthcare.
KFS4QA6S,Exclude,E2,100,"The abstract discusses the application of data sharing in finance, not manufacturing."
KGJNY25U,Exclude,E2,100,"The abstract discusses an AI-enhanced framework for cloud computing, which is outside the manufacturing domain."
KHC3SWUI,Exclude,E2,100,"The abstract discusses a method for industrial robot control, which is outside the manufacturing domain of interest."
KJBIIXUQ,Exclude,E2,100,"The abstract discusses a systematic literature review on digital twin technology for Additive Manufacturing, which is outside the scope of federated learning in manufacturing."
KJJXW9L9,Exclude,E5,80,The abstract describes a literature review/survey without own contribution
KKKWCN4P,Exclude,E2,100,"The abstract explicitly states that the application is in cybersecurity threat detection, which is outside manufacturing."
KMYRAFP6,Exclude,E2,100,"The abstract discusses IoT integration in agriculture, which is outside the manufacturing scope of the review."
KNG9QAKH,Exclude,E2,100,"The abstract discusses edge computing in smart cities for IoT security, which is outside manufacturing unless they explicitly discuss transferable models to manufacturing."
KNQ7H2TB,Exclude,E2,100,"The abstract discusses Multi-Agent Reinforcement Learning (MARL) in the context of Resource Allocation Optimization (RAO), which is outside manufacturing unless they explicitly discuss transferable models to manufacturing."
KP8GILKD,Exclude,E2,100,"The abstract discusses system security assurance and artificial intelligence in cybersecurity, which is outside the manufacturing domain."
KPZGRUWM,Exclude,E2,100,"The abstract discusses federated learning in the context of Industry 4.0 and its transition to Industry 5.0, but it does not explicitly discuss transferable models to manufacturing."
KQ7SDPRP,Exclude,E2,90,"The abstract discusses IoT security and threat detection using blockchain technology, which is outside the manufacturing domain."
KQE56EP9,Include,,100,The abstract explicitly discusses transferable models to manufacturing
KTEYXQRC,Exclude,E2,80,"The abstract discusses the Cloud-Edge-IoT continuum and its application to Industrial IoT development, but does not mention federated learning in manufacturing."
KV8REWN3,Exclude,E2,100,The abstract discusses AI applications outside manufacturing.
KXNLBZUW,Exclude,E2,100,"The abstract discusses reconfigurable intelligent surfaces in the context of wireless networks and 6G speculations, which is outside the manufacturing industry."
KY5VYWQK,Exclude,E2,100,"The abstract discusses digital twin technology in precision medicine for cancer treatment, which is outside the manufacturing industry."
KYTRAX79,Exclude,E2,100,"The abstract is about smart grid cyber-physical systems in the context of data privacy and cybersecurity, which is outside manufacturing."
L3EWHFA2,Include,,90,"The abstract discusses a federated learning application in the cement industry, which is a manufacturing sector."
L3FD3P4N,Exclude,E2,100,"The abstract explicitly discusses an application of federated learning in healthcare, which is outside the review scope."
L4AVS8SL,Exclude,E2,100,"The abstract discusses AI applications in various domains of aviation, not manufacturing."
L4PZECUB,Exclude,E2,100,"The abstract discusses Generative Artificial Intelligence in a general sense, not specifically in manufacturing."
L6E4YHZD,Exclude,E2,100,"The abstract discusses AI startup business models in general, not specifically federated learning in manufacturing."
L7JN6S94,Exclude,E2,100,"The abstract explicitly states that the application is in healthcare and finance, not manufacturing."
L7VAH36R,Exclude,E2,100,The abstract explicitly discusses FL application outside manufacturing (healthcare) without mentioning transferable models to manufacturing.
L82G8LWD,Exclude,E2,100,"The abstract discusses blockchain technology in general, without any mention of federated learning or manufacturing."
L9BWDJ5G,Exclude,E2,100,"The abstract discusses the application of federated learning in IoT environments, which is outside manufacturing."
L9X9N9G7,Exclude,E2,100,"The abstract discusses wireless networks and LiFi technology, which is outside the manufacturing industry."
LAES66EL,Include,,80,"The abstract describes a real applied implementation of federated learning in manufacturing, specifically for diagnosing faults in permanent magnet synchronous motors."
LALS26YN,Include,,100,"The abstract discusses a real, applied implementation of federated learning in an industrial setting."
LAPKHCDQ,Exclude,E2,100,"The abstract discusses network automation and Industry 4.0/5.0, which is outside the manufacturing scope of the review."
LBLLVA2B,Exclude,E2,100,The abstract discusses high-performance computing in a general business context and does not mention federated learning or manufacturing.
LBYVCI65,Exclude,E2,100,"The abstract discusses AI implementation in manufacturing environments, but does not explicitly mention federated learning."
LCXHHPMY,Include,,80,"The abstract discusses federated learning in manufacturing, specifically for equipment failure detection."
LD8VWVMS,Include,,80,"The abstract discusses a real applied implementation of federated learning in manufacturing, specifically for defect detection in industrial environments."
LDIFL45I,Exclude,E2,100,"The abstract discusses an application outside manufacturing (healthcare, finance) without mentioning transferable models to manufacturing."
LDN2IEA9,Exclude,E2,80,"The abstract mentions IoT applications in manufacturing, but it is primarily focused on a blockchain-enabled framework for securing FL within IoT systems, which does not directly relate to the review scope of real, applied implementations of federated learning in manufacturing industries."
LDS5I5JE,Exclude,E2,80,"The abstract discusses federated learning in the context of digital twins and cloud platforms, which is outside manufacturing unless they explicitly discuss transferable models to manufacturing."
LDVWU726,Exclude,E2,80,The abstract discusses federated learning in IIoT but does not explicitly mention transferable models to manufacturing.
LEASQ8FC,Include,,90,"The abstract describes a real, applied implementation of federated learning in manufacturing industries."
LFMCF5FW,Exclude,E2,100,"The abstract discusses applications outside manufacturing (military, transportation, logistics, explorations) and does not mention transferable models to manufacturing."
LKVYAJIX,Exclude,E2,100,"The abstract discusses cloud management and multi-cloud architecture, which is outside the manufacturing industry."
LLVMGWBY,Exclude,E2,100,"The abstract discusses Blockchain Technology (BT) with Digital Twins (DTs), which is outside the manufacturing domain."
LMVWWDU9,Include,,80,"The abstract discusses a real, applied implementation of federated learning in an industrial setting."
LNT9XW4K,Exclude,E2,100,"The abstract itself provides clear evidence that the application is outside manufacturing (healthcare, finance, etc.)"
LPZTKZUU,Include,,80,"The abstract discusses a federated learning method for condition monitoring in manufacturing, which aligns with the review scope."
LR3DWNZL,Exclude,E2,100,"The abstract discusses IoT devices in smart living environments, which is outside the manufacturing domain."
LR7BG7ET,Exclude,E2,80,"The abstract discusses FL application outside manufacturing (healthcare is implied by the context of Industrial IoT and sensors), unless they explicitly discuss transferable models to manufacturing"
LRFYPWWP,Exclude,E5,100,The abstract describes a literature review/survey without own contribution
LSJ79APX,Exclude,E2,100,"The abstract discusses application of federated learning in the Internet of Vehicles (IoV), which is outside manufacturing."
LT4HG282,Exclude,E2,80,"The abstract discusses PHM in academia and industry, which is outside the manufacturing domain."
LUMLN9V5,Exclude,E2,80,"The abstract discusses a scheduling framework for fog networks, which is outside the manufacturing domain."
LUMV28VD,Exclude,E2,100,"The abstract discusses a Federated Reinforcement Learning framework for IoT task scheduling, which is outside the manufacturing domain."
LVB8SGCY,Exclude,E5,80,The abstract describes a literature review/survey without own contribution
LW6NIFR2,Exclude,E2,100,"The abstract discusses a music melody generation algorithm for emotion-consistent music, which is outside manufacturing."
LX8PIA3H,Exclude,E2,100,The abstract discusses FL application outside manufacturing (healthcare) without mentioning transferable models to manufacturing.
M27C2PDQ,Include,,80,"The abstract discusses a federated learning application in manufacturing, addressing the challenges of feature heterogeneity and data privacy."
M2C2J24C,Exclude,E2,100,"The abstract discusses AI applications in drug development, which is outside the manufacturing industry unless they explicitly discuss transferable models to manufacturing."
M2QUFEEW,Exclude,E5,100,The abstract describes a literature review/survey without own contribution
M4FX3CAV,Exclude,E2,100,"The abstract discusses a framework for mobile augmented reality applications, which is outside the manufacturing industry."
M5JZ8JLU,Exclude,E2,100,"The abstract discusses applications in reservoir characterization and exploration optimization, which is outside the manufacturing industry."
M5RAYWMD,Exclude,E2,80,"The abstract discusses FL application outside manufacturing (healthcare, finance, etc.) unless they explicitly discuss transferable models to manufacturing"
M6EDK3ZM,Exclude,E2,80,The abstract discusses federated learning in a general sense without explicitly mentioning manufacturing or transferable models to manufacturing.
M7IFHIDX,Exclude,E5,100,The abstract describes a literature review/survey without own contribution
M7L2ZL3H,Exclude,E2,100,"The abstract discusses the application of Federated Learning in a general sense, but does not explicitly mention manufacturing or transferable models to manufacturing."
M9CW2CQI,Include,,80,"The abstract discusses a real-world implementation of federated learning in manufacturing, specifically in the context of smart factories and digital twins."
MA95VWAA,Exclude,E2,80,"The abstract discusses a framework for data sharing and governance, but it is not clear if federated learning is being applied in manufacturing or if the models are transferable to manufacturing."
MAIWMJBD,Include,,80,"The abstract discusses a federated learning approach for time series imputation in Industry 4.0 applications, which is relevant to the review scope."
MBDIUVPA,Exclude,E5,100,The abstract describes a literature review/survey without own contribution
MC2IMSHZ,Exclude,E2,100,"The abstract discusses federated learning in the context of IoT and wireless sensor networks, which is outside manufacturing."
MCGZY3UQ,Exclude,E2,100,"The abstract discusses supply chain risk management and proposes a deep learning-based model for prediction, but it does not mention federated learning or manufacturing."
MCQNE5TP,Exclude,E2,80,"The abstract discusses digital twin technology and sensor fault management in the context of Industry 5.0, which is outside the manufacturing domain unless they explicitly discuss transferable models to manufacturing"
MDZZWX6Z,Exclude,E2,80,"The abstract discusses a federated learning application outside manufacturing (IIoT systems), but it does not explicitly discuss transferable models to manufacturing."
MES45PWI,Exclude,E2,100,"The abstract discusses applications outside manufacturing (healthcare systems, financial networks, etc.)"
MH382U2B,Exclude,E5,100,The abstract describes a literature review/survey without own contribution
MHI5LAMT,Exclude,E2,100,"The abstract discusses computer-assisted translation (CAT) courses and curricula for scientific and technical translation (STT), which is outside the manufacturing industry."
MHVQX4VY,Include,,80,"The abstract discusses federated learning in manufacturing, addressing challenges specific to this industry."
MJ3YDRLB,Include,,80,"The abstract discusses federated learning in an Industry 4.0 environment, which is relevant to manufacturing."
MJZLX69C,Exclude,E2,80,"The abstract discusses a federated learning application outside manufacturing (supply chain management), and does not explicitly discuss transferable models to manufacturing."
MLQR329J,Exclude,E2,100,"The abstract discusses AI application in construction, which is outside manufacturing."
MLTZN3XF,Exclude,E2,80,"The abstract discusses FL in the healthcare industry, which is outside of the review scope unless they explicitly discuss transferable models to manufacturing."
MM63P6HL,Exclude,E2,100,"The abstract discusses edge computing in various industries, but does not explicitly mention federated learning or its application to manufacturing."
MMFKALJY,Exclude,E2,100,"The abstract discusses IoT security and proposes a new authentication and access control system, which is outside the scope of manufacturing."
MNI4XJYY,Exclude,E2,80,"The abstract discusses edge computing in the context of Industry 4.0, but does not explicitly discuss transferable models to manufacturing."
MNMYW5ZI,Exclude,E2,80,"The abstract mentions traffic forecasting tasks and IoT-enabled sensor data, which is outside the manufacturing industry."
MP8649CQ,Exclude,E2,90,"The abstract discusses an application of machine learning in manufacturing (bearing fault diagnosis), but it does not explicitly discuss transferable models to other industries."
MQ2L36SA,Exclude,E2,100,"The abstract discusses Swarm Intelligence applications in IoT, fog and edge computing, which is outside the manufacturing domain."
MQ5T68WJ,Exclude,E2,100,"The abstract discusses digital twins in seaports, which is outside the manufacturing industry."
MSLL2NLZ,Exclude,E2,80,"The abstract discusses federated learning in the context of Edge AI, which is outside manufacturing unless they explicitly discuss transferable models to manufacturing."
MTSKXLAE,Exclude,E2,100,"The abstract discusses the application of deep learning techniques to lithium-ion batteries in healthcare, which is outside manufacturing unless they explicitly discuss transferable models to manufacturing."
MUGAG6YI,Exclude,E2,100,The abstract discusses a cybersecurity application outside manufacturing.
MUYYET5W,Exclude,E2,100,"The abstract discusses power grids and renewable energy sources, which is outside the manufacturing industry."
MWZWT473,Exclude,E2,80,"The abstract discusses federated learning in a general context and mentions IIoT as an application scenario, but does not explicitly discuss transferable models to manufacturing."
MYIIFHLQ,Exclude,E2,80,"The abstract discusses federated learning as one of the emerging generalizable ML approaches, but it is a literature review/survey without own contribution and focuses on its application in the automotive industry rather than manufacturing in general."
MYWW5B3B,Exclude,E2,80,"The abstract discusses a big data analysis system for manufacturing procurement management, but does not mention federated learning."
MZES5LJ3,Exclude,E2,100,"The abstract explicitly states that the application is in oil combusting and gas facilities, which is outside manufacturing."
MZYE4BCX,Exclude,E2,100,"The abstract discusses federated learning in the context of Industry 5.0 and IoE networks, which is outside manufacturing unless they explicitly discuss transferable models to manufacturing."
N3I7H2XP,Exclude,E2,100,"The abstract discusses a machine learning-based DDoS detection framework for IoT networks, which is outside the manufacturing domain."
N3NW2283,Exclude,E2,100,"The abstract is about a framework for intelligent aerobics training, which falls outside the manufacturing domain."
N4DVQJRU,Exclude,E2,100,"The abstract discusses a cybersecurity application in IoT devices, which is outside the manufacturing domain."
N5JPVDCW,Exclude,E2,80,"The abstract mentions that FL is widely deployed in industrial IoT scenarios, but it does not explicitly discuss transferable models to manufacturing."
N7EVWCKJ,Exclude,E2,100,"The abstract discusses machine-learning-based NIDS and class imbalance in network applications, which is outside the manufacturing domain."
N7NK9WKJ,Include,,80,The abstract discusses a federated learning application in manufacturing.
N8IZ2XSD,Exclude,E2,80,"The abstract discusses Edge AI in various industries, but does not explicitly mention transferable models to manufacturing."
N9UZRNJY,Exclude,E2,100,"The abstract discusses digital learning factories in the context of industrial requirements and digitalization, which is outside the scope of federated learning in manufacturing."
N9W36BET,Include,,80,"The abstract discusses an application of federated learning in manufacturing, specifically additive manufacturing."
NA7FRTMW,Exclude,E2,80,"The abstract discusses FL application outside manufacturing, specifically in the context of product use and user privacy."
NASEER7C,Exclude,E2,100,The abstract discusses GNSS and jamming attacks in a non-manufacturing context.
NBN2QXSN,Exclude,E2,80,"The abstract discusses federated learning in a general context of IoT security and anomaly detection, but does not explicitly discuss transferable models to manufacturing."
NCVGLSYS,Exclude,E2,100,"The abstract discusses the legal framework for AI service businesses in Japan and the U.S., with no mention of federated learning or manufacturing."
NH5DB6CT,Exclude,E2,80,"The abstract mentions application to a laboratory testbed in manufacturing, but the main focus is on state-based potential games and gradient-based optimization methods, which are not directly related to federated learning in manufacturing."
NJUNS8CB,Exclude,E2,100,"The abstract discusses a blockchain application outside manufacturing (healthcare), unless they explicitly discuss transferable models to manufacturing"
NKUICI4J,Exclude,E2,100,"The abstract discusses Wi-Fi standardization and its future directions, which is outside the manufacturing industry."
NLGQ46YJ,Exclude,E2,80,"The abstract explicitly states that the application is outside manufacturing (healthcare and logistics), but mentions transferable models to manufacturing."
NQ8YJVID,Exclude,E5,100,The abstract itself states that it is a literature review/survey without own contribution.
NQLHFQWL,Exclude,E5,80,The abstract describes a literature review/survey without own contribution
NU9MU4PM,Include,,100,The abstract explicitly discusses the application of federated learning in manufacturing.
NUGE4ZPV,Exclude,E2,80,"The abstract mentions potential applications in smart city services and industrial IoT, which are outside manufacturing unless they explicitly discuss transferable models to manufacturing."
NUVJ2AWJ,Exclude,E2,80,"The abstract discusses the application of AI and ML in additive manufacturing, but it does not explicitly discuss transferable models to manufacturing industries."
NWR5DHMU,Exclude,E2,80,"The abstract discusses a deep learning-based optimization model for predicting enterprise operations and planning green production in the context of the Belt and Road Initiative (BRI), which is outside the manufacturing industry."
NXGU8WAK,Exclude,E2,80,"The abstract discusses FL in a non-manufacturing context (IIoT), but mentions transferable models to manufacturing."
P235GS8Y,Exclude,E2,100,"The abstract discusses a biometric data protection scheme for face recognition in ECS, which is outside the manufacturing industry."
P2L32YK8,Exclude,E2,100,"The abstract discusses a blockchain-based framework for ensuring food safety and traceability in fruit supply chains, which is outside the manufacturing industry."
P6FKKB2Y,Exclude,E2,80,"The abstract discusses inventory management in a supply chain, which is outside the manufacturing domain."
P7QY6FND,Include,,80,"The abstract discusses a federated learning application in manufacturing, specifically in the context of Industrial Internet of Things (IIoT) systems and predictive maintenance."
P94R7L9S,Exclude,E2,80,"The abstract discusses a distributed learning approach that aggregates data at a central location, which is outside the scope of federated learning in manufacturing."
PAMYGH6K,Exclude,E2,80,"The abstract discusses federated learning in the context of task offloading in hierarchical Local-Edge-Cloud environments, which is outside manufacturing."
PCKAGHR4,Exclude,E2,80,"The abstract discusses a federated learning system for decentralized edge devices, but it does not explicitly mention manufacturing or transferable models to manufacturing."
PEK8DPBG,Exclude,E2,100,"The abstract discusses cloud computing and task-scheduling methods in a dynamic cloud setting, which is outside the manufacturing industry."
PFKYBHRX,Exclude,E2,80,The abstract discusses federated learning in a general context without explicitly mentioning manufacturing or transferable models to manufacturing.
PGGVUIHY,Exclude,E2,100,"The abstract discusses an application of federated learning in the Internet of Urban Things (IoUTs), which is outside manufacturing."
PGKGX5E5,Exclude,E2,100,"The abstract discusses the integration of blockchain into smart systems for various applications, but does not mention manufacturing or transferable models to manufacturing."
PI6IYEED,Exclude,E2,80,"The abstract discusses federated learning in IIoT devices, but does not explicitly discuss transferable models to manufacturing."
PILG5GYI,Exclude,E2,80,"The abstract discusses federated learning in the context of edge-enabled IoT ecosystems and its application to fault recovery in dynamic distributed environments, which is outside manufacturing."
PJEXMRHW,Include,,80,"The abstract discusses the application of federated learning in manufacturing, specifically in a real-world case study."
PJJYGTBR,Exclude,E2,80,"The abstract explicitly states that the application is in Industrial Internet of Things (IIoT) and predictive maintenance, which falls outside manufacturing unless they discuss transferable models to manufacturing."
PKM2QFBB,Exclude,E2,100,"The abstract explicitly states that the FL application is in healthcare and smart infrastructure, which are outside manufacturing unless they discuss transferable models to manufacturing."
PL4N29M2,Exclude,E2,100,"The abstract discusses a Cyber-Physical System (CPS) framework for edge-IoT data transfer efficiency and intelligent load balancing, which is outside the manufacturing domain."
PMZTGIA7,Exclude,E2,100,The abstract explicitly mentions applications in finance and security outside of manufacturing.
PNQP4AWD,Exclude,E2,100,"The abstract itself provides clear evidence for E2: FL application outside manufacturing (healthcare, finance, etc.) unless they explicitly discuss transferable models to manufacturing"
PNZ35QZQ,Exclude,E2,100,"The abstract discusses a hybrid neuro-symbolic AI framework for cyber threat analysis in consumer electronic platforms, which is outside the manufacturing domain."
PP84RZFL,Exclude,E2,100,"The abstract discusses an application of federated learning outside manufacturing (IoT environments), and does not mention transferable models to manufacturing."
PQB4JSN9,Exclude,E2,100,The abstract discusses wireless communication and IoT technologies outside the manufacturing industry.
PQDBMI8L,Exclude,E2,100,"The abstract itself provides clear evidence that the FL application is outside manufacturing (healthcare/e-waste management), unless they explicitly discuss transferable models to manufacturing"
PQHYFN3B,Exclude,E2,100,The abstract discusses applications outside manufacturing (autonomous driving and healthcare)
PRGFIX2A,Exclude,E2,80,The abstract mentions IoT applications outside manufacturing
PTAMM9RQ,Exclude,E2,100,"The abstract discusses IIoT-based predictive maintenance in manufacturing, energy, and automotive industries, which falls under the exclusion criterion E2."
PTYU87MM,Exclude,E2,100,"The abstract discusses fault detection in medical equipment and IIoT settings, which is outside the manufacturing industry."
PWNM5UGY,Exclude,E2,100,"The abstract discusses a bio-inspired neutrosophic-enzyme intelligence framework for pediatric dental diagnostics, which is outside the manufacturing domain."
PY3WRU9R,Exclude,E2,100,"The abstract mentions application of federated learning in fields such as medicine and health, which is outside the manufacturing industry."
PY4Z5TI8,Exclude,E2,100,"The abstract explicitly states that the application is in the pharmaceutical sector, which is outside manufacturing unless they discuss transferable models to manufacturing."
Q2UHE2RX,Exclude,E5,100,The abstract describes a literature review/survey without own contribution
Q4V348RR,Exclude,E2,80,"The abstract states that the application is in material research institutions and the National Material Data Management and Services platform, which is outside manufacturing unless they explicitly discuss transferable models to manufacturing."
Q5QF6K8E,Exclude,E2,100,"The abstract discusses a blockchain-based framework for secure IoT data management in smart applications, which is outside the manufacturing domain."
Q7NI2PPT,Exclude,E2,100,"The abstract discusses machine learning applications in materials science and composite systems, which is outside the manufacturing domain."
Q7U7B9HG,Exclude,E2,100,"The abstract discusses federated learning in the context of Intelligent Transportation System and autonomous driving applications, which is outside manufacturing unless they explicitly discuss transferable models to manufacturing."
Q8IYTE8N,Exclude,E2,80,"The abstract discusses AI techniques and their applications in manufacturing, but it does not explicitly discuss federated learning or transferable models to manufacturing."
Q8NY56FD,Exclude,E2,80,"The abstract discusses federated learning in satellite constellations for Earth observation and communications, which is outside the manufacturing industry."
QBN6UZDS,Exclude,E2,100,The abstract discusses FL application outside manufacturing (healthcare) without discussing transferable models to manufacturing.
QC42ERYB,Exclude,E5,100,The abstract describes a literature review/survey without own contribution
QFXN36E2,Exclude,E2,100,"The abstract discusses AI applications in the energy sector, not manufacturing."
QGYTH8VR,Exclude,E2,80,"The abstract mentions applications in healthcare and automation, indicating that the FL application is outside manufacturing unless they explicitly discuss transferable models to manufacturing."
QHRPZNJN,Exclude,E2,100,The abstract discusses healthcare systems and does not mention manufacturing or transferable models to manufacturing.
QI2G4UHK,Exclude,E2,100,The abstract discusses Mobile Edge Computing applications outside manufacturing.
QLYWTRUZ,Exclude,E2,100,The abstract discusses Blockchain-based decentralized trust management systems for IoT applications outside manufacturing.
QNWGDMG3,Exclude,E2,100,"The abstract discusses edge deep learning in medical diagnostics, which is outside manufacturing unless they explicitly discuss transferable models to manufacturing."
QPLCYDNK,Exclude,E2,100,"The abstract mentions application of federated learning in IIoT and SCADA networks, which is outside manufacturing unless they explicitly discuss transferable models to manufacturing."
QQN955LQ,Exclude,E2,80,"The abstract discusses a Federated Learning application in Industrial Control Systems for anomaly detection, which is outside the manufacturing scope of interest."
QRKPIAXR,Exclude,E2,100,"The abstract discusses blockchain technology in supply chain management, which is outside the manufacturing domain."
QRYQWPZT,Exclude,E2,80,"The abstract discusses machine learning and combinatorial optimization in various domains, but does not explicitly mention manufacturing or transferable models to manufacturing."
QT4HI7D7,Exclude,E2,100,The abstract explicitly states that the application is in healthcare and not manufacturing.
QTKYUQA3,Include,,80,"The abstract discusses a federated learning application in manufacturing (robot transmission components), and it is not a literature review/survey without own contribution."
QTLJJVET,Exclude,E5,100,The abstract describes a literature review/survey without own contribution
QTUKRHSU,Exclude,E2,100,The abstract discusses VR applications outside manufacturing.
QUU2824Q,Exclude,E2,100,"The abstract discusses energy demand forecasting and machine learning/deep learning techniques for energy consumption prediction, which is outside the manufacturing domain."
QUZFV828,Exclude,E2,100,"The abstract discusses federated learning in the context of cancer diagnosis and treatment, which is outside the manufacturing industry."
QVSFMNAS,Exclude,E2,80,"The abstract discusses an application of federated learning in the Industrial Internet of Things (IIoT) for intrusion-detection systems, which is outside manufacturing."
QVSWM9HH,Exclude,E2,100,"The abstract discusses a cloud computing platform tailored to the power industry, which is outside manufacturing."
QW29SI8J,Exclude,E2,100,"The abstract is about IoMT security concerns and intrusion detection in healthcare, which falls outside the review scope of federated learning in manufacturing."
QWA8Q9E4,Exclude,E2,100,"The abstract discusses a multi-stakeholder data sharing system in the drug development and healthcare communities, which is outside manufacturing."
QXF7SHQW,Exclude,E2,100,"The abstract discusses Unmanned Aerial Vehicles (UAVs) in complex projects, which is outside the manufacturing industry."
QXSPIHAM,Exclude,E2,100,"The abstract discusses intrusion detection systems for IoT deployments, which is outside the manufacturing domain."
QY8S4GQ6,Exclude,E2,80,"The abstract discusses transfer learning in intra- and inter-organizational settings for predictive process monitoring, but does not mention manufacturing."
QZ79J3SM,Exclude,E2,80,"The abstract mentions application to 6 G network slice classification, which is outside manufacturing unless they explicitly discuss transferable models to manufacturing"
R2QC5BMH,Exclude,E2,80,"The abstract discusses a federated learning application in the IIoT environment, but it is not explicitly stated that the models learned are transferable to manufacturing."
R3HC242G,Exclude,E2,80,"The abstract discusses federated learning in the context of data sharing and security, but it is not a manufacturing application."
R464EQAX,Exclude,E2,100,"The abstract discusses AIoT and edge-cloud collaborative computing, which is outside of manufacturing."
R53ZSX8E,Exclude,E2,100,"The abstract discusses breathing monitoring using body area networks in the context of endurance running, which is outside manufacturing."
R5BHCSNB,Exclude,E2,80,"The abstract mentions application in manufacturing, energy, and precision engineering sectors, which is outside the review scope unless they explicitly discuss transferable models to manufacturing"
R5XSAXIJ,Exclude,E2,100,"The abstract discusses Human activity recognition (HAR) in computer vision, which is outside the manufacturing domain."
R6Y6M4ZC,Exclude,E2,100,"The abstract discusses FL application outside manufacturing (healthcare, finance, etc.)"
R7JCXU9W,Exclude,E2,100,The abstract itself provides clear evidence for E2: FL application outside manufacturing (healthcare/education)
R7SLMYIG,Include,,80,"The abstract discusses a real-world application of federated learning in manufacturing, addressing data privacy concerns and providing a framework for training ML models while keeping data private."
R9Z6WDHR,Exclude,E2,80,"The abstract discusses the digital twin concept in the aviation industry, which is outside manufacturing unless they explicitly discuss transferable models to manufacturing."
RCDVGG7N,Exclude,E2,100,"The abstract discusses federated learning application in healthcare, not manufacturing."
RCZWGNLE,Exclude,E2,100,"The abstract discusses smart grid and next-generation smart grid technologies for energy management, which is outside the manufacturing industry."
RD4IY5DP,Exclude,E2,100,"The abstract discusses FDIA in power systems, which is outside the manufacturing domain."
RDBICWGI,Include,,80,"The abstract discusses federated learning in a manufacturing context, specifically for Remaining Useful Life prediction in industrial machinery."
RGHI2I3Z,Exclude,E2,80,"The abstract discusses an intrusion detection framework for IoT networks, which is outside the manufacturing domain."
RGUXMWI9,Exclude,E2,100,"The abstract discusses the application of Societal Digital Twin technology in healthcare, which is outside the review scope."
RJ5VU3I3,Exclude,E2,100,"The abstract discusses a 6G connection, which is outside the manufacturing industry."
RJI9BVMU,Exclude,E2,80,"The abstract mentions applications in manufacturing, energy, and healthcare, but the focus is on data security and privacy preserving for ICPS, not transferable models to manufacturing."
RJSEIMYV,Exclude,E2,100,"The abstract discusses smartdust technology in urban planning and policy development, which is outside the manufacturing industry."
RKBB48DT,Include,,80,"The abstract discusses a federated learning framework for mobile edge computing in manufacturing-like settings (IoT devices), which is relevant to the review scope."
RKTAKXIL,Exclude,E2,80,"The abstract discusses Explainable AI in manufacturing, but does not mention federated learning."
RMM4BGUV,Exclude,E2,100,The abstract discusses wireless capsule endoscopy applications outside manufacturing.
RPAZNE7J,Exclude,E2,100,"The abstract discusses fog computing in corporate networks, which is outside the manufacturing industry."
RPNAEWC3,Include,,100,The abstract explicitly discusses the application of federated learning in a manufacturing industry (textile manufacturing).
RPR3L57K,Exclude,E2,100,"The abstract discusses a Federated Machine Learning application in cybersecurity (detecting malware), not manufacturing."
RR3QTT5Y,Exclude,E2,100,"The abstract discusses federated learning in the context of IoT and Industry 4.0, which is outside the manufacturing domain."
RRN6E693,Exclude,E2,80,"The abstract explicitly states that the application is in multiple industries including manufacturing, commerce, and education."
RTI2QE35,Exclude,E2,100,The abstract discusses blockchain and IIoT applications outside manufacturing.
RTRRZSFI,Include,,80,"The abstract discusses federated learning in the context of Industry 4.0 and smart factories, which is relevant to manufacturing."
RZASH2ZB,Exclude,E2,80,"The abstract discusses digital transformation in manufacturing, but it does not mention federated learning."
S23I4YUP,Exclude,E2,100,"The abstract discusses blockchain technology for spectrum access and security in 6G cognitive radio IoT networks, which is outside the manufacturing industry."
S2MPQM6L,Exclude,E2,80,The abstract explicitly mentions healthcare and finance as application areas.
S3MV7MWV,Exclude,E2,100,"The abstract discusses an application of federated learning in the IoT network management, which is outside manufacturing."
S3UXH8IF,Exclude,E5,100,The abstract describes a literature review/survey without own contribution
S72UDF9Z,Exclude,E2,100,"The abstract discusses satellite-integrated Internet and distributed satellite information networks, which is outside the manufacturing industry."
S7XN2R85,Exclude,E2,100,"The abstract discusses an application of federated learning outside manufacturing (IoT security), and there is no mention of transferable models to manufacturing."
S8UH5GQU,Exclude,E2,100,"The abstract discusses smart agriculture and IoT security, which is outside the manufacturing domain."
SA267WJS,Exclude,E2,100,"The abstract discusses a blockchain-based secure IoT system for various industries, including manufacturing, but the focus is on security and not federated learning."
SB73HMH4,Exclude,E2,80,"The abstract discusses Federated Learning in the context of Internet of Things (IoT), which is outside manufacturing unless they explicitly discuss transferable models to manufacturing."
SBVYR9WG,Exclude,E2,80,"The abstract mentions FL application outside manufacturing (healthcare, finance, etc.)"
SDETA6G2,Exclude,E2,100,"The abstract discusses privacy-preserving machine learning in IoT networks, which is outside the manufacturing domain."
SE6R6W4M,Exclude,E2,100,"The abstract is about sports domain, not manufacturing."
SFT3J8QK,Exclude,E2,100,"The abstract discusses the application of active learning to waste classification in smart cities, which is outside the manufacturing domain."
SHGEI7NB,Exclude,E2,100,"The abstract discusses a collaborative framework for intelligent traffic management, which is outside the manufacturing industry."
SHPQASXG,Exclude,E2,100,"The abstract discusses a security threat in Industrial Internet of Things (IIoT) systems, which is outside the manufacturing domain."
SK8X8RUI,Exclude,E2,100,The abstract explicitly states the application of federated learning in healthcare.
SL7QNT6G,Exclude,E2,80,The abstract itself provides clear evidence for E2: FL application outside manufacturing (healthcare is not mentioned but home-appliance industry is)
SM5B6M6P,Exclude,E2,100,"The abstract discusses an application of federated learning outside manufacturing (blockchain environments), and does not mention transferable models to manufacturing."
SNYBTVSQ,Exclude,E2,80,"The abstract itself provides clear evidence for E2: FL application outside manufacturing (healthcare, finance, etc.) unless they explicitly discuss transferable models to manufacturing"
SPLEPT8B,Exclude,E2,100,"The abstract discusses Web Intelligence in the context of AI and its societal impacts, with no mention of manufacturing or transferable models to manufacturing."
SPRD3MJ7,Exclude,E2,100,"The abstract discusses the application of deep learning in the tea industry, which is outside manufacturing."
SQRWLR3D,Exclude,E2,100,"The abstract discusses Federated Learning in the context of wireless communications and 6G systems, which is outside manufacturing."
SRNA3HFM,Exclude,E2,100,The abstract discusses healthcare applications of federated learning.
STKFZP3G,Exclude,E2,80,"The abstract discusses a machine learning pipeline for predicting worker postures and providing health risk assessments, but it is focused on occupational health in general rather than manufacturing specifically."
SV5VAGQX,Exclude,E2,80,"The abstract discusses FL applications outside manufacturing (healthcare, IoT) unless they explicitly discuss transferable models to manufacturing"
SVU4UGVM,Exclude,E2,100,"The abstract discusses federated learning application in the smart grid domain, which is outside manufacturing."
SX8VAB95,Exclude,E2,100,"The abstract discusses applications outside manufacturing (healthcare, finance, etc.)"
SXKXTPBC,Exclude,E2,80,The abstract discusses federated learning in a general sense and does not explicitly mention manufacturing or transferable models to manufacturing.
SYC42CS4,Exclude,E2,80,The abstract discusses the application of quantum-resistant authentication framework for QFL in military communication networks and other critical infrastructures such as healthcare and industrial IoT.
SZLKMUYS,Exclude,E2,100,"The abstract discusses a systematic literature review on the intersection of AI, IoT, Blockchain, and Quantum Computing, which is outside the manufacturing industry."
T4TBLLL4,Exclude,E2,80,"The abstract discusses federated learning in the context of IoT networks for smart healthcare, autonomous systems, and industrial automation, which is outside manufacturing unless they explicitly discuss transferable models to manufacturing."
T5HGQA6V,Exclude,E2,100,"The abstract is about UAVs and UAM in transportation and emergency response, which are outside the manufacturing industry."
T5NS5N38,Exclude,E2,100,"The abstract is about maritime operations and cyber-physical networks, which is outside the manufacturing industry."
T66CUXQU,Exclude,E2,100,"The abstract discusses the application of AI in healthcare, specifically drug development and clinical practice, which is outside the review scope."
T79JZHSB,Include,,80,"The abstract discusses a real implementation of federated learning in manufacturing, specifically for predicting machine tool lifetime."
TAQPIJ9T,Exclude,E2,100,"The abstract discusses federated learning in the context of software engineering and artificial intelligence, specifically for intelligent systems that require machine learning, which is outside the manufacturing domain."
TCLRDSGJ,Exclude,E2,80,"The abstract discusses an application of federated learning in the education sector, which is outside manufacturing unless they explicitly discuss transferable models to manufacturing."
TEEXTGHZ,Exclude,E2,80,"The abstract discusses Industrie 4.0 in manufacturing, but the focus is on data infrastructure and security rather than federated learning."
TGISTZ7N,Exclude,E2,100,"The abstract discusses machine learning in renewable energy and climate change mitigation, which falls outside the review scope of federated learning in manufacturing."
THSY8H5B,Exclude,E2,100,"The abstract discusses software-defined networking (SDN) and its security vulnerabilities, which is outside the manufacturing industry."
TI48389H,Include,,90,"The abstract discusses a federated learning application in manufacturing, specifically for condition monitoring of induction motors."
TICZZVV7,Exclude,E2,100,"The abstract discusses quantum technologies and artificial intelligence in general, without any specific mention of manufacturing or transferable models to manufacturing."
TIJS92NC,Exclude,E2,100,"The abstract discusses federated learning in the context of 6G wireless systems, which is outside manufacturing."
TKAH4VET,Exclude,E2,100,"The abstract discusses a systematic literature review on using drones for plant disease detection in agriculture, which is outside the manufacturing industry."
TM5GTP2T,Include,,100,"The abstract explicitly discusses a real, applied implementation of federated learning in manufacturing industries."
TMF2ZNZ5,Exclude,E2,80,"The abstract mentions that the proposed system is evaluated on real-world IoT datasets in three key domains: smart cities, industrial automation, and healthcare."
TN69IPZ6,Include,,100,"The abstract discusses federated learning in Industry 4.0, which is a manufacturing context."
TRGSKS3S,Exclude,E2,100,"The abstract is about healthcare industry and cognitive health assessments, not manufacturing."
TSB5IHGT,Exclude,E2,80,"The abstract discusses a Federated Learning application in IoT networks, which is outside manufacturing unless they explicitly discuss transferable models to manufacturing."
TTIYZE39,Exclude,E2,80,The abstract explicitly discusses transferable models to manufacturing
TTK3RH8P,Exclude,E2,100,"The abstract discusses the application of intrusion detection in IoT-HPC Cloud architecture, which is outside manufacturing."
TTW7XNTN,Exclude,E2,80,"The abstract discusses a blockchain-based framework for distributed SMEs, which is outside the manufacturing domain."
TV8T4CDQ,Exclude,E2,80,"The abstract discusses transfer learning in general, but does not explicitly mention manufacturing or discuss transferable models to manufacturing."
TV9F4LTQ,Exclude,E2,80,"The abstract mentions an application outside manufacturing (intrusion detection in IoT), but does not discuss transferable models to manufacturing."
TVSHQXTG,Exclude,E2,100,"The abstract discusses a literature review of human-aware systems in manufacturing and logistics, but does not present an actual implementation or application of federated learning."
TWWB28WS,Exclude,E2,100,"The abstract discusses FL application outside manufacturing (healthcare, finance, etc.)"
TYBZXGTA,Exclude,E2,100,"The abstract discusses Federated Learning in healthcare, not manufacturing."
TYPR358H,Exclude,E2,100,The abstract discusses XAI in IoT applications outside manufacturing.
TZWPMNGH,Include,,80,"The abstract discusses a real, applied implementation of federated learning in an unspecified industry, but the mention of Industry 4.0 and IoT scenarios suggests it could be manufacturing."
U37C95P8,Exclude,E2,100,The abstract discusses a cyber-physical threat detection system for IIoT-5G environments and does not mention federated learning in manufacturing.
U3CCVVA4,Exclude,E2,100,"The abstract discusses Industrial Internet of Things (IIoT) security and proposes an expert system to detect and prevent attacks on IIoT devices, but it does not mention federated learning or manufacturing."
U3CMMRYY,Exclude,E2,80,"The abstract discusses Industry 5.0 and its focus on sustainability in manufacturing, but does not explicitly discuss transferable models to other industries."
U3EFVL9F,Exclude,E2,100,The abstract discusses a federated learning application in IoT systems outside manufacturing.
U54F8N28,Include,,100,"The abstract discusses a real, applied implementation of federated learning in manufacturing industries."
U5WPSRFC,Exclude,E2,100,The abstract discusses smart grid technologies outside of manufacturing.
U6BGIA47,Exclude,E2,80,"The abstract discusses federated learning in the context of industrial control networks and cybersecurity, but it does not explicitly discuss transferable models to manufacturing."
U6M8ZES5,Exclude,E2,100,"The abstract discusses a federated learning application in IIoT environments, which is outside the manufacturing industry."
U6WV4CTR,Exclude,E2,100,The abstract discusses federated learning application outside manufacturing (healthcare) unless they explicitly discuss transferable models to manufacturing.
U7U49P8X,Exclude,E5,80,The abstract describes a literature review/survey without own contribution
U85X24LJ,Exclude,E2,100,The abstract discusses applications of Blockchain and Generative AI in healthcare.
U9Q46P4G,Exclude,E2,100,"The abstract is about Software-Defined Networking (SDN) and cybersecurity, which is outside the manufacturing domain."
UC4XQGLY,Exclude,E2,100,"The abstract explicitly states the application is in healthcare (IoMT) and mentions broader applicability to financial services, critical infrastructure, and government networks."
UCCYR6DP,Exclude,E2,100,"The abstract discusses IoT-ML applications in precision agriculture, which is outside the review scope of manufacturing unless they explicitly discuss transferable models to manufacturing."
UEKVW5CW,Exclude,E2,80,"The abstract discusses a predictive maintenance system for connected vehicles, which is outside the manufacturing domain."
UG79BIQZ,Exclude,E2,100,"The abstract discusses applications of blockchain and AI in various domains (industrial, urban, domestic environments; supply chains, healthcare, smart grids), but does not explicitly discuss transferable models to manufacturing."
UGCHRIQB,Exclude,E2,100,"The abstract discusses AI-based edge computing in IoT ecosystems, specifically for phishing detection and mitigation, which is outside the manufacturing domain."
UGKL7A4Q,Include,,80,"The abstract discusses a federated semisupervised learning scheme for Industry4.0, which is relevant to manufacturing."
UHFUH5X7,Exclude,E2,100,"The abstract discusses the application of deep learning to intrusion detection in IoT and IIoT environments, which is outside the scope of manufacturing."
UJEZFIXU,Exclude,E2,100,The abstract discusses a federated learning application outside manufacturing (smart home security) and does not explicitly discuss transferable models to manufacturing.
UJLQP28N,Exclude,E2,100,"The abstract discusses federated learning in the context of cybersecurity and DDoS attacks, which is outside the manufacturing industry."
UK45FPKI,Exclude,E2,100,"The abstract discusses federated learning in the context of industrial IoT and adversarial attacks, which is outside manufacturing unless they explicitly discuss transferable models to manufacturing."
UKJVQS6F,Exclude,E2,100,"The abstract discusses a federated learning application outside manufacturing (healthcare), which does not meet the review scope."
UM5YWCER,Exclude,E2,100,"The abstract discusses a security model for IoT infrastructure, which is outside the manufacturing domain."
UMATANIK,Exclude,E2,100,"The abstract discusses federated learning in healthcare, not manufacturing."
UMICHQHF,Include,,80,"The abstract discusses federated learning in a manufacturing context, specifically for improving generalization and adapting to emerging faults."
UMNB82CP,Exclude,E2,80,"The abstract discusses a method for bearing defect detection in the context of experimental data collection and analysis, which is outside the scope of manufacturing industries unless they explicitly discuss transferable models to manufacturing."
UMQZEZQ9,Exclude,E2,80,"The abstract discusses transferable models to manufacturing, but it does not describe a real, applied implementation of federated learning in manufacturing industries."
UPDLRIRK,Exclude,E2,100,"The abstract discusses the application of simulation and machine learning to supply chain management, which is outside the manufacturing domain."
UQ29B7T3,Exclude,E2,80,"The abstract discusses Industry 4.0 and deep learning in manufacturing, but the focus is on general principles and applications rather than a specific implementation of federated learning."
UQ8BJKDZ,Exclude,E2,100,"The abstract discusses a scheduling problem in manufacturing, but it does not mention federated learning."
UQS8HY54,Exclude,E2,100,"The abstract discusses IoTs in cities, which is outside the manufacturing domain."
US82T35H,Exclude,E2,80,"The abstract mentions application in Industrial control systems network environment, which is outside manufacturing."
USLX6Y7H,Include,,100,"The abstract discusses federated learning in additive manufacturing, which falls within the review scope."
UTPD6JC4,Exclude,E2,80,"The abstract discusses the application of federated learning in general, without mentioning manufacturing or transferable models to manufacturing."
UUDGZFKK,Exclude,E2,80,"The abstract discusses a generative AI application in industrial IoT environments, but does not explicitly discuss transferable models to manufacturing."
UUJFYUCH,Include,,80,"The abstract discusses federated learning in manufacturing, addressing challenges specific to the industry."
UVT4VJEG,Exclude,E2,90,"The abstract discusses a trust management scheme for IoT nodes, which is outside the manufacturing domain."
UVY4JMGB,Exclude,E2,80,"The abstract discusses federated learning in a cloud-based AI application for multimodal data processing, but it is not focused on manufacturing."
UW6Q5Y24,Exclude,E5,80,The abstract describes a literature review/survey without own contribution
UYXU3LH5,Exclude,E2,100,The abstract discusses an application of federated learning outside manufacturing (UAV-based IDS systems in civilian and military environments)
V3A82J23,Exclude,E5,100,The abstract describes a literature review/survey without own contribution
V3SU39AY,Exclude,E2,100,"The abstract discusses industrial internet of things (IIoT) security and moving target defense against DDoS attacks, which is outside the manufacturing domain."
V4FN68TB,Exclude,E2,100,"The abstract discusses intrusion detection in IoT networks, which is outside manufacturing unless they explicitly discuss transferable models to manufacturing."
V5C4PCVR,Exclude,E2,100,"The abstract discusses a framework for trust evaluation in beyond-5G/6G networks, which is outside the manufacturing industry."
V5DGUQZB,Exclude,E2,100,"The abstract discusses a UAV inspection framework for power systems, which is outside the manufacturing industry."
V5T3AUCK,Exclude,E2,100,"The abstract discusses the application of AI, ML, and DL in cyber risk management, which is outside the manufacturing industry."
V6VM53WP,Exclude,E2,80,"The abstract discusses a Decentralized Federated Learning (DFL) approach in general terms, but does not explicitly mention manufacturing or transferable models to manufacturing."
V77Z5Z9G,Exclude,E2,100,"The abstract discusses precision spraying technology and its applications in crop protection, but it does not mention federated learning or manufacturing."
V7MYRPNU,Include,,100,The abstract explicitly discusses the application of data integration in manufacturing.
V8Y8F2HQ,Exclude,E2,100,"The abstract discusses biosensing platforms for detecting foodborne pathogens in healthcare, which is outside the manufacturing scope of this review."
VAG3DZZA,Exclude,E2,100,"The abstract discusses digital twin technology and its applications in Industry 4.0, but does not mention federated learning or manufacturing."
VAIAJT2Y,Exclude,E2,100,"The abstract discusses the application of AI in healthcare, which is outside the review scope."
VCFKCB3U,Exclude,E2,100,"The abstract discusses the application of AI and blockchain to IoT security in Indonesia, which is outside the manufacturing domain."
VCSZP4N8,Exclude,E2,100,"The abstract discusses an application of federated learning outside manufacturing (healthcare IoT and industrial control systems), which matches exclusion criterion E2."
VDDW57X2,Include,,100,"The abstract describes an application of federated learning in the textile industry, which is a manufacturing sector."
VDSFNCGW,Exclude,E2,100,"The abstract discusses a Digital Twin Security Framework Architecture for addressing insider threats and real-time cyberattacks in OT and IT systems, which is outside the manufacturing domain."
VESUYTTQ,Exclude,E2,100,"The abstract discusses VLC systems, which is outside the manufacturing industry."
VF4SKHZV,Exclude,E2,100,"The abstract discusses the application of 6G technology to drones in various sectors, but does not mention manufacturing or transferable models to manufacturing."
VFC4M3RQ,Exclude,E2,80,The abstract mentions healthcare as an application of VFL for time series forecasting.
VGIFDR4E,Exclude,E2,80,"The abstract discusses the application of federated learning in healthcare and other domains, but does not explicitly discuss transferable models to manufacturing."
VGNMDX7L,Exclude,E2,80,"The abstract mentions an application outside manufacturing (healthcare), but does not discuss transferable models to manufacturing."
VGWZIH98,Exclude,E2,100,"The abstract discusses a security measure for Industrial Internet of Things (IoT) networks, which is outside the manufacturing domain."
VIA658PU,Exclude,E2,100,"The abstract discusses Industry 4.0 in manufacturing, but it does not mention federated learning."
VJB2TCY9,Exclude,E2,100,"The abstract discusses applications of blockchain-ML outside manufacturing (healthcare, smart transportation, IoT), and does not mention transferable models to manufacturing."
VJUL49AP,Exclude,E2,80,"The abstract discusses a Federated Contrastive Learning framework for secure and efficient workplace productivity analysis in a decentralized data ecosystem, which is outside the manufacturing industry."
VKXP2FZI,Exclude,E2,80,The abstract discusses federated learning application outside manufacturing (healthcare/analytical chemistry) unless they explicitly discuss transferable models to manufacturing
VKYIJWSY,Exclude,E2,100,The abstract discusses a federated learning application outside manufacturing (healthcare and industrial systems) without mentioning transferable models to manufacturing.
VLMZUZCF,Exclude,E2,100,"The abstract explicitly states that the application is in geological studies, which is outside manufacturing."
VQNKFKR9,Include,,80,"The abstract discusses federated learning in manufacturing, specifically a use case from fineblanking."
VS2HV86D,Exclude,E2,100,"The abstract discusses the application of UAVs and MEC in IoT systems, which is outside manufacturing."
VSHRKNJ5,Exclude,E2,100,"The abstract discusses cybersecurity in the ASEAN region, which is outside manufacturing."
VUEEUWHS,Exclude,E2,100,"The abstract discusses network slicing and soft slicing in a general networking context, not manufacturing."
VVJAEVKY,Exclude,E2,100,"The abstract discusses AI in Industrial Control Systems (ICS), which is outside the manufacturing domain."
VVJRRFFR,Exclude,E2,100,"The abstract discusses IoT and cybersecurity in healthcare automation, transportation, and smart environments, which is outside the manufacturing domain."
VWHP8MNI,Exclude,E2,100,The abstract discusses a federated learning application outside manufacturing (energy systems) without mentioning transferable models to manufacturing.
VZXP36H5,Include,,80,"The abstract discusses federated learning in manufacturing, specifically in fault diagnosis of rotating machinery."
W2DSB55E,Exclude,E2,100,"The abstract discusses FL in a manufacturing context, but it is a literature review/survey without own contribution"
W2UQD4DE,Exclude,E2,100,"The abstract discusses malware detection in IoT devices, which is outside manufacturing unless they explicitly discuss transferable models to manufacturing."
W38XKRGE,Exclude,E2,100,The abstract discusses a concept outside manufacturing
W3V6IDKE,Exclude,E2,100,"The abstract explicitly states that the FL application is outside manufacturing (healthcare, finance, etc.), specifically in UAV applications."
W5ZJCUQU,Exclude,E5,100,The abstract describes a literature review/survey without own contribution
W6IDR7LU,Exclude,E2,80,"The abstract discusses an application of federated learning outside manufacturing (supply chain logistics), which does not meet the review scope."
W6RB9442,Exclude,E2,80,"The abstract explicitly discusses FL application in the automotive industry and mentions extension to other industries, which meets criterion E2."
W8C6TIT8,Exclude,E2,100,"The abstract discusses malware detection in digital infrastructure, which is outside the manufacturing industry."
W8NLYVWW,Exclude,E2,80,"The abstract mentions IoT and Industry 4.0 as promising areas for FL adoption, but the specific use case mentioned is an airport, which is outside manufacturing."
WAJHJ252,Exclude,E2,80,The abstract discusses federated learning in a general sense and does not explicitly mention manufacturing or transferable models to manufacturing.
WAMQATPM,Exclude,E2,100,"The abstract discusses the application of artificial intelligence in sustainability education, which is outside manufacturing unless they explicitly discuss transferable models to manufacturing."
WBW9UKXN,Exclude,E2,100,"The abstract discusses applications of IoT in various industries, but does not mention federated learning or manufacturing."
WC2GENEF,Exclude,E2,80,"The abstract states that the application is in IIoT, which is outside manufacturing unless they explicitly discuss transferable models to manufacturing."
WCR2RREL,Exclude,E2,100,The abstract discusses federated learning application outside manufacturing (IoT security) without mentioning transferable models to manufacturing.
WD6IQLSK,Include,,80,"The abstract discusses a federated deep learning approach to build a prediction model of resources locations in manufacturing systems, which is relevant to the review scope."
WEFFNLRY,Exclude,E2,80,"The abstract discusses a federated learning application in Industry 4.0 environments, which is outside the manufacturing domain unless they explicitly discuss transferable models to manufacturing"
WG6WBJAK,Include,,80,"The abstract discusses a federated learning framework for Industry 5.0, specifically in the context of smart grids and industrial cyber-physical systems."
WGYX34PL,Exclude,E2,100,The abstract discusses autonomous vehicles outside of manufacturing.
WJ3GQ9C6,Exclude,E2,100,The abstract itself provides clear evidence for E2: FL application outside manufacturing (healthcare is implied by the context of water hammer phenomena in long-distance water transmission pipeline systems)
WJDK286K,Exclude,E2,100,"The abstract discusses AI-based job scheduling in cloud computing, which is outside manufacturing."
WKG2FTKB,Exclude,E2,100,"The abstract discusses a systematic review of blockchain-based privacy-preserving solutions in healthcare, which is outside the manufacturing scope."
WKIAXB9J,Exclude,E2,100,The abstract discusses the application of federated learning outside manufacturing (healthcare and IIoT) without mentioning transferable models to manufacturing.
WKPU9F2B,Exclude,E2,80,"The abstract discusses a Federated Reinforcement Learning application outside manufacturing (healthcare is not explicitly mentioned but the context suggests it's related to industrial operations), and does not discuss transferable models to manufacturing."
WMDUJIN3,Exclude,E2,80,"The abstract discusses the application of federated learning in smart agriculture, which is outside manufacturing unless they explicitly discuss transferable models to manufacturing."
WMK9SFVV,Exclude,E2,100,The abstract discusses a cybersecurity application outside manufacturing.
WNJV88UA,Exclude,E2,80,"The abstract discusses AI-driven infrastructures in materials discovery and manufacturing, but does not explicitly discuss transferable models to manufacturing."
WNLTKEP3,Include,,80,"The abstract discusses federated learning in the context of Industry 4.0, which is a manufacturing paradigm."
WNN27GGA,Exclude,E2,100,"The abstract discusses a federated learning application in healthcare, not manufacturing."
WNT3WKCU,Exclude,E2,100,"The abstract discusses a cyber threat detection system in smart manufacturing and critical infrastructure, which is outside the review scope of federated learning in manufacturing."
WPF3RRV7,Exclude,E2,100,"The abstract discusses IoT security and data protection, which is outside the manufacturing domain."
WPM44HT6,Exclude,E2,100,"The abstract discusses a Systematic Literature Review on lightweight cryptographic schemes for IoT security, which is outside the manufacturing domain."
WQRLVL9D,Exclude,E2,100,"The abstract discusses applications of machine learning in Smart Grids, Smart Buildings, and energy systems, which is outside the manufacturing domain."
WTSTHJQ2,Exclude,E2,80,"The abstract discusses LoRaWAN networks in industry 5.0 applications, but does not explicitly discuss transferable models to manufacturing."
WV4QJ92S,Exclude,E2,100,"The abstract discusses cloud computing techniques in general, but does not mention manufacturing or transferable models to manufacturing."
WV95C2VZ,Exclude,E2,80,The abstract explicitly discusses transferable models to manufacturing
WVHYWUSF,Exclude,E2,80,"The abstract discusses an application of federated learning in mining equipment, which is outside the manufacturing scope unless they explicitly discuss transferable models to manufacturing"
WWKAQL3R,Exclude,E2,100,"The abstract itself provides clear evidence for E2: FL application outside manufacturing (healthcare, finance, etc.) unless they explicitly discuss transferable models to manufacturing"
WX43W2V8,Include,,80,"The abstract discusses the application of FL in manufacturing, specifically addressing privacy concerns and proposing a new method called Adaptive Noise Trap."
WXTDV3QV,Exclude,E2,100,"The abstract discusses cyber-physical systems and adaptive anomaly detection, which is outside the manufacturing domain."
WXXBWN4Z,Exclude,E2,100,"The abstract discusses a federated learning application outside manufacturing (agricultural and food supply chain), which does not meet the review scope."
WY7U7GCW,Exclude,E2,80,The abstract discusses an application of federated learning outside manufacturing (healthcare and finance datasets) unless they explicitly discuss transferable models to manufacturing
WZACDPUN,Exclude,E2,80,"The abstract discusses federated learning in IoT environments, but does not explicitly discuss transferable models to manufacturing."
X3M65BSN,Exclude,E2,80,"The abstract discusses federated learning in the context of autonomous marine vehicles and IoT security, which is outside the manufacturing industry."
X58NMJ94,Exclude,E2,80,"The abstract discusses a hybrid model combining text and image processing for categorization chores, which is outside the manufacturing domain."
X6SNDIX4,Exclude,E2,100,"The abstract discusses the application of Integrated Sensing and Communication (ISAC) in Cyber-Physical Systems (CPS), which is outside manufacturing."
X6TIU49U,Exclude,E2,100,"The abstract discusses a federated learning application in SCADA-controlled CPS, which is outside the manufacturing industry."
X9FUIUVJ,Exclude,E2,100,"The abstract discusses software product management and digital transformation, which is outside the manufacturing industry."
X9UN7FYB,Exclude,E2,80,"The abstract discusses machine learning applications outside manufacturing (healthcare of material properties), unless they explicitly discuss transferable models to manufacturing."
XAMFU3WX,Exclude,E2,80,"The abstract discusses FL application in a power station, which is outside manufacturing unless they explicitly discuss transferable models to manufacturing."
XAN9C7PT,Include,,100,"The abstract discusses federated learning in an industrial context, which is relevant to the review scope."
XD9BB8H9,Exclude,E2,100,"The abstract discusses model compression techniques in machine learning, with a focus on deployment in resource-constrained environments such as mobile devices and IoT systems, which is outside the manufacturing domain."
XDFKVB2V,Exclude,E2,100,"The abstract discusses a security framework for 5G vehicular networks, which is outside the manufacturing industry."
XDKYNM6F,Exclude,E2,80,"The abstract discusses AI applications in general, but does not explicitly mention federated learning or its application to manufacturing."
XELN5VSH,Exclude,E2,100,"The abstract discusses the application of AI in natural product-based drug discovery, which is outside manufacturing unless they explicitly discuss transferable models to manufacturing."
XF35CLEN,Include,,80,"The abstract discusses a federated learning approach in the context of Industry 4.0, which is within the review scope."
XFRZF5ZL,Exclude,E2,100,"The abstract discusses federated learning in the context of energy-aware machine learning and sustainability, which is outside the manufacturing domain."
XGV47VFS,Exclude,E2,100,"The abstract discusses the application of anomaly detection in 5G networks, which is outside the manufacturing industry."
XIWUIVZR,Exclude,E2,80,"The abstract discusses FL in the context of IIoT and Industry 4.0, but does not explicitly discuss transferable models to manufacturing."
XJ7FPH72,Exclude,E2,80,"The abstract discusses an application of federated learning in healthcare (aircraft engines), not manufacturing."
XL6EUN6L,Exclude,E2,80,"The abstract mentions a real-world application in IoT environments for monitoring manufacturing machining processes, but the primary focus is on preserving data privacy and mitigating attacks in IoT contexts rather than discussing transferable models to manufacturing."
XLSKPVGM,Exclude,E2,80,"The abstract discusses the application of machine learning in additive manufacturing, but does not explicitly discuss transferable models to manufacturing."
XLYTBQHY,Exclude,E2,100,"The abstract discusses AI-driven competency transfer hubs between universities and industries, which is outside the manufacturing domain."
XMDCSJ7C,Exclude,E2,100,"The abstract discusses edge and fog computing in various fields, including manufacturing, but the focus is on a survey of these technologies rather than an implementation of federated learning."
XMUTP5E9,Exclude,E2,100,"The abstract discusses Industry 5.0 and digital transformation in general, without any mention of federated learning or manufacturing."
XPAI8KSV,Exclude,E2,100,"The abstract discusses federated learning in the context of 6G-enabled Internet of Things (IoT) and Cyber-Physical Systems (CPS), which is outside manufacturing."
XR5X73Z4,Exclude,E2,100,"The abstract explicitly discusses transferable models to manufacturing (precision farming), but it is a literature review/survey without own contribution and the focus is on IoT security rather than federated learning in manufacturing."
XS4XLKTM,Exclude,E2,100,"The abstract discusses federated learning in the context of IIoT security and privacy, but does not explicitly discuss transferable models to manufacturing."
XSDUGRZB,Exclude,E5,100,The abstract describes a literature review/survey without own contribution
XSYHKFTZ,Exclude,E2,100,"The abstract discusses an application of Digital Twin paradigm for urban heat management, which is outside the manufacturing industry."
XTZMJDGN,Exclude,E2,100,"The abstract discusses a federated learning application in finance (financial services), which is outside the review scope unless they explicitly discuss transferable models to manufacturing."
XUVUXD2G,Exclude,E5,100,The abstract itself states that it is a literature review/survey without own contribution
XVV2ZLQN,Exclude,E2,100,"The abstract discusses an application of federated learning outside manufacturing (cybersecurity), which matches exclusion criterion E2."
XVXKXQ3T,Exclude,E2,100,"The abstract discusses in silico twins in precision medicine, which is outside the manufacturing domain."
XWDVIR5F,Exclude,E2,80,"The abstract discusses Industry 4.0 and edge computing in manufacturing, but it does not explicitly mention federated learning."
XWVDC7ML,Exclude,E2,80,"The abstract discusses AI and digital twin technology in a general sense, but does not explicitly mention federated learning or its application to manufacturing."
XZL6KLEF,Exclude,E2,100,"The abstract discusses the application of Graph Neural Networks in cybersecurity, which is outside manufacturing unless they explicitly discuss transferable models to manufacturing."
XZY3WI3J,Exclude,E2,100,"The abstract explicitly states that the application is in healthcare and industrial systems, which are outside manufacturing unless they discuss transferable models to manufacturing."
Y2WD86MK,Exclude,E2,100,"The abstract discusses Zero Trust Architecture in cyber security, which is outside manufacturing unless they explicitly discuss transferable models to manufacturing."
Y55Z6LSR,Exclude,E2,100,"The abstract explicitly states that the application is in precision farming, which is outside manufacturing."
Y5LH8Y4G,Exclude,E2,100,"The abstract discusses blockchain technology in the context of 6G networks and future networks, which is outside the manufacturing industry."
Y5P5GSVU,Exclude,E2,100,"The abstract discusses communication system design for cyber-physical systems, including smart manufacturing plants, but does not mention federated learning or its application in manufacturing."
Y5VMG7L5,Exclude,E2,100,"The abstract discusses a bibliometric analysis of publications in the Web of Science Core Collection database, which is outside the scope of manufacturing."
Y63S9VCG,Include,,80,"The abstract discusses a federated learning framework for industrial IoT systems, which is within the scope of manufacturing."
Y8SF3SKK,Exclude,E2,100,"The abstract explicitly states that the paper is a survey of datasets for surgical tool detection, which falls outside the manufacturing domain."
Y8T35EAX,Exclude,E2,100,"The abstract discusses a federated learning application outside manufacturing (IoT), and there is no mention of transferable models to manufacturing."
Y9N6W2HQ,Exclude,E2,100,The abstract explicitly discusses transferable models to manufacturing
Y9XIP7NV,Exclude,E2,100,The abstract discusses FL application in IoT environments outside manufacturing.
YATU4QZ6,Include,,80,"The abstract discusses a federated learning application in manufacturing, specifically for preventive maintenance and defect detection tasks."
YDYPWJTV,Include,,80,"The abstract explicitly discusses an application of federated learning in manufacturing, specifically for CNC machines used in metal part manufacturing."
YFWYPMJN,Exclude,E2,100,"The abstract discusses serverless computing in general, not federated learning in manufacturing."
YFYIBBSG,Exclude,E2,100,"The abstract discusses FL in a IIoT scenario, but the focus is on wireless transmission scheduling and performance analysis, not FL implementation or application in manufacturing."
YGTKHNFK,Exclude,E5,80,The abstract describes a systematic literature review without own contribution
YHIY6EIW,Exclude,E2,100,"The abstract discusses Mobile Edge Computing (MEC) for applications like autonomous driving and industrial IoT, which is outside the manufacturing domain."
YI5K5659,Exclude,E2,80,"The abstract discusses a federated learning application in the Industrial Internet of Things (IIoT), which is outside manufacturing unless they explicitly discuss transferable models to manufacturing."
YIDGRNGB,Exclude,E2,80,"The abstract discusses federated learning in Power Internet of Things (PIoT) environments, which is outside the manufacturing domain."
YKB5HGHD,Exclude,E2,100,"The abstract discusses FL application outside manufacturing (healthcare, smart grids, etc.)"
YKFYV2DG,Exclude,E2,80,"The abstract mentions that the application is in power grids, which is outside manufacturing unless they explicitly discuss transferable models to manufacturing."
YMP5VU4D,Exclude,E2,80,"The abstract discusses a federated learning application in the Internet of Vehicles, which is outside manufacturing unless they explicitly discuss transferable models to manufacturing."
YP79I34A,Exclude,E2,100,"The abstract discusses the application of human-centric digital twins in construction supply chains, which is outside manufacturing."
YPAIFY92,Exclude,E2,80,"The abstract explicitly states that the application is outside manufacturing (healthcare and aerospace industries), but mentions transferable models to manufacturing."
YPGWCP4F,Exclude,E2,100,The abstract discusses IoT security and does not mention federated learning or manufacturing.
YPQGBXHK,Include,,100,"The abstract discusses a real, applied implementation of federated learning in manufacturing industries."
YRS5MW78,Exclude,E2,100,"The abstract explicitly states that the application is in finance (bank data privacy), which falls under exclusion criterion E2."
YSMMF5VK,Exclude,E2,80,"The abstract discusses federated learning in the context of IoT security, which is outside manufacturing unless they explicitly discuss transferable models to manufacturing."
YUFE3NBC,Exclude,E2,100,"The abstract discusses the application of AI in agriculture, which is outside manufacturing unless they explicitly discuss transferable models to manufacturing."
YVGMB9TR,Exclude,E2,100,"The abstract discusses a deep learning-based early warning system for predicting workplace conflicts in organizational management, which is outside the manufacturing industry."
YVNK2JQF,Exclude,E2,100,"The abstract discusses Wireless Sensor Networks (WSNs) in the context of fog computing, which is outside the manufacturing industry."
YVUQHI7U,Exclude,E2,100,"The abstract is about healthcare industry 5.0 and mHealth applications, which falls outside the review scope of manufacturing industries."
YVZLDAT4,Include,,80,"The abstract mentions smart factory as an application domain, indicating that the federated learning application is in manufacturing."
YWCAIESA,Include,,100,The abstract discusses an application of federated learning in manufacturing.
YWFV6NIF,Exclude,E2,100,"The abstract discusses Large Language Models in supply chains, which is outside manufacturing unless they explicitly discuss transferable models to manufacturing."
YY4EBZCD,Exclude,E5,100,The abstract describes a literature review/survey without own contribution.
YYHNGCQ5,Exclude,E2,100,"The abstract discusses mycotoxin management in supply chains, which is outside the manufacturing industry."
YZITM8C7,Exclude,E2,100,"The abstract discusses multi-access edge computing in general, without any mention of federated learning or manufacturing."
YZWPVF93,Exclude,E2,100,"The abstract explicitly states that the application is in healthcare and industrial IoT, which are outside manufacturing unless they discuss transferable models to manufacturing."
Z2KPYQ5I,Exclude,E2,80,"The abstract discusses a generative AI framework for anomaly detection in power grid systems, which is outside the manufacturing domain."
Z2UFKJYT,Exclude,E2,100,"The abstract discusses IoT and IoV security, which is outside manufacturing unless they explicitly discuss transferable models to manufacturing"
Z2XJY3EB,Exclude,E2,100,"The abstract discusses the application of federated learning in healthcare, not manufacturing."
Z4FRE9XL,Exclude,E2,100,"The abstract discusses Genetic Algorithms in various domains including artificial intelligence, engineering design, robotics, bioinformatics, and energy systems, but does not mention transferable models to manufacturing."
Z64T84IR,Exclude,E2,100,"The abstract explicitly states that FEDGE is designed for satellite constellations and space environments, which falls outside the manufacturing industry."
ZAFVHJ4V,Exclude,E2,100,"The abstract explicitly states that the application is outside manufacturing (healthcare, finance, etc.), specifically in the railway Industrial Internet of Things domain."
ZBR8ND7H,Exclude,E2,100,"The abstract discusses an application outside manufacturing (IoT networks), which matches exclusion criterion E2."
ZCK264BW,Exclude,E2,100,"The abstract discusses Non orthogonal multiple access (NOMA) research in wireless communication networks, which is outside the manufacturing domain."
ZCKN39B4,Exclude,E2,80,"The abstract discusses federated reinforcement learning in edge computing environments, which is outside the manufacturing domain."
ZCMIA3R7,Exclude,E2,100,"The abstract discusses a machine learning application outside manufacturing (IoT security), and there is no mention of transferable models to manufacturing."
ZCVZL5FI,Exclude,E2,80,"The abstract mentions application of blockchain technology to manufacturing, but does not explicitly discuss transferable models to the field of federated learning in manufacturing."
ZESZVCBA,Exclude,E2,100,"The abstract discusses AI applications in the food industry, not manufacturing."
ZGC76NRG,Exclude,E2,80,"The abstract discusses a federated learning application in IoT systems, which is outside the manufacturing domain."
ZGIRGK5N,Exclude,E2,80,"The abstract explicitly discusses transfer learning to manufacturing, but it is a literature review/survey without own contribution"
ZIKMI56Y,Exclude,E2,80,The abstract discusses federated learning application outside manufacturing (energy sector) without mentioning transferable models to manufacturing.
ZITX5QPI,Exclude,E2,80,"The abstract discusses applications of deep learning in supply chain resilience outside manufacturing (pharmaceuticals, automotive, agriculture, and energy), which matches exclusion criterion E2."
ZJ8TULU9,Exclude,E2,80,The abstract mentions a manufacturing company but does not explicitly discuss transferable models to manufacturing.
ZMZWSALZ,Exclude,E2,80,The abstract discusses federated learning in AIoT applications outside manufacturing.
ZN9JXDAW,Exclude,E2,100,"The abstract discusses healthcare challenges and solutions related to COVID-19, which is outside the review scope of manufacturing."
ZNREV9GJ,Include,,80,"The abstract discusses a real applied implementation of federated learning in manufacturing, specifically for time-series forecasting."
ZP5I846K,Include,,100,"The abstract discusses the application of federated learning in manufacturing (battery recycling), which is relevant to the review scope."
ZPH6NQEQ,Exclude,E5,100,The abstract describes a literature review/survey without own contribution
ZPT2L3UK,Exclude,E2,100,"The abstract discusses agent technology in manufacturing, but does not explicitly discuss transferable models to manufacturing."
ZQMEYHIG,Exclude,E2,100,"The abstract discusses AI applications outside manufacturing (healthcare, fin-tech, cybersecurity), and does not mention transferable models to manufacturing."
ZQZFHK8K,Exclude,E2,100,"The abstract discusses Federated Learning application outside manufacturing (healthcare, finance, etc.)"
ZRB6Q3PW,Exclude,E2,80,"The abstract discusses federated learning in Metaverse services, which is outside manufacturing unless they explicitly discuss transferable models to manufacturing."
ZRQVLF9P,Exclude,E2,80,"The abstract discusses an application of federated learning in a field outside manufacturing (electric power consumption forecasting), and does not mention transferable models to manufacturing."
ZSH3PN4N,Exclude,E2,100,"The abstract discusses Zigbee technology in IoT systems, which is outside manufacturing unless they explicitly discuss transferable models to manufacturing."
ZSH49MJ4,Exclude,E5,100,The abstract describes a literature review/survey without own contribution
ZT96LULS,Exclude,E2,100,The abstract is about prognostics and health management (PHM) in a field outside manufacturing.
ZTJDXH32,Exclude,E2,100,"The abstract discusses intrusion detection systems for IoT ecosystems, which is outside the manufacturing domain."
ZU3NASZZ,Exclude,E2,100,"The abstract discusses Federated Learning in IoT/Industrial IoT settings, but does not explicitly discuss transferable models to manufacturing."
ZWM3WR9L,Exclude,E2,100,"The abstract discusses applications of federated learning in multiple industries including manufacturing, but the focus is on edge caching and real-time analytics rather than actual implementation or organisational/economic arrangements."
ZX26M4YI,Include,,80,"The abstract discusses federated learning in manufacturing, specifically addressing data privacy concerns and proposing a secure aggregation-based framework for fault detection."
ZX28HS2Q,Exclude,E2,100,"The abstract discusses the application of electronic sensing technologies to pesticide residue measurement in the food industry, which falls outside the review scope of federated learning in manufacturing."
ZXMIEQFW,Exclude,E2,80,"The abstract discusses machine unlearning in neural networks, which is outside the manufacturing domain."
ZY5ZRW2J,Exclude,E2,100,The abstract discusses Federated Learning in IoT applications outside manufacturing.
ZYPKSPGR,Exclude,E2,100,"The abstract discusses a systematic literature review on privacy-preserving techniques for Foundation Models in AI, which is outside the manufacturing domain."
ZYYHT4XC,Exclude,E2,100,"The abstract discusses an application of federated learning outside manufacturing (healthcare), without mentioning transferable models to manufacturing."
