Key,Item Type,Author,Title,Publication Title,Publication Year,Volume,Issue,Pages,DOI,ISSN,ISBN,Url,Publisher
2PHY5J39,journalArticle,"Sun, X.; Yuan, Z.; Kong, X.; Xue, L.; Cheng, H.; Chen, Z.",An Efficient Federated Learning Framework for Enhancing Data Diversity and Communication in Industrial IoT Fault Diagnosis,IEEE Internet of Things Journal,2025,12,17,36562–36576,10.1109/JIOT.2025.3583081,,,https://www.scopus.com/pages/publications/105010606708?origin=resultslist,
34Z6ZW3P,conferencePaper,"Nguyen Duy, D.; Nikzad-Langerodi, R.; Affenzeller, M.",VFLBench: A Practical Benchmark for Vertical Federated Learning in Smart Manufacturing,,2025,15172 LNCS,,45–52,10.1007/978-3-031-82949-9_5,,,https://www.scopus.com/pages/publications/105004254871?origin=resultslist,
36MI3LMS,journalArticle,"Moe, Sa Jim Soe; Khan, Anam Nawaz; Nguyen, Anh Tuan; Kim, Do Hyeun",Optimizing Federated Learning based on Weighted Hyperparameter Aggregation in Energy-constrained Building Construction,Cluster Computing,2026,29,3,,10.1007/s10586-025-05908-7,1573-7543,,http://dx.doi.org/10.1007/s10586-025-05908-7,Springer Science and Business Media LLC
2CFTQT87,conferencePaper,"Aladwani, T.; Pantazi-Kypraiou, M.; Goudroumanis, G.R.; Axelou, O.; Floros, G.; Anagnostopoulos, C.",Decentralized Deep Learning for Lithographic Hotspot Detection in IC Design,,2025,,,469–473,10.1109/ICDCSW63273.2025.00093,,,https://www.scopus.com/pages/publications/105030464995?origin=resultslist,
2HQWFCWQ,journalArticle,"Cao, K.; Cui, Y.; Xu, R.; Sun, Y.; Liu, Z.; Tan, C.",Personalized Federated Learning for Green Industrial IoT,IEEE Transactions on Industrial Informatics,2025,21,8,6114–6125,10.1109/TII.2025.3558340,,,https://www.scopus.com/pages/publications/105004640675?origin=resultslist,
2THEEY5F,journalArticle,"Wan, Xiaole; Yang, Dongqian; Wang, Tongtong; Deveci, Muhammet",Closed-loop supply chain decision considering information reliability and security: should the supply chain adopt federated learning decision support systems?,Annals of Operations Research,2023,349,1,169–205,10.1007/s10479-023-05477-1,1572-9338,,http://dx.doi.org/10.1007/s10479-023-05477-1,Springer Science and Business Media LLC
2MA9B8KT,journalArticle,"Yang, Chun; Ma, Yining",Secure aggregation for heterogeneous enterprise data based on federated meta-learning,Scientific Reports,2026,16,1,,10.1038/s41598-025-34735-4,2045-2322,,http://dx.doi.org/10.1038/s41598-025-34735-4,Springer Science and Business Media LLC
2L7F52DC,conferencePaper,X. Cao; N. Chen; X. Yuan; Y. Liu,A Cooperative Edge Caching Approach Based on Multi-Agent Deep Reinforcement Learning,2023 26th International Conference on Computer Supported Cooperative Work in Design (CSCWD),2023,,,1772–1777,10.1109/CSCWD57460.2023.10152789,,2768-1904,,
23DV84I5,journalArticle,"Gomez, A.L.P.; Beltran, E.T.M.; Sanchez, P.M.S.; Celdran, A.H.",TemporalFED: A Software Module for Detecting Cyberattacks in Industry 4.0 Time-Series Data Using Decentralized Federated Learning,IEEE Access,2026,14,,64822–64835,10.1109/ACCESS.2026.3681545,,,https://www.scopus.com/pages/publications/105036228352?origin=resultslist,
29M56G7W,journalArticle,"Luo, W.; Yu, T.; Dai, S.; Guo, B.; Lin, X.; Pu, Y.",Semi-asynchronous energy-efficient federated prototype learning for end-edge-cloud architectures,Future Generation Computer Systems,2026,179,,,10.1016/j.future.2025.108351,,,https://www.scopus.com/pages/publications/105027136664?origin=resultslist,
2A8P6RWQ,bookSection,"Zhang, Jianjing; Cooper, Clayton; Gao, Robert X.",Federated Learning for Privacy-Preserving Collaboration in Smart Manufacturing,Manufacturing Driving Circular Economy,2023,,,845–853,10.1007/978-3-031-28839-5_94,2195-4364,978-3-031-28839-5,http://dx.doi.org/10.1007/978-3-031-28839-5_94,Springer International Publishing
2DB3E8G7,journalArticle,"Sedighi, Ali; Kou, Tianyu; Huang, Hui; Li, Yi",Noninvasive On-Skin Biosensors for Monitoring Diabetes Mellitus,Nano-Micro Letters,2025,18,1,,10.1007/s40820-025-01843-9,2150-5551,,http://dx.doi.org/10.1007/s40820-025-01843-9,Springer Science and Business Media LLC
2BLRRD82,journalArticle,"Sum, Anika Saba Ibte; Pritee, Zinniya Taffannum; Saha, Anik Kumar; Mahmud, Mirza Asif; Nur, Kamruddin",A systematic review on privacy preservation in federated learning,International Journal of Information Security,2026,25,2,,10.1007/s10207-026-01229-x,1615-5270,,http://dx.doi.org/10.1007/s10207-026-01229-x,Springer Science and Business Media LLC
2AIMXDPZ,journalArticle,"Tok, Yasin Emre; Toprak, Amine Gonca; Karahan, Sumeye Nur; Mercan, Oyku Berfin; Aydin, Hurkan Mustafa; Altintas, Mucahit",Artificial intelligence for next-generation 6G technologies and networks,Discover Networks,2026,2,1,,10.1007/s44354-026-00016-3,3004-9792,,http://dx.doi.org/10.1007/s44354-026-00016-3,Springer Science and Business Media LLC
2MTPHRVL,journalArticle,"dos Santos Oliveira, Alberth; Schäfer Tesch da Silva, Fernanda; Lopes Ferreira, Daniel; Roveda, Mateus; André da Costa, Cristiano; de Oliveira Ramos, Gabriel; da Rosa Righi, Rodrigo",Looking at anomaly detection in EdgeAI through the up-to-date lens of academic and market perspectives,Cluster Computing,2026,29,4,,10.1007/s10586-026-05954-9,1573-7543,,http://dx.doi.org/10.1007/s10586-026-05954-9,Springer Science and Business Media LLC
2GAC7ET4,journalArticle,"Alagheband, Mahdi R.; Mashatan, Atefeh","Advanced encryption schemes in multi-tier heterogeneous internet of things: taxonomy, capabilities, and objectives",The Journal of Supercomputing,2022,78,17,18777–18824,10.1007/s11227-022-04586-1,1573-0484,,http://dx.doi.org/10.1007/s11227-022-04586-1,Springer Science and Business Media LLC
2BQ7RUER,journalArticle,"Alzoubi, Yehia Ibrahim; Gill, Asif; Mishra, Alok",A systematic review of the purposes of Blockchain and fog computing integration: classification and open issues,Journal of Cloud Computing,2022,11,1,,10.1186/s13677-022-00353-y,2192-113X,,http://dx.doi.org/10.1186/s13677-022-00353-y,Springer Science and Business Media LLC
32W3PSU3,journalArticle,"You, Xiaohu; Wang, Cheng-Xiang; Huang, Jie; Gao, Xiqi; Zhang, Zaichen; Wang, Mao; Huang, Yongming; Zhang, Chuan; Jiang, Yanxiang; Wang, Jiaheng; Zhu, Min; Sheng, Bin; Wang, Dongming; Pan, Zhiwen; Zhu, Pengcheng; Yang, Yang; Liu, Zening; Zhang, Ping; Tao, Xiaofeng; Li, Shaoqian; Chen, Zhi; Ma, Xinying; I, Chih-Lin; Han, Shuangfeng; Li, Ke; Pan, Chengkang; Zheng, Zhimin; Hanzo, Lajos; Shen, Xuemin (Sherman); Guo, Yingjie Jay; Ding, Zhiguo; Haas, Harald; Tong, Wen; Zhu, Peiying; Yang, Ganghua; Wang, Jun; Larsson, Erik G.; Ngo, Hien Quoc; Hong, Wei; Wang, Haiming; Hou, Debin; Chen, Jixin; Chen, Zhe; Hao, Zhangcheng; Li, Geoffrey Ye; Tafazolli, Rahim; Gao, Yue; Poor, H. Vincent; Fettweis, Gerhard P.; Liang, Ying-Chang","Towards 6G wireless communication networks: vision, enabling technologies, and new paradigm shifts",Science China Information Sciences,2020,64,1,,10.1007/s11432-020-2955-6,1869-1919,,http://dx.doi.org/10.1007/s11432-020-2955-6,Springer Science and Business Media LLC
2NKN9IEA,journalArticle,"ZainEldin, Hanaa; Gamel, Samah A.; Talaat, Fatma M.",Mitigating cyber risks in IoT environments using ResNet50_CNN1D and Edge-IIoTset insights,Cluster Computing,2026,29,4,,10.1007/s10586-026-06114-9,1573-7543,,http://dx.doi.org/10.1007/s10586-026-06114-9,Springer Science and Business Media LLC
2HPY7AB9,journalArticle,"Zeng, Yali; Hussein, Zahraa Abed; Chyad, Mustafa Habeeb; farhadi, Amirfarhad; Yu, Jianyong; Rahbarimagham, Hesam",Integrating type-2 fuzzy logic controllers with digital twin and neural networks for advanced hydropower system management,Scientific Reports,2025,15,1,,10.1038/s41598-025-89866-5,2045-2322,,http://dx.doi.org/10.1038/s41598-025-89866-5,Springer Science and Business Media LLC
23HY5X6N,journalArticle,"Zhao, Xiang; Arebi, Peyman",A temporal federated learning of neural network for enhancing controllability temporal network robustness on federated social internet of things networks,Journal of Big Data,2025,13,1,,10.1186/s40537-025-01338-9,2196-1115,,http://dx.doi.org/10.1186/s40537-025-01338-9,Springer Science and Business Media LLC
226ZBILB,journalArticle,"Yang, Ming; Ren, Jianyu; Zeng, Lukun; Yang, Xiaohua; Li, Sheng; Ai, Yuan; Zheng, Kaihong",Federated two-edge graph attention network with weighted global aggregation for electricity consumption demand forecasting,Scientific Reports,2025,15,1,,10.1038/s41598-025-28610-5,2045-2322,,http://dx.doi.org/10.1038/s41598-025-28610-5,Springer Science and Business Media LLC
2K222BF2,journalArticle,"Wu, Zhengliang",Personalized skill transfer optimization in swimming training through multi-agent reinforcement learning driven digital twin environments,Scientific Reports,2026,16,1,,10.1038/s41598-026-35877-9,2045-2322,,http://dx.doi.org/10.1038/s41598-026-35877-9,Springer Science and Business Media LLC
2GCYNV6C,journalArticle,"Wang, Zheng; Zhao, Liutao; Meng, Fanyin; Zhu, Zhongshan; Lu, Yiqing",Secure multi-party test case data generation through generative adversarial networks,Scientific Reports,2026,16,1,,10.1038/s41598-026-35773-2,2045-2322,,http://dx.doi.org/10.1038/s41598-026-35773-2,Springer Science and Business Media LLC
28RKEIJJ,journalArticle,"Tan, Zhizhong; Liu, Siyang; Liu, Qiang; Hu, Min; Zhang, Xiang; Wang, Wenyong; Liu, Bin",Modeling ESG-driven industrial value chain dynamics using directed graph neural networks,Financial Innovation,2025,11,1,,10.1186/s40854-025-00783-y,2199-4730,,http://dx.doi.org/10.1186/s40854-025-00783-y,Springer Science and Business Media LLC
2KVEST95,journalArticle,"Salhi, Amina; Algarni, Fahad; Alshamrani, Rayan; Althbiti, Ashrf; Ismail, Atef; Hassan, Basma M.",Leveraging artificial intelligence to enable sustainable urban development through the creation of smart and environmentally friendly carbon-free cities,Scientific Reports,2025,15,1,,10.1038/s41598-025-16801-z,2045-2322,,http://dx.doi.org/10.1038/s41598-025-16801-z,Springer Science and Business Media LLC
2KH8ADQR,journalArticle,"Saritha, M.; Malgireddy, Saidireddy",A novel integration of multi-stocked gated variant recurrent units and Kolmogorov-Arnold tuned deep training networks for anchoring the intrusion detection against computer attacks,Discover Computing,2025,28,1,,10.1007/s10791-025-09678-z,2948-2992,,http://dx.doi.org/10.1007/s10791-025-09678-z,Springer Science and Business Media LLC
2X9JMHT4,journalArticle,"Nithish, Chelli; Rajesh, T.; Bhagyalaxmi, D.; Aravind, Rendla; Anshuman, Gillala; Yadav, P. Rithin",CPAC-Net: deep learning approach for cyber-physical attack classification in secure water treatment data,Journal of Umm Al-Qura University for Engineering and Architecture,2025,16,4,1354–1372,10.1007/s43995-025-00171-8,1658-8150,,http://dx.doi.org/10.1007/s43995-025-00171-8,Springer Science and Business Media LLC
2WRYVG65,journalArticle,"Liu, Guangyi; Deng, Juan; Zhu, Yanhong; Li, Na; Han, Boxiao; Wang, Shoufeng; Rui, Hua; Wang, Jingyu; Zhang, Jianhua; Cui, Ying; Cui, Yingping; Yang, Yang; Zhang, Yan; Wang, Jiangzhou; Ouyang, Ye; Ye, Xiaozhou; Chen, Tao; Li, Rongpeng; Zhu, Yongdong; Zhang, Yuanyuan; Yang, Li; Bian, Sen; Sun, Wanfei; Zheng, Qingbi; Tong, Zhou; Zhang, Huimin; Shao, Zecai; Wu, Jiajun; Kang, Mancong",6G autonomous radio access network empowered by artificial intelligence and network digital twin,Frontiers of Information Technology &amp; Electronic Engineering,2024,26,2,161–213,10.1631/fitee.2400569,2095-9230,,http://dx.doi.org/10.1631/FITEE.2400569,Zhejiang University Press
24V2YD2Y,journalArticle,"Li, Weiqi",A hybrid spiking convolutional neural framework with extreme learning machine for enhanced anomaly detection in network security,Scientific Reports,2026,16,1,,10.1038/s41598-026-46811-4,2045-2322,,http://dx.doi.org/10.1038/s41598-026-46811-4,Springer Science and Business Media LLC
24DNM3JB,journalArticle,"Lilhore, Umesh Kumar; Simaiya, Sarita; Alroobaea, Roobaea; Baqasah, Abdullah M.; Alsafyani, Majed; Alhazmi, Afnan; Khan, Md Monish",SmartTrust: a hybrid deep learning framework for real-time threat detection in cloud environments using Zero-Trust Architecture,Journal of Cloud Computing,2025,14,1,,10.1186/s13677-025-00764-7,2192-113X,,http://dx.doi.org/10.1186/s13677-025-00764-7,Springer Science and Business Media LLC
29J3VEGY,journalArticle,"Khan, Rahim; Taj, Sher; Ma, Xuefei; Noor, Alam; Zhu, Haifeng; Khan, Javed; Khan, Zahid Ullah; Khan, Sajid Ullah",Advanced federated ensemble internet of learning approach for cloud based medical healthcare monitoring system,Scientific Reports,2024,14,1,,10.1038/s41598-024-77196-x,2045-2322,,http://dx.doi.org/10.1038/s41598-024-77196-x,Springer Science and Business Media LLC
23VN6EMY,journalArticle,"Khraisat, Ansam; Alazab, Ammar; Alazab, Moutaz; Obeidat, Areej; Singh, Sarabjot; Jan, Tony",Federated learning for intrusion detection in IoT environments: a privacy-preserving strategy,Discover Internet of Things,2025,5,1,,10.1007/s43926-025-00169-7,2730-7239,,http://dx.doi.org/10.1007/s43926-025-00169-7,Springer Science and Business Media LLC
2MH2XYMV,journalArticle,"Gish, Charles; Villalba-Diez, Javier; Ordieres-Mere, Joaquin",A Brain-Inspired Model for Efficient Graph Learning in Human Cyber Physical Networks,Cognitive Computation,2026,18,1,,10.1007/s12559-026-10574-x,1866-9964,,http://dx.doi.org/10.1007/s12559-026-10574-x,Springer Science and Business Media LLC
357F638V,journalArticle,"Gaffet, Alexandre; Ribot, Pauline; Chanthery, Elodie; Merle, Christophe",Multi-block local outlier factor anomaly detection of complex industrial systems,Applied Intelligence,2025,55,10,,10.1007/s10489-025-06603-1,1573-7497,,http://dx.doi.org/10.1007/s10489-025-06603-1,Springer Science and Business Media LLC
2XJUL2WR,journalArticle,"Ganesh, S. Sankar; Abdelhaq, Maha; Palanisamy, SatheeshKumar; Janakiraman, S.",VARNet-6G with FIERO model for anomaly detection and enhancing network stability in future-ready communication systems,Scientific Reports,2025,15,1,,10.1038/s41598-025-17268-8,2045-2322,,http://dx.doi.org/10.1038/s41598-025-17268-8,Springer Science and Business Media LLC
2HD3ZH2M,journalArticle,"Chiranjeevi, Modukuri; Chavan, Ameet",Adversarial Error Mitigation Technique for Sensor Fusion Framework on Dynamic Edge Computing Platform,Arabian Journal for Science and Engineering,2025,51,5,6347–6365,10.1007/s13369-025-10671-3,2191-4281,,http://dx.doi.org/10.1007/s13369-025-10671-3,Springer Science and Business Media LLC
2XJ7KU9A,journalArticle,"Chen, Zhongbo",A hybrid evaluation model for intelligent manufacturing under uncertainties by integrating human-machine systems and automation strategies,Scientific Reports,2026,16,1,,10.1038/s41598-026-45749-x,2045-2322,,http://dx.doi.org/10.1038/s41598-026-45749-x,Springer Science and Business Media LLC
2X2PAS8V,journalArticle,"Baek, Yongmin; Bae, Byungjoon; Shin, Hyojin; Sonnadara, Charana; Cho, Haein; Lin, Ching-Yi; Mu, Yujia; Shen, Cong; Shah, Sahil; Wang, Gunuk; Lee, Kyusang",Edge intelligence through in-sensor and near-sensor computing for the artificial intelligence of things,npj Unconventional Computing,2025,2,1,,10.1038/s44335-025-00040-6,3004-8672,,http://dx.doi.org/10.1038/s44335-025-00040-6,Springer Science and Business Media LLC
2NWKUL9L,journalArticle,"Chaurasia, Nisha; Ram, Munna; Verma, Priyanka; Mehta, Nakul; Bharot, Nitesh",A federated learning approach to network intrusion detection using residual networks in industrial IoT networks,The Journal of Supercomputing,2024,80,13,18325–18346,10.1007/s11227-024-06153-2,1573-0484,,http://dx.doi.org/10.1007/s11227-024-06153-2,Springer Science and Business Media LLC
32WN6AM2,journalArticle,"Alnemari, Ashwaq M.; Elmessery, Wael M.; Szűcs, Péter; Eid, Mohamed Hamdy; Omar, Wael Abdel-Moneim; Ahmed, Atef Fathy; Elwakeel, Abdallah Elshawadfy",Enhanced transfer learning and federated intelligence for cross-species adaptability in intelligent recirculating aquaculture systems,Aquaculture International,2025,33,6,,10.1007/s10499-025-02212-4,1573-143X,,http://dx.doi.org/10.1007/s10499-025-02212-4,Springer Science and Business Media LLC
24GLW4ND,journalArticle,"Ashraf, Mahmoud; Eltawil, Amr; Ali, Islam",Disruption detection for a cognitive digital supply chain twin using hybrid deep learning,Operational Research,2024,24,2,,10.1007/s12351-024-00831-y,1866-1505,,http://dx.doi.org/10.1007/s12351-024-00831-y,Springer Science and Business Media LLC
37CMCIVF,journalArticle,"AL-Naday, Mays; Dobre, Vlad; Reed, Martin; Toor, Salman; Volckaert, Bruno; De Turck, Filip",Federated deep Q-learning networks for service-based anomaly detection and classification in edge-to-cloud ecosystems,Annals of Telecommunications,2023,79,3-4,165–178,10.1007/s12243-023-00977-4,1958-9395,,http://dx.doi.org/10.1007/s12243-023-00977-4,Springer Science and Business Media LLC
2VJLTSZ3,journalArticle,"Abu-Shaira, Mohammad; Shi, Weishi",OLR-WAA: Adaptive and Drift-Resilient Online Regression with Dynamic Weighted Averaging,Data Science and Engineering,2025,11,1,116–142,10.1007/s41019-025-00312-y,2364-1541,,http://dx.doi.org/10.1007/s41019-025-00312-y,Springer Science and Business Media LLC
264GPP7U,journalArticle,"Ahamed, N. Nasurudeen; Murugan, Thangavel","Research advances in DNA cryptography: integration with cloud computing, internet of things, and DNA computing",Discover Applied Sciences,2026,8,6,,10.1007/s42452-026-08554-9,3004-9261,,http://dx.doi.org/10.1007/s42452-026-08554-9,Springer Science and Business Media LLC
2Y55ZF6B,journalArticle,"Nguyen, T.-X.-H.; Dao, T.-K.; Nguyen, T.-D.; Nguyen, T.-T.; Ngo, T.-G.",AI-Driven Security Solutions for Industrial IoT: Challenges and Future Directions,Journal of Information Hiding and Multimedia Signal Processing,2025,16,2,1002–1011,,,,https://www.scopus.com/pages/publications/105021962493?origin=resultslist,
2TX8U9DR,journalArticle,"Tulaskar, D.P.; Sindhu, B.; Chakole, N.; Parteki, R.; Leema, A.A.; Balakrishnan, P.; Avthanka, A.; Girhe, R.; Kulkarni, M.B.; Bhaiyya, M.","AI and ML empowering 5G and shaping the 6G future: Models, metrics, architectures, and applications",ICT Express,2026,12,1,111–135,10.1016/j.icte.2025.11.024,,,https://www.scopus.com/pages/publications/105025143811?origin=resultslist,
2T49YMK6,conferencePaper,"Wang, N.; Sajjanhar, A.; Xiang, Y.; Gao, L.",A Robust NFT Assisted Knowledge Distillation Framework for Edge Computing,,2023,489 LNICST,,20–31,10.1007/978-3-031-33458-0_2,,,https://www.scopus.com/pages/publications/85164673606?origin=resultslist,
2MSM8GRC,journalArticle,"Grefen, P.; Vanderfeesten, I.; Wilbik, A.; Comuzzi, M.; Ludwig, H.; Serral, E.; Kuitems, F.; Blanken, M.; Pietrasik, M.",Towards Customer Outcome Management in Smart Manufacturing,Machines,2023,11,6,,10.3390/machines11060636,,,https://www.scopus.com/pages/publications/85163836750?origin=resultslist,
2XKF3RWQ,conferencePaper,"Cai, T.; Li, X.; Chen, W.; Wei, Z.; Ye, Z.",Blockchain-Based Federated Learning for IoT Sharing: Incentive Scheme with Reputation Mechanism,,2024,1896 CCIS,,270–284,10.1007/978-981-99-8101-4_19,,,https://www.scopus.com/pages/publications/85178642458?origin=resultslist,
3KAIZA5P,journalArticle,"Zhang, J.; Wang, Y.; Zhu, K.; Zhang, Y.; Li, Y.",Diagnosis of Interturn Short-Circuit Faults in Permanent Magnet Synchronous Motors Based on Few-Shot Learning under a Federated Learning Framework,IEEE Transactions on Industrial Informatics,2021,17,12,8495–8504,10.1109/TII.2021.3067915,,,https://www.scopus.com/pages/publications/85103234257?origin=resultslist,
48UIHVFJ,conferencePaper,"Jiang, J.; Shi, S.; Li, Y.; Wang, F.; Zhang, Y.",Hierarchical Semi-Asynchronous Federated Learning Based on Over-the-Air Computation,,2023,,,73–78,10.1109/ICAIT59485.2023.10367298,,,https://www.scopus.com/pages/publications/85182952143?origin=resultslist,
4GDX64AJ,journalArticle,"Fan, J.; Tan, S.; Gu, H.; Wang, Z.; Lü, J.",Federated anomaly detection based on collaborative pre-trained generative models in smart manufacturing,Journal of the Franklin Institute,2025,362,16,,10.1016/j.jfranklin.2025.108094,,,https://www.scopus.com/pages/publications/105017850389?origin=resultslist,
3GFG46MS,journalArticle,H. Zhao; Q. Liu; H. Sun; L. Xu; W. Zhang; Y. Zhao; F. -Y. Wang,Community Awareness Personalized Federated Learning for Defect Detection,IEEE Transactions on Computational Social Systems,2024,11,6,8064–8077,10.1109/TCSS.2024.3405556,2329-924X,,,
3XX42HSH,conferencePaper,A. Z. U. Rahat; A. Das; A. Dey,Towards Decentralizing the Fashion Industry: A Blockchain-Integrated System to Mitigate Dual Pricing of Branded Apparel,"2025 International Conference on Quantum Photonics, Artificial Intelligence, and Networking (QPAIN)",2025,,,1–6,10.1109/QPAIN66474.2025.11171920,,,,
3JNBH44M,journalArticle,"Al-Shamasneh, A.R.; Karim, F.K.; Wang, Y.",Optimizing resource allocation in industrial IoT with federated machine learning and edge computing integration,Results in Engineering,2025,27,,,10.1016/j.rineng.2025.106387,,,https://www.scopus.com/pages/publications/105012090552?origin=resultslist,
3KFSY2GU,journalArticle,"Zheng, K.; Yang, H.; Lei, L.; Mei, J.; Wu, B.",AI-Driven Resource Management for Heterogeneous Industrial IoT: Challenges and Opportunities,IEEE Open Journal of the Communications Society,2025,6,,10269–10286,10.1109/OJCOMS.2025.3640688,,,https://www.scopus.com/pages/publications/105024135715?origin=resultslist,
3L2Q2PAL,journalArticle,"Rahmati, Milad; Rahmati, Nima",Bandwidth-aware federated reinforcement learning for real-time multi-agent autonomous systems under dynamic environments,Journal of Electrical Systems and Information Technology,2026,13,1,,10.1186/s43067-026-00323-3,2314-7172,,http://dx.doi.org/10.1186/s43067-026-00323-3,Springer Science and Business Media LLC
3D763AVG,conferencePaper,S. Singhatia; M. Dhingra,Developing an Advanced Cross layer Distributed Model for Enhanced Attack Detection Model,"2025 2nd International Conference on Recent Trends in Electrical, Electronics and Computing Technologies (ICRTEECT)",2025,,,1–6,10.1109/ICRTEECT67512.2025.11448871,,,,
37H9BF86,conferencePaper,"Luqman, A.; Mahesh, R.; Chattopadhyay, A.",Efficient Model Propagation for Peer-to-Peer Federated Learning using Minimum Spanning Tree and Gossip Networks,,2025,,,,10.1145/3709023.3737694,,,https://www.scopus.com/pages/publications/105016576204?origin=resultslist,
4FPGZMH3,journalArticle,"Haseeb, S.; Javed, S.; Mokayed, H.; Martin-del-Campo, S.; Sandin, F.; Liwicki, M.; Delsing, J.",Local Cloud-Based Collaborative Learning vs Other IIoT Decentralized AI Solutions: A Systematic Literature Review,Journal of Network and Systems Management,2026,34,2,,10.1007/s10922-025-10029-y,,,https://www.scopus.com/pages/publications/105030028851?origin=resultslist,
3V495KCY,journalArticle,"Rejeb, Abderahman; Rejeb, Karim; Simske, Steve; Süle, Edit",Industry 5.0 research: an approach using co-word analysis and BERTopic modeling,Discover Sustainability,2025,6,1,,10.1007/s43621-025-01252-3,2662-9984,,http://dx.doi.org/10.1007/s43621-025-01252-3,Springer Science and Business Media LLC
3SEVF3Q5,journalArticle,"Nandakishora, Yerumbu; Khayum, Naseem; Patra, Chandan; Kumar, Prashant; Sharma, Abhishek; Ansu, Alok Kumar",AI driven approaches in battery thermal management systems for prediction and multi objective optimization: a comprehensive literature review,Discover Mechanical Engineering,2026,5,1,,10.1007/s44245-026-00231-w,2731-6564,,http://dx.doi.org/10.1007/s44245-026-00231-w,Springer Science and Business Media LLC
3MKWPQ9A,journalArticle,"Mavai, Ajay Singh; Mishra, Devendra Kumar; Sharma, Abhishek; Bansal, Sulabh",Role of big data analysis to improve the efficiency of healthcare system using machine learning techniques,Discover Internet of Things,2025,5,1,,10.1007/s43926-025-00225-2,2730-7239,,http://dx.doi.org/10.1007/s43926-025-00225-2,Springer Science and Business Media LLC
4KRI39WG,journalArticle,"Cui, Qimei; You, Xiaohu; Wei, Ni; Nan, Guoshun; Zhang, Xuefei; Zhang, Jianhua; Lyu, Xinchen; Ai, Ming; Tao, Xiaofeng; Feng, Zhiyong; Zhang, Ping; Wu, Qingqing; Tao, Meixia; Huang, Yongming; Huang, Chongwen; Liu, Guangyi; Peng, Chenghui; Pan, Zhiwen; Sun, Tao; Niyato, Dusit; Chen, Tao; Khan, Muhammad Khurram; Jamalipour, Abbas; Guizani, Mohsen; Yuen, Chau","Overview of AI and communication for 6G network: fundamentals, challenges, and future research opportunities",Science China Information Sciences,2025,68,7,,10.1007/s11432-024-4337-1,1869-1919,,http://dx.doi.org/10.1007/s11432-024-4337-1,Springer Science and Business Media LLC
3NR3BL4V,journalArticle,"Hassan, Syed Rizwan; Hassan, Ayesha; Maqsood, Aysha; Hijab, Shaham",A survey on intelligent secure and distributed frameworks for Healthcare 5.0,Discover Artificial Intelligence,2025,5,1,,10.1007/s44163-025-00572-7,2731-0809,,http://dx.doi.org/10.1007/s44163-025-00572-7,Springer Science and Business Media LLC
3NQATZ2K,journalArticle,"Buyukbicakci, Erdal","Sustainable Electrical Machine Technologies: A Comprehensive Review of Materials, Designs, and Integration Strategies for Future Energy Systems",Archives of Computational Methods in Engineering,2026,33,3,4533–4565,10.1007/s11831-026-10526-6,1886-1784,,http://dx.doi.org/10.1007/s11831-026-10526-6,Springer Science and Business Media LLC
39JIYCGS,journalArticle,"El-Agamy, Rasha F.; Sayed, Hanaa A.; AL Akhatatneh, Arwa M.; Aljohani, Mansourah; Elhosseini, Mostafa",Comprehensive analysis of digital twins in smart cities: a 4200-paper bibliometric study,Artificial Intelligence Review,2024,57,6,,10.1007/s10462-024-10781-8,1573-7462,,http://dx.doi.org/10.1007/s10462-024-10781-8,Springer Science and Business Media LLC
48ZYDTJZ,journalArticle,"Zhang, Hao; Xu, Huahu; Shi, Jiangang; Lin, Xinhua; Gao, Yiqin; Huang, Yuzhe",Optimized edge weighting in graph neural networks for server performance anomaly detection,Complex &amp; Intelligent Systems,2025,11,10,,10.1007/s40747-025-02069-3,2198-6053,,http://dx.doi.org/10.1007/s40747-025-02069-3,Springer Science and Business Media LLC
4BAKJUXV,journalArticle,"Weinberg, Abraham Itzhak",The role and applications of airport digital twin in cyberattack protection during the generative AI era,Discover Artificial Intelligence,2026,6,1,,10.1007/s44163-026-00916-x,2731-0809,,http://dx.doi.org/10.1007/s44163-026-00916-x,Springer Science and Business Media LLC
3NA4HRIP,journalArticle,"Xu, Yifan; Zhu, Xin; Bai, Yuhao; Chen, Ziliang; Sun, Meng",A dynamic lightweight blockchain sharding protocol for autonomous collaborative combat of UAV swarms in denied environments,Scientific Reports,2025,15,1,,10.1038/s41598-025-20359-1,2045-2322,,http://dx.doi.org/10.1038/s41598-025-20359-1,Springer Science and Business Media LLC
3N52CEQW,journalArticle,"Shahar, Farah Syazwani; Sultan, Mohamed Tariq Hameed; Nowakowski, Marek; Łukaszewicz, Andrzej",UGV-UAV Integration Advancements for Coordinated Missions: A Review,Journal of Intelligent &amp; Robotic Systems,2025,111,2,,10.1007/s10846-025-02273-w,1573-0409,,http://dx.doi.org/10.1007/s10846-025-02273-w,Springer Science and Business Media LLC
3J4WCN7B,journalArticle,"Sirisha, Aswadhati.; Sri, Kurra. Santhi",Cluster head based dual level node authentication model with node pattern analysis for intrusion detection in wireless sensor networks using machine learning,Discover Computing,2026,29,1,,10.1007/s10791-026-09948-4,2948-2992,,http://dx.doi.org/10.1007/s10791-026-09948-4,Springer Science and Business Media LLC
3AEYU2LJ,journalArticle,"Singh, Ashneet Khandpur; Sánchez, Marcel Ortiz; Caparros, Marc Garnica; de los Mozos, Mario Reyes; Castellvi, Silvia; Dalmolen, Simon; Tsiakas, Kosmas; Itsios, Paschalis; Mariolis, Ioannis; Giakoumis, Dimitrios; Rodríguez, Silvia; Velasco, Asier Aguayo; Cabello, Daniel; Lopez, Borja Perez",A Security Analysis of European Data Space Architectures,Data Science and Engineering,2025,,,,10.1007/s41019-025-00311-z,2364-1541,,http://dx.doi.org/10.1007/s41019-025-00311-z,Springer Science and Business Media LLC
4LEPAMPV,journalArticle,"Pu, Huizhong; Hua, Yan",Adaptive course recommendation using federated learning and graph convolutional networks in IoT-enhanced e-learning,Scientific Reports,2025,15,1,,10.1038/s41598-025-26085-y,2045-2322,,http://dx.doi.org/10.1038/s41598-025-26085-y,Springer Science and Business Media LLC
48GIQUWN,journalArticle,"Prasad, Kashi Sai; Udayakumar, P; Laxmi Lydia, E.; Ahmed, Mohammed Altaf; Ishak, Mohamad Khairi; Karim, Faten Khalid; Mostafa, Samih M.",A two-tier optimization strategy for feature selection in robust adversarial attack mitigation on internet of things network security,Scientific Reports,2025,15,1,,10.1038/s41598-025-85878-3,2045-2322,,http://dx.doi.org/10.1038/s41598-025-85878-3,Springer Science and Business Media LLC
3JBJKKI9,journalArticle,"Rajesh, M.; Usha, M.; Easwaramoorthy, Sathishkumar Veerappampalayam",Integrating holographic counterparts for intelligent IoT consumer devices,Discover Internet of Things,2025,5,1,,10.1007/s43926-025-00170-0,2730-7239,,http://dx.doi.org/10.1007/s43926-025-00170-0,Springer Science and Business Media LLC
3J7Z78H2,journalArticle,"Sameh, Ahmed; Fanni, Mohamed; Rashad, Maher",Advances in intelligent industrial manipulators for smart manufacturing and standardized automation technologies,Discover Robotics,2025,1,1,,10.1007/s44430-025-00012-2,3059-3204,,http://dx.doi.org/10.1007/s44430-025-00012-2,Springer Science and Business Media LLC
45B77XVJ,journalArticle,"Prabhu B.P., Aniruddha; Sunitha, N. R.",A hybrid artificial intelligence model for cyberattack detection using a generative AI embedded approach,Discover Artificial Intelligence,2026,6,1,,10.1007/s44163-026-00901-4,2731-0809,,http://dx.doi.org/10.1007/s44163-026-00901-4,Springer Science and Business Media LLC
4KLE3W56,journalArticle,"Li, Menglin; Yu, Wenwen; Li, Yiming",Deep neural network-based coupling model of inter-organizational knowledge flow and agent collaborative decision-making,Scientific Reports,2026,16,1,,10.1038/s41598-026-37838-8,2045-2322,,http://dx.doi.org/10.1038/s41598-026-37838-8,Springer Science and Business Media LLC
4EY4QWCA,journalArticle,"Kundu, Shakti; Chaturvedi, Ravi Prakash; Mishra, Annu; Agrawal, Akshat; Aldossary, Sultan Mesfer; Ayadi, Manel; Adem, Kedir Botamo; Hashmi, Arshad",A trustworthy cybersecurity model for transparent cyberattack detection using Bald Eagle Search tuned XGBoost and explainable AI,Journal of Cloud Computing,2026,15,1,,10.1186/s13677-026-00878-6,2192-113X,,http://dx.doi.org/10.1186/s13677-026-00878-6,Springer Science and Business Media LLC
3ER8TQF6,journalArticle,"Lee, Jaejun; Yu, Yonggyun; Seo, Hogeon",Restoration of multi-channel signal loss using autoencoder with recursive input strategy,Scientific Reports,2025,15,1,,10.1038/s41598-025-98374-5,2045-2322,,http://dx.doi.org/10.1038/s41598-025-98374-5,Springer Science and Business Media LLC
4BZ8BBQE,journalArticle,"Gurushanker, Abirami; Rufus, A. Jeffrey; Columbus, C. Christopher; Aravind, C. K.",FeXAI: Federated and Explainable AI for cyber threat detection in IoT-enabled smart transportation systems,Scientific Reports,2026,16,1,,10.1038/s41598-026-46141-5,2045-2322,,http://dx.doi.org/10.1038/s41598-026-46141-5,Springer Science and Business Media LLC
44N786HD,journalArticle,"Jeysuriya, K.; Renjith, P. N.; Sudhakaran, G.",Quantum-resilient cross-trust evaluation for zero trust 5G security,Scientific Reports,2026,16,1,,10.1038/s41598-026-44119-x,2045-2322,,http://dx.doi.org/10.1038/s41598-026-44119-x,Springer Science and Business Media LLC
3B4C2K2C,journalArticle,"Islam, Md Ruman; Subramaniam, Mahadevan; Huang, Pei-Chi",Image-based deep learning for smart digital twins: a review,Artificial Intelligence Review,2025,58,5,,10.1007/s10462-024-11002-y,1573-7462,,http://dx.doi.org/10.1007/s10462-024-11002-y,Springer Science and Business Media LLC
4LFGAPQC,journalArticle,"Ferreira, Luís; Silva, Leopoldo; Morais, Francisco; Martins, Carlos Manuel; Pires, Pedro Miguel; Rodrigues, Helena; Cortez, Paulo; Pilastri, André",International revenue share fraud prediction on the 5G edge using federated learning,Computing,2023,105,9,1907–1932,10.1007/s00607-023-01174-w,1436-5057,,http://dx.doi.org/10.1007/s00607-023-01174-w,Springer Science and Business Media LLC
3R5Q3CEG,journalArticle,"Elgohr, Abdelrahman T.; Rashad, Maher; El-Gendy, Eman M.; Shaaban, Waleed; Saafan, Mahmoud M.",Trust as a design principle in human–robot collaboration: a review of explainable and adaptive control,Artificial Intelligence Review,2026,59,5,,10.1007/s10462-026-11554-1,1573-7462,,http://dx.doi.org/10.1007/s10462-026-11554-1,Springer Science and Business Media LLC
3B4N2A6I,journalArticle,"Fazlollahtabar, Hamed",Human-robot interaction using retrieval-augmented generation and fine-tuning with transformer neural networks in industry 5.0,Scientific Reports,2025,15,1,,10.1038/s41598-025-12742-9,2045-2322,,http://dx.doi.org/10.1038/s41598-025-12742-9,Springer Science and Business Media LLC
3T28EMM5,journalArticle,"Bhardwaj, Tanisha; Sumangali, K.",An explainable federated blockchain framework with privacy-preserving AI optimization for securing healthcare data,Scientific Reports,2025,15,1,,10.1038/s41598-025-04083-4,2045-2322,,http://dx.doi.org/10.1038/s41598-025-04083-4,Springer Science and Business Media LLC
4J4EEP2K,journalArticle,"Al Nuaim, Ahmed; Qayyum, Junaid",A hierarchical neuromorphic multi agent framework for energy aware and secure 6G resource optimization using Neuro6G agent,Scientific Reports,2026,16,1,,10.1038/s41598-026-54349-8,2045-2322,,http://dx.doi.org/10.1038/s41598-026-54349-8,Springer Science and Business Media LLC
4B7YECQB,journalArticle,"Aron, Cosmin; Sgarbossa, Fabio; Ballot, Eric; Ivanov, Dmitry",Cloud material handling systems: a cyber-physical system to enable dynamic resource allocation and digital interoperability,Journal of Intelligent Manufacturing,2023,35,8,3815–3836,10.1007/s10845-023-02262-6,1572-8145,,http://dx.doi.org/10.1007/s10845-023-02262-6,Springer Science and Business Media LLC
44ISBVAT,journalArticle,"Alanazi, Adwan A.; Althbiti, Ashrf; Ghorashi, Sara Abdelwahab; Birkea, Fathea M. O.; Soto-Diaz, Roosvel; Escorcia-Gutierrez, José",Secure federated learning with metaheuristic optimized dimensionality reduction and multi-head attention for DDoS attack mitigation,Scientific Reports,2025,15,1,,10.1038/s41598-025-15052-2,2045-2322,,http://dx.doi.org/10.1038/s41598-025-15052-2,Springer Science and Business Media LLC
3ZNZI24I,journalArticle,"Aleisa, Mohammed A.",Enhancing Security in CPS Industry 5.0 using Lightweight MobileNetV3 with Adaptive Optimization Technique,Scientific Reports,2025,15,1,,10.1038/s41598-025-00496-3,2045-2322,,http://dx.doi.org/10.1038/s41598-025-00496-3,Springer Science and Business Media LLC
3QCJW2ZN,journalArticle,"Andreica, Tudor; Musuroi, Adrian; Anistoroaei, Alfred; Jichici, Camil; Groza, Bogdan",Blockchain integration for in-vehicle CAN bus intrusion detection systems with ISO/SAE 21434 compliant reporting,Scientific Reports,2024,14,1,,10.1038/s41598-024-58694-4,2045-2322,,http://dx.doi.org/10.1038/s41598-024-58694-4,Springer Science and Business Media LLC
3JQ83E28,journalArticle,"Alva, Linga Reddy; Pandey, Bishwajeet","Agentic AI systems in the age of generative models: architectures, cloud scalability, and real-world applications",Artificial Intelligence Review,2026,59,3,,10.1007/s10462-025-11458-6,1573-7462,,http://dx.doi.org/10.1007/s10462-025-11458-6,Springer Science and Business Media LLC
4M5ZGUJ4,journalArticle,"Al-Dahhan, Aisha; Hussien, Aseel; Baker, Thar; AL Aghbari, Zaher",IntEnergy: an efficient federated learning model for energy consumption forecasting in smart homes,Discover Internet of Things,2025,5,1,,10.1007/s43926-025-00197-3,2730-7239,,http://dx.doi.org/10.1007/s43926-025-00197-3,Springer Science and Business Media LLC
3VTVX7KT,journalArticle,"Alam, S.; Khan, M.F.",Enhancing AI-Human Collaborative Decision-Making in Industry 4.0 Management Practices,IEEE Access,2024,12,,119433–119444,10.1109/ACCESS.2024.3449415,,,https://www.scopus.com/pages/publications/85202778710?origin=resultslist,
4FBSG7NP,journalArticle,"Yang, J.; Zheng, J.; Baker, T.; Tang, S.; Tan, Y.-A.; Zhang, Q.",Clean-label poisoning attacks on federated learning for IoT,Expert Systems,2023,40,5,,10.1111/exsy.13161,,,https://www.scopus.com/pages/publications/85139652135?origin=resultslist,
4BWNRBJM,conferencePaper,"Siddiq, M.S.; Younis, S.",Federated Learning Scheme for Physical Layer Authentication in Industrial IoT Application,,2024,,,7–12,10.1109/IEC61018.2024.11064226,,,https://www.scopus.com/pages/publications/105012108774?origin=resultslist,
3MIXZYQX,conferencePaper,"Büttner, D.; Schöttke, D.; Schäfer, S.; Knoch, S.; Porta, D.; Schwartz, T.; Ocando Röhricht, C.; Zielstorff, A.; Bayha, A.",Adaptive Learning Paths for Industry 4.0 Competencies: Didactic Framework with Role- and Maturity-Based Differentiation Using the Asset Administration Shell,,2026,2825 CCIS,,222–245,10.1007/978-3-032-15576-4_15,,,https://www.scopus.com/pages/publications/105029701887?origin=resultslist,
5PM58E4D,conferencePaper,"Barbieri, L.; Savazzi, S.; Nicoli, M.",Compressed Bayesian Federated Learning for Reliable Passive Radio Sensing in Industrial IoT,,2024,,,344–349,10.1109/CAI59869.2024.00071,,,https://www.scopus.com/pages/publications/85201231286?origin=resultslist,
5DTBDXBE,conferencePaper,"Franco, N.; Van, H.M.; Dreiser, M.; Weiss, G.",Towards a Self-Adaptive Architecture for Federated Learning of Industrial Automation Systems,,2021,,,210–216,10.1109/SEAMS51251.2021.00035,,,https://www.scopus.com/pages/publications/85113453445?origin=resultslist,
5SDCXNME,conferencePaper,"Natrayan, L.; Kota, S.R.; Kamal, M.D.R.; Veeraswamy, D.; Kaliappan, S.",Multi-Objective Fault Detection and Maintenance in Industrial IoT Using the Decentralized Policy-Based RL Model,,2025,,,,10.1109/ICTBIG68706.2025.11323870,,,https://www.scopus.com/pages/publications/105032856431?origin=resultslist,
5EF8ULPT,journalArticle,"Are, S.; Krishna, N.G.; Thati, J.; Gopi, K.",Federated multi scale vision transformer with adaptive client aggregation for industrial defect detection,Scientific Reports,2025,15,1,,10.1038/s41598-025-12390-z,,,https://www.scopus.com/pages/publications/105017782840?origin=resultslist,
5RZDFDQW,journalArticle,"Guendouzi, B.S.; Ouchani, S.; Al Assaad, H.; El Zaher, M.",Ensuring the federation correctness: Formal verification of Federated Learning in industrial cyber-physical systems,Future Generation Computer Systems,2025,166,,,10.1016/j.future.2024.107675,,,https://www.scopus.com/pages/publications/85213082949?origin=resultslist,
5JZJSNWT,journalArticle,"Ranathunga, T.; McGibney, A.; Rea, S.; Bharti, S.",Blockchain-Based Decentralized Model Aggregation for Cross-Silo Federated Learning in Industry 4.0,IEEE Internet of Things Journal,2023,10,5,4449–4461,10.1109/JIOT.2022.3218704,,,https://www.scopus.com/pages/publications/85141626824?origin=resultslist,
5K4SAGSI,journalArticle,"Yazdinejad, A.; Dehghantanha, A.; Parizi, R.M.; Hammoudeh, M.; Karimipour, H.; Srivastava, G.",Block Hunter: Federated Learning for Cyber Threat Hunting in Blockchain-Based IIoT Networks,IEEE Transactions on Industrial Informatics,2022,18,11,8356–8366,10.1109/TII.2022.3168011,,,https://www.scopus.com/pages/publications/85128634357?origin=resultslist,
5ER4X4Z8,conferencePaper,"Zhang, F.; Wang, D.; Jiang, Y.",A Efficient Prototype-Assisted Clustered Federated Learning Framework for Industrial Internet of Things,,2023,,,322–328,10.1109/ICICN59530.2023.10393679,,,https://www.scopus.com/pages/publications/85184998651?origin=resultslist,
4QGK3K5L,conferencePaper,T. Kang; H. Yang; L. Dai; X. Hu; J. Du,Privacy-Enhanced Federated Learning for Distributed Heterogeneous Data,2025 8th International Conference on Computer Information Science and Application Technology (CISAT),2025,,,121–125,10.1109/CISAT66811.2025.11181802,,,,
52GHRF9H,conferencePaper,"Guo, M.; Mukherjee, M.; Liang, G.; Zhang, J.",Computation Offloading for Machine Learning in Industrial Environments,,2020,2020-October,,4465–4470,10.1109/IECON43393.2020.9255001,,,https://www.scopus.com/pages/publications/85097740224?origin=resultslist,
5C7ZLYAZ,conferencePaper,"Kumar, A.; Kaur, S.; Sachdeva, R.; Kaur, K.",A Federated Attention-Enhanced Graph Neural Network Framework for Real-Time Intrusion Detection in Edge Computing Environments,,2025,,,,10.1109/ICONAT66879.2025.11362512,,,https://www.scopus.com/pages/publications/105034002946?origin=resultslist,
5PHMCM9N,journalArticle,"Sharma, Chetan; Sharma, Shamneesh; Sharma, Komal; Sethi, Ganesh Kumar; Chen, Hsin-Yuan",Exploring explainable AI: a bibliometric analysis,Discover Applied Sciences,2024,6,11,,10.1007/s42452-024-06324-z,3004-9261,,http://dx.doi.org/10.1007/s42452-024-06324-z,Springer Science and Business Media LLC
5B32LWAB,journalArticle,"Yang, Hang; Jiao, Wenxuan; Zouyi, Lingyun; Diao, Hongli; Xia, Shibin",Artificial intelligence in the food industry: innovations and applications,Discover Artificial Intelligence,2025,5,1,,10.1007/s44163-025-00296-8,2731-0809,,http://dx.doi.org/10.1007/s44163-025-00296-8,Springer Science and Business Media LLC
4WPZLQL4,journalArticle,"Zhou, Yanjie; Kang, Yaqing; Li, Pulin; Feng, Xuehao",Container relocation problem: a systematic review and bibliometric analysis,Journal of Shipping and Trade,2026,11,1,,10.1186/s41072-026-00231-9,2364-4575,,http://dx.doi.org/10.1186/s41072-026-00231-9,Springer Science and Business Media LLC
5VIVTSFD,journalArticle,"Elenien, Wesam Ibrahim Abo; Ibrahim, Nada Ashraf; Mohamed, Mariam; Elenien, Youssef Abo; Heiba, Momen; Abouelenin, Osama; Mahmood, Dunya Abbas; Hussein, Farhan Khaleel",A bibliometric analysis of global research trends in adoptive cell therapy for triple negative breast cancer over the past 15 years,Discover Oncology,2026,17,1,,10.1007/s12672-026-05277-6,2730-6011,,http://dx.doi.org/10.1007/s12672-026-05277-6,Springer Science and Business Media LLC
5W4XGCMF,journalArticle,"Vellimalaipattinam Thiruvenkatasamy, Krishnaprasath; Ghanimi, Hayder M. A.; Sengan, Sudhakar; Alharbi, Meshal Ghalib",An online tool based on the Internet of Things and intelligent blockchain technology for data privacy and security in rural and agricultural development,Scientific Reports,2025,15,1,,10.1038/s41598-025-13231-9,2045-2322,,http://dx.doi.org/10.1038/s41598-025-13231-9,Springer Science and Business Media LLC
575HLE3R,journalArticle,"Xin, Dongfeng",Multi-source heterogeneous data fusion and intelligent prediction modeling for chemical engineering construction projects based on improved transformer architecture,Scientific Reports,2025,15,1,,10.1038/s41598-025-22752-2,2045-2322,,http://dx.doi.org/10.1038/s41598-025-22752-2,Springer Science and Business Media LLC
5E8ALEYE,journalArticle,"Reddy, Nalavala Ramanjaneya; Dalton, G. Arul; Swathi, K.; Subrahmanyam, Dasaka V. S. S.; G, Lakshmi Kranthi; Nagaraju, Gujjeti",Secure quantum-resilient smart city communication networks using QSC-Net with MF-MBO-based energy-aware task scheduling,Scientific Reports,2026,16,1,,10.1038/s41598-026-41015-2,2045-2322,,http://dx.doi.org/10.1038/s41598-026-41015-2,Springer Science and Business Media LLC
4MDJGQEP,journalArticle,"Saeed, Nahla Hafez; Hamza, Alyaa A.; Sobh, Mohamed A.; Bahaa-Eldin, Ayman M.",Efficient feature ranked hybrid framework for android Iot malware detection,Scientific Reports,2026,16,1,,10.1038/s41598-026-35238-6,2045-2322,,http://dx.doi.org/10.1038/s41598-026-35238-6,Springer Science and Business Media LLC
5SPVQ2IW,journalArticle,"Okafor, Nnamdi Ikemefuna; Igbokwe, Nkeiruka; Onohuean, Hope; Faya, Mbuso; Choonara, Yahya E.",Artificial Intelligence-Driven Development and Characterization of Nanomedicine,BioNanoScience,2026,16,4,,10.1007/s12668-026-02476-x,2191-1649,,http://dx.doi.org/10.1007/s12668-026-02476-x,Springer Science and Business Media LLC
5JLFAQ8L,journalArticle,"Pramanick, Neha; Mathew, Jimson; Selvarajan, Shitharth; Agarwal, Mayank",Leveraging stacking machine learning models and optimization for improved cyberattack detection,Scientific Reports,2025,15,1,,10.1038/s41598-025-01052-9,2045-2322,,http://dx.doi.org/10.1038/s41598-025-01052-9,Springer Science and Business Media LLC
5CBP4UP8,journalArticle,"Pandey, Vivek Kumar; Sahu, Dinesh; Prakash, Shiv; Rathore, Rajkumar Singh; Dixit, Pratibha; Hunko, Iryna",A lightweight framework to secure IoT devices with limited resources in cloud environments,Scientific Reports,2025,15,1,,10.1038/s41598-025-09885-0,2045-2322,,http://dx.doi.org/10.1038/s41598-025-09885-0,Springer Science and Business Media LLC
4NKRHVZL,journalArticle,"Panda, Sucheta; Priyadarshini, Sushree Bibhuprada B.","An In-Depth Examination of Localization Strategies Employed in Wireless Sensor Networks (WSNs): Methods, Challenges and Prospective Developments",International Journal of Networked and Distributed Computing,2025,13,2,,10.1007/s44227-025-00067-y,2211-7946,,http://dx.doi.org/10.1007/s44227-025-00067-y,Springer Science and Business Media LLC
5RJNSLXF,journalArticle,"Markovic, Tijana; Leon, Miguel; Buffoni, David; Punnekkat, Sasikumar",Random forest with differential privacy in federated learning framework for network attack detection and classification,Applied Intelligence,2024,54,17-18,8132–8153,10.1007/s10489-024-05589-6,1573-7497,,http://dx.doi.org/10.1007/s10489-024-05589-6,Springer Science and Business Media LLC
5NJTQ6RP,journalArticle,"Maseno, Elijah M.; Sun, Yanxia; Wang, Zenghui",GA-optimized deep learning intrusion detection framework with LIME explainability for IoT networks,Evolutionary Intelligence,2026,19,1,,10.1007/s12065-025-01133-8,1864-5917,,http://dx.doi.org/10.1007/s12065-025-01133-8,Springer Science and Business Media LLC
59PSK3GI,journalArticle,"Khan, Firoz; Kumar, B. S. Sunil; Sangani, Sangeeta",A feature-level ensemble machine learning approach for attack detection in IoT networks,Discover Internet of Things,2025,5,1,,10.1007/s43926-025-00185-7,2730-7239,,http://dx.doi.org/10.1007/s43926-025-00185-7,Springer Science and Business Media LLC
4NS62PG3,journalArticle,"Lepore, Mario; Serra, Domenico; Maccioni, Raffaele",Leveraging artificial intelligence and optimization for agile AGV scheduling in an edge-to-cloud manufacturing framework,Soft Computing,2025,29,13-14,5041–5069,10.1007/s00500-025-10851-1,1433-7479,,http://dx.doi.org/10.1007/s00500-025-10851-1,Springer Science and Business Media LLC
4M9K568Y,journalArticle,"Jun, Yang; Yan, Xiong; Changhong, Li; Chunjie, Zhou; Shangru, Zhou",A comprehensive study on cyberattack resilience for high-speed train security protection,Cybersecurity,2026,9,1,,10.1186/s42400-025-00502-1,2523-3246,,http://dx.doi.org/10.1186/s42400-025-00502-1,Springer Science and Business Media LLC
4X4PPHD4,journalArticle,"Hagenhoff, Philipp; Gieß, Anna; Möller, Frederik; Otto, Boris",A reference information systems architecture for collaborative condition monitoring,Information Systems and e-Business Management,2026,24,1,205–236,10.1007/s10257-026-00716-x,1617-9854,,http://dx.doi.org/10.1007/s10257-026-00716-x,Springer Science and Business Media LLC
4T9G6G2T,journalArticle,"Han, Yufang; Gu, Mengyao; Xu, Xinsheng",Flexible evaluation method based on personalized evaluation requirements for cloud manufacturing services,Journal of Cloud Computing,2025,15,1,,10.1186/s13677-025-00813-1,2192-113X,,http://dx.doi.org/10.1186/s13677-025-00813-1,Springer Science and Business Media LLC
4T5I4QMZ,journalArticle,"Hanumantharaju, R.; Shreenath, K. N.; Sowmya, B. J.; Supreeth, S.; Shruthi, G.; Rohith, S.",Blockchain based machine learning approach for secure and efficient vehicular data monitoring and analysis,Discover Computing,2025,28,1,,10.1007/s10791-025-09771-3,2948-2992,,http://dx.doi.org/10.1007/s10791-025-09771-3,Springer Science and Business Media LLC
5CFBEZH2,journalArticle,"Dazzi, Patrizio",The Internet of AI Agents (IAIA): A New Frontier in Networked and Distributed Intelligence,International Journal of Networked and Distributed Computing,2025,13,1,,10.1007/s44227-025-00057-0,2211-7946,,http://dx.doi.org/10.1007/s44227-025-00057-0,Springer Science and Business Media LLC
57EFH5LT,journalArticle,"Funchal, Gustavo; Pedrosa, Tiago; De la Prieta, Fernando; Leitão, Paulo",A Cloud-Driven Support Layer for Enhancing Distributed IDS in IoT Networks,SN Computer Science,2026,7,2,,10.1007/s42979-026-04750-x,2661-8907,,http://dx.doi.org/10.1007/s42979-026-04750-x,Springer Science and Business Media LLC
5DG2XSSU,journalArticle,"Cao, Longbing","Trans-AI/DS: transformative, transdisciplinary and translational artificial intelligence and data science",International Journal of Data Science and Analytics,2023,15,2,119–132,10.1007/s41060-023-00383-y,2364-4168,,http://dx.doi.org/10.1007/s41060-023-00383-y,Springer Science and Business Media LLC
5AP52GAZ,journalArticle,"Chaudhary, Himani; Sharma, Geetanjali; Nishad, Dinesh Kumar; Khalid, Saifullah",Advanced queueing and scheduling techniques in cloud computing using AI-based model order reduction,Discover Computing,2025,28,1,,10.1007/s10791-025-09581-7,2948-2992,,http://dx.doi.org/10.1007/s10791-025-09581-7,Springer Science and Business Media LLC
57WXARML,journalArticle,"Bathula, Archana; Gupta, Suneet K.; Merugu, Suresh; Saba, Luca; Khanna, Narendra N.; Laird, John R.; Sanagala, Skandha S.; Singh, Rajesh; Garg, Deepak; Fouda, Mostafa M.; Suri, Jasjit S.","Blockchain, artificial intelligence, and healthcare: the tripod of future—a narrative review",Artificial Intelligence Review,2024,57,9,,10.1007/s10462-024-10873-5,1573-7462,,http://dx.doi.org/10.1007/s10462-024-10873-5,Springer Science and Business Media LLC
56ZPCH43,journalArticle,"Basudan, Sultan; Alamer, Abdulrahman",Anonymity-based privacy preserving scheme in robot system of fog-based Industrial IoT,Peer-to-Peer Networking and Applications,2026,19,4,,10.1007/s12083-026-02257-z,1936-6450,,http://dx.doi.org/10.1007/s12083-026-02257-z,Springer Science and Business Media LLC
5ADT647V,journalArticle,"Almadhor, Ahmad; Alsubai, Shtwai; Kryvinska, Natalia; Ghazouani, Nejib; Bouallegue, Belgacem; Al Hejaili, Abdullah; Sampedro, Gabriel Avelino",A synergistic approach using digital twins and statistical machine learning for intelligent residential energy modelling,Scientific Reports,2025,15,1,,10.1038/s41598-025-09760-y,2045-2322,,http://dx.doi.org/10.1038/s41598-025-09760-y,Springer Science and Business Media LLC
59BGU88J,journalArticle,"Ahmed, Faiyaz; Mohanta, J. C.; Keshari, Anupam","Power Transmission Line Inspections: Methods, Challenges, Current Status and Usage of Unmanned Aerial Systems",Journal of Intelligent &amp; Robotic Systems,2024,110,2,,10.1007/s10846-024-02061-y,1573-0409,,http://dx.doi.org/10.1007/s10846-024-02061-y,Springer Science and Business Media LLC
57BNTSI2,journalArticle,"Abdelghany, Haitham M.",Dynamic Resource Management and Task Offloading Framework for Fog Computing,Journal of Grid Computing,2025,23,2,,10.1007/s10723-025-09804-7,1572-9184,,http://dx.doi.org/10.1007/s10723-025-09804-7,Springer Science and Business Media LLC
4UGBIT8Z,journalArticle,"A, Nivetha; KS, Preetha",Efficient joint resource allocation using self organized map based Deep Reinforcement Learning for cybertwin enabled 6G networks,Scientific Reports,2025,15,1,,10.1038/s41598-025-02274-7,2045-2322,,http://dx.doi.org/10.1038/s41598-025-02274-7,Springer Science and Business Media LLC
5QEBGXPD,journalArticle,"Mallikarjunan, N.; Harine Rajashree, R.; Sundarakantham, K.; Mercy Shalinie, S.",RISE: Privacy preserved data analytics using Regularized Inference Specific autoEncoder,Engineering Applications of Artificial Intelligence,2024,133,,,10.1016/j.engappai.2024.108384,,,https://www.scopus.com/pages/publications/85190304849?origin=resultslist,
5E4XJI24,conferencePaper,"Khan, M.; Glavin, F.G.; Nickles, M.",Federated Learning as a Privacy Solution - An Overview,,2022,217,,316–325,10.1016/j.procs.2022.12.227,,,https://www.scopus.com/pages/publications/85159356562?origin=resultslist,
5MMYVF4V,journalArticle,"Zhao, Z.; Feng, M.; Ke, C.; Chen, Z.; Jiang, T.",Federated Deep Recurrent Q-Learning for Task Partitioning and Resource Allocation in Satellite Mobile-Edge-Computing-Assisted Industrial IoT,IEEE Internet of Things Journal,2024,11,15,26444–26458,10.1109/JIOT.2024.3397796,,,https://www.scopus.com/pages/publications/85192967501?origin=resultslist,
572Z2QKW,journalArticle,"Tsang, Y.P.; Wu, C.H.; Ip, W.H.; Yung, K.L.",A blockchain-enabled horizontal federated learning system for fuzzy invasion detection in maintaining space security,Journal of Industrial Information Integration,2025,43,,,10.1016/j.jii.2024.100745,,,https://www.scopus.com/pages/publications/85212125942?origin=resultslist,
5A33MZ8Z,journalArticle,"Samanta, S.; Sarkar, A.",Blockchain integrated DFL model for IIoT data security in smart cities,International Journal of Information Technology (Singapore),2025,17,2,911–923,10.1007/s41870-024-02354-3,,,https://www.scopus.com/pages/publications/85212251388?origin=resultslist,
5H4XKF9B,journalArticle,"Bemani, A.; Björsell, N.",Low-Latency Collaborative Predictive Maintenance: Over-the-Air Federated Learning in Noisy Industrial Environments,Sensors,2023,23,18,,10.3390/s23187840,,,https://www.scopus.com/pages/publications/85172735809?origin=resultslist,
5MC2PIWN,conferencePaper,"Chatterjee, K.; Gurujyothi, S.; Kumar, B.K.; Selvamuthukumaran, N.; Suraj, S.; Reddy, M.S.; Sachin, A.; Thara, M.N.",Fed-ReST: Federated Learning-Based Recurrent Long Short-Term Memory Model for Smart Cities Air Quality Prediction,,2024,1045 LNNS,,383–395,10.1007/978-981-97-4799-3_29,,,https://www.scopus.com/pages/publications/85214022204?origin=resultslist,
53NFSG9J,journalArticle,"Abdallah, W.",Federated edge intelligence for secure and adaptive routing in IoT: a GRU–RL based framework,Journal of Combinatorial Optimization,2026,51,2,,10.1007/s10878-026-01408-5,,,https://www.scopus.com/pages/publications/105033775299?origin=resultslist,
4S5W5KAH,journalArticle,"Hao, M.; Li, H.; Luo, X.; Xu, G.; Yang, H.; Liu, S.",Efficient and Privacy-Enhanced Federated Learning for Industrial Artificial Intelligence,IEEE Transactions on Industrial Informatics,2020,16,10,6532–6542,10.1109/TII.2019.2945367,,,https://www.scopus.com/pages/publications/85087794652?origin=resultslist,
7EHGZURW,journalArticle,"Li, Y.; Liu, S.; Meng, Y.; Qi, S.; Qu, Z.; Li, F.; Wang, Y.",Toward Collaborative Intelligence for Meta-Computing-Driven IIoT Based on Vertical Federated Learning With Fast Convergence,IEEE Internet of Things Journal,2025,12,10,13806–13816,10.1109/JIOT.2025.3544872,,,https://www.scopus.com/pages/publications/86000467350?origin=resultslist,
7GGF3HZQ,journalArticle,"Cui, Zhitao; Pozi, Muhammad Syafiq Bin Mohd; Mohsin, Mohamad Farhan Bin Mohamad",Latency-efficient edge intelligence in IoT networks using knowledge distillation,Discover Computing,2026,29,1,,10.1007/s10791-026-10080-6,2948-2992,,http://dx.doi.org/10.1007/s10791-026-10080-6,Springer Science and Business Media LLC
6X4KRE5V,journalArticle,"Shan, Y.; Yao, Y.; Zhou, X.; Zhao, T.; Hu, B.; Wang, L.",CFL-IDS: An Effective Clustered Federated Learning Framework for Industrial Internet of Things Intrusion Detection,IEEE Internet of Things Journal,2024,11,6,10007–10019,10.1109/JIOT.2023.3324302,,,https://www.scopus.com/pages/publications/85174818568?origin=resultslist,
76U73HEM,journalArticle,B. Chen; Y. Wang; L. Santos; X. Yang; C. Liu; S. -K. Im,A Four-Paradigm Taxonomy and Systematic Survey of Blockchain-Enabled Intrusion Detection Systems for IoT and IIoT,IEEE Internet of Things Journal,2026,13,10,20312–20338,10.1109/JIOT.2026.3662349,2327-4662,,,
6X7TBGXE,journalArticle,"Zhao, H.; Tan, Y.; Guo, K.; Xia, W.; Xu, B.; Quek, T.Q.S.",Client Scheduling for Multiserver Federated Learning in Industrial IoT With Unreliable Communications,IEEE Internet of Things Journal,2024,11,9,16478–16490,10.1109/JIOT.2024.3354914,,,https://www.scopus.com/pages/publications/85182935633?origin=resultslist,
6YLG6UUS,journalArticle,"Chen, Lincong; Wang, Jun; Duan, Jiaxu; Li, Hui; Chen, Xiaolin; Li, Xinran; Ma, Chao",Wireless federated learning for salt-spray prediction in industrial IoT networks with delay constraint,Scientific Reports,2025,15,1,,10.1038/s41598-025-28569-3,2045-2322,,http://dx.doi.org/10.1038/s41598-025-28569-3,Springer Science and Business Media LLC
6EV2PJ7Z,journalArticle,X. Huang; P. Li; R. Yu; Y. Wu; K. Xie; S. Xie,FedParking: A Federated Learning Based Parking Space Estimation With Parked Vehicle Assisted Edge Computing,IEEE Transactions on Vehicular Technology,2021,70,9,9355–9368,10.1109/TVT.2021.3098170,1939-9359,,,
6B9IX6HC,conferencePaper,"Wang, M.; Kang, T.; Dai, L.; Yang, H.; Du, J.; Liu, C.",Scalable Multi-Party Collaborative Data Mining Based on Federated Learning,,2025,,,306–310,10.1109/CCSB66722.2025.11154213,,,https://www.scopus.com/pages/publications/105017856544?origin=resultslist,
6G9SZ23T,conferencePaper,"Liu, W.; Jiang, Y.; Cao, S.; Zhang, Y.; Leng, K.",Carbon Emission Accounting System of Power Grid Supply Chain Based on Artificial Intelligence,,2025,,,162–167,10.1109/SISIMPACT67725.2025.11439059,,,https://www.scopus.com/pages/publications/105037433590?origin=resultslist,
6M4RWLJS,conferencePaper,"Ullah, I.; Hassan, U.U.; Ali, M.I.",Multi-level Federated Learning for Industry 4.0 - A Crowdsourcing Approach,,2022,217,,423–435,10.1016/j.procs.2022.12.238,,,https://www.scopus.com/pages/publications/85159339852?origin=resultslist,
6LIJXYS9,conferencePaper,"Kaur, T.; Bag, A.; Mohamed Imtiaz, N.; Soni, M.; Gantayat, P.K.; Jena, U.K.",Towards Robust Federated Learning in IoT Systems: A Review of Fault-Tolerance Strategies,,2025,,,193–197,10.1109/CMSS66566.2025.11182576,,,https://www.scopus.com/pages/publications/105022003623?origin=resultslist,
6C48SSQS,conferencePaper,"Rawindaran, N.; Wylde, V.; Patel, P.","Ubiquitous,Transparent,Security and Privacy: Challenges and Applications",,2026,,,,10.1109/ACDSA67686.2026.11468103,,,https://www.scopus.com/pages/publications/105037641485?origin=resultslist,
5W9FXHX6,journalArticle,"Zhang, Kejun; Yu, Xinying; Wang, Jun; Wang, Wenbin; Li, Meijiao; Yan, Yucheng; Zhang, Ying",FAPAD: a federated aggregation optimization-based privacy-preserving anomaly detection framework for time series,Cybersecurity,2026,9,1,,10.1186/s42400-025-00511-0,2523-3246,,http://dx.doi.org/10.1186/s42400-025-00511-0,Springer Science and Business Media LLC
78UVWHIL,journalArticle,"Sefati, S.S.; Arasteh, B.; Halunga, S.; Fratu, O.",A comprehensive survey of cybersecurity techniques based on quality of service (QoS) on the Internet of Things (IoT),Cluster Computing,2025,28,12,,10.1007/s10586-025-05449-z,,,https://www.scopus.com/pages/publications/105016462715?origin=resultslist,
73WGXRXM,journalArticle,"Ramzan, Faisal; Reforgiato Recupero, Diego",A Literature Review on Enhancing Predictive Maintenance in Smart Manufacturing Industries: Fostering Human-Technology Collaboration and Overcoming Data Scarcity Limitations with Advanced AI Models,Operations Research Forum,2025,6,4,,10.1007/s43069-025-00584-0,2662-2556,,http://dx.doi.org/10.1007/s43069-025-00584-0,Springer Science and Business Media LLC
7CCRR6RU,journalArticle,"Peykani, Pejman; Emrouznejad, Ali; Ghanidel, Sanly; Javadi-Sisi, Iman; Mirjalili, Seyedali","Green Artificial Intelligence: A Comprehensive Review of Metrics, Tools, Challenges, Trends, and Future Prospects",Archives of Computational Methods in Engineering,2026,,,,10.1007/s11831-026-10546-2,1886-1784,,http://dx.doi.org/10.1007/s11831-026-10546-2,Springer Science and Business Media LLC
6SGHCCG5,journalArticle,"Liu, Jiaqi; Xie, Guoyang; Wang, Jinbao; Li, Shangnian; Wang, Chengjie; Zheng, Feng; Jin, Yaochu",Deep Industrial Image Anomaly Detection: A Survey,Machine Intelligence Research,2024,21,1,104–135,10.1007/s11633-023-1459-z,2731-5398,,http://dx.doi.org/10.1007/s11633-023-1459-z,Springer Science and Business Media LLC
7AJK687B,journalArticle,"Kılıç, Deniz Kenan; Vasegaard, Alex Elkjær; Desoeuvres, Aurélien; Nielsen, Peter",A Semi-Automated Solution Approach Recommender for a Given Use Case: a Case Study for AI/ML in Oncology via Scopus and OpenAI,Human-Centric Intelligent Systems,2024,4,3,447–495,10.1007/s44230-024-00070-6,2667-1336,,http://dx.doi.org/10.1007/s44230-024-00070-6,Springer Science and Business Media LLC
6J7QVBUM,journalArticle,"Khan, Fida Muhammad; Zeb, Asim; Rahman, Taj; Al-Khasawneh, Mahmoud Ahmad; Daradkeh, Yousef Ibrahim; Siddiqui, Isma Farah; Bashir, Ali Kashif; Ullah, Inam",XAI-driven Data Mining for Self-defending IoT Systems: Enhancing Cybersecurity Transparency in the Age of Smart Cities,Cognitive Computation,2026,18,1,,10.1007/s12559-026-10559-w,1866-9964,,http://dx.doi.org/10.1007/s12559-026-10559-w,Springer Science and Business Media LLC
755MDMKG,journalArticle,"Zahid, Mohammad; Bharati, Taran Singh",Enhancing cybersecurity in IoT systems: a hybrid deep learning approach for real-time attack detection,Discover Internet of Things,2025,5,1,,10.1007/s43926-025-00156-y,2730-7239,,http://dx.doi.org/10.1007/s43926-025-00156-y,Springer Science and Business Media LLC
6DLNEIUD,journalArticle,"Yuan, Lige; Nie, Lulu; Hao, Yangzhou",Communication spectrum prediction method based on convolutional gated recurrent unit network,Scientific Reports,2024,14,1,,10.1038/s41598-024-56311-y,2045-2322,,http://dx.doi.org/10.1038/s41598-024-56311-y,Springer Science and Business Media LLC
78W252KB,journalArticle,"Umer, Nauman; Deng, Miaolei; Zhang, Yuhong; Zhang, Miao; Khan, Sheheryar",Quantum resilient security framework for privacy preserving AI in Apple MM1 on device architecture,Scientific Reports,2025,15,1,,10.1038/s41598-025-22056-5,2045-2322,,http://dx.doi.org/10.1038/s41598-025-22056-5,Springer Science and Business Media LLC
5YB85U4Q,journalArticle,"Wang, Weixian; Chang, Xue; Chen, Yao",AI-enabled hybrid edge–cloud computing framework for adaptive batch–stream data analytics in intelligent IoT networks,Discover Internet of Things,2026,6,1,,10.1007/s43926-026-00299-6,2730-7239,,http://dx.doi.org/10.1007/s43926-026-00299-6,Springer Science and Business Media LLC
6LFRZWN3,journalArticle,"Tajudeen, Kafayat Odunayo; Ameen, Ahmed Oloduowo; Adeniyi, Abidemi Emmanuel",Hybrid deep learning models for detecting user datagram protocol-based distributed denial of service attacks in internet of things networks,Discover Internet of Things,2026,6,1,,10.1007/s43926-026-00305-x,2730-7239,,http://dx.doi.org/10.1007/s43926-026-00305-x,Springer Science and Business Media LLC
64H7TA4E,journalArticle,"Suganya, B.; Gopi, R.; Kumar, A. Ranjith; Singh, Gavendra",Dynamic task offloading edge-aware optimization framework for enhanced UAV operations on edge computing platform,Scientific Reports,2024,14,1,,10.1038/s41598-024-67285-2,2045-2322,,http://dx.doi.org/10.1038/s41598-024-67285-2,Springer Science and Business Media LLC
78ZW3WB7,journalArticle,"S, Durga; Shankar, M. Gobi; Daniel, Esther; R, Bright Gee Varghese",Enhancing security in IoMT using federated TinyGAN for lightweight and accurate malware detection,Scientific Reports,2026,16,1,,10.1038/s41598-026-37830-2,2045-2322,,http://dx.doi.org/10.1038/s41598-026-37830-2,Springer Science and Business Media LLC
68294HM4,journalArticle,"Ranganathan, Sathishkumar; Mariappan, Muralindran; Muthukaruppan, Karthigayan",Empirical assessment of RLR with DeTAV as a context-aware blockchain consensus for smarter swarm networks,Discover Computing,2026,29,1,,10.1007/s10791-026-09951-9,2948-2992,,http://dx.doi.org/10.1007/s10791-026-09951-9,Springer Science and Business Media LLC
63B5NNQ4,journalArticle,"Sarwar, Nadeem; Alharthi, Raed S.; Aljohani, Mansourah; Elhosseini, Mostafa A.",Securing IoT networks: a machine learning approach for detecting unusual traffic patterns,Scientific Reports,2025,16,1,,10.1038/s41598-025-33447-z,2045-2322,,http://dx.doi.org/10.1038/s41598-025-33447-z,Springer Science and Business Media LLC
5ZD9PVUD,journalArticle,"Sbai, Oussama; Allaert, Benjamin; Sondi, Patrick; Meddahi, Ahmed",SIP-DDoS framework based on federated learning for collaborative anomaly detection,Cybersecurity,2026,9,1,,10.1186/s42400-025-00527-6,2523-3246,,http://dx.doi.org/10.1186/s42400-025-00527-6,Springer Science and Business Media LLC
65DDBJKI,journalArticle,"Liang, Yiqiong; Luo, Mingwan",Optimization of distributed network intrusion detection system based on internet of things and federated learning,Discover Internet of Things,2025,6,1,,10.1007/s43926-025-00260-z,2730-7239,,http://dx.doi.org/10.1007/s43926-025-00260-z,Springer Science and Business Media LLC
7DT5ZU9H,journalArticle,"Krishna Kumari, R.; Komala, C. R.; Afreen Banu, E.; Sivaramkrishnan, M.; Siva Ramkumar, M.; Sekar, K.; Muzammil, Khursheed; Islam, Saiful; Zewdie, Amanuel",Hybrid optimization-based quantum-driven multi-relational graph attention networks for enhanced cyber attack detection in medical IoT networks,Scientific Reports,2026,16,1,,10.1038/s41598-026-50010-6,2045-2322,,http://dx.doi.org/10.1038/s41598-026-50010-6,Springer Science and Business Media LLC
74VX42V2,journalArticle,"Khan, Amreen Habibullah; Saini, Dilip Kumar Jang Bahadur; Khan, Tabassum H.; Rai, Bipin Kumar; Pimpalkar, Amit; Kumar, Gautam","A quantum-driven multi-stage framework integrating variational entanglement, reinforcement learning, and federated explainability for climate-resilient farming",Scientific Reports,2025,15,1,,10.1038/s41598-025-22224-7,2045-2322,,http://dx.doi.org/10.1038/s41598-025-22224-7,Springer Science and Business Media LLC
6LBVUR9C,journalArticle,"Lai, Tin; Farid, Farnaz; Bello, Abubakar; Sabrina, Fariza",Ensemble learning based anomaly detection for IoT cybersecurity via Bayesian hyperparameters sensitivity analysis,Cybersecurity,2024,7,1,,10.1186/s42400-024-00238-4,2523-3246,,http://dx.doi.org/10.1186/s42400-024-00238-4,Springer Science and Business Media LLC
5YIL5GTQ,journalArticle,"Li, Shanglin; Gong, Hao; Liu, Jianhua; Li, Jiakai; Deng, Xinjian",Advances in Robotic Peg-in-Hole Assembly: A Comprehensive Review,Chinese Journal of Mechanical Engineering,2025,38,1,,10.1186/s10033-025-01349-w,2192-8258,,http://dx.doi.org/10.1186/s10033-025-01349-w,Elsevier BV
6YHWPKID,journalArticle,"Elluri, Lavanya; Dwivedi, Rahul; Lee, Sunme; Li, Ran",Exploring IoT privacy compliance research: a topic modeling approach,International Journal of Information Security,2026,25,2,,10.1007/s10207-025-01205-x,1615-5270,,http://dx.doi.org/10.1007/s10207-025-01205-x,Springer Science and Business Media LLC
6KZ4S6MQ,journalArticle,"Fang, Xiaofen; Zheng, Lihui; Fang, Xiaohua; Chen, Weidong; Fang, Kunli; Yin, Lingpeng; Zhu, Han",Pioneering advanced security solutions for reinforcement learning-based adaptive key rotation in Zigbee networks,Scientific Reports,2024,14,1,,10.1038/s41598-024-64895-8,2045-2322,,http://dx.doi.org/10.1038/s41598-024-64895-8,Springer Science and Business Media LLC
6IVXL87Q,journalArticle,"Doğan, Yasemin; Ünlü, Ramazan",Machine Learning for V2X-Enabled Microgrids: A Bibliometric and Thematic Review of Intelligent Energy Management Applications,Arabian Journal for Science and Engineering,2026,51,8,10429–10465,10.1007/s13369-026-11201-5,2191-4281,,http://dx.doi.org/10.1007/s13369-026-11201-5,Springer Science and Business Media LLC
6G6XVX9S,journalArticle,"Fadhil, Tameem Hadi; Al-Haddad, Luttfi A.; Al-Karkhi, Mustafa I.",Legal accountability and UAV fault diagnosis explainable AI in aviation safety and regulatory compliance for liability challenges,Discover Artificial Intelligence,2025,5,1,,10.1007/s44163-025-00690-2,2731-0809,,http://dx.doi.org/10.1007/s44163-025-00690-2,Springer Science and Business Media LLC
69CPLI8L,journalArticle,"Elsokkary, Nada; Khan, Wasif; Shurrab, Mohammed; Mizouni, Rabeb; Singh, Shakti; Bentahar, Jamal; Mourad, Azzam; Otrok, Hadi",Reinforcement learning and the Metaverse: a symbiotic collaboration,Artificial Intelligence Review,2025,59,1,,10.1007/s10462-025-11433-1,1573-7462,,http://dx.doi.org/10.1007/s10462-025-11433-1,Springer Science and Business Media LLC
63NYZD7B,journalArticle,"El-Sofany, Hosam; El-Seoud, Samir A.; Karam, Omar H.; Bouallegue, Belgacem",Using machine learning algorithms to enhance IoT system security,Scientific Reports,2024,14,1,,10.1038/s41598-024-62861-y,2045-2322,,http://dx.doi.org/10.1038/s41598-024-62861-y,Springer Science and Business Media LLC
68RJ8HHW,journalArticle,"Bhatia, Amandeep Singh; Saggi, Mandeep Kaur; Kais, Sabre",Application of quantum-inspired tensor networks to optimize federated learning systems,Quantum Machine Intelligence,2025,7,1,,10.1007/s42484-025-00243-x,2524-4914,,http://dx.doi.org/10.1007/s42484-025-00243-x,Springer Science and Business Media LLC
6X43DA6S,journalArticle,"Shammar, E.; Cui, X.; Al-Qaness, M.","Swarm Learning: A Survey of Concepts, Applications, and Trends",ACM Transactions on Privacy and Security,2026,29,2,,10.1145/3799890,,,https://www.scopus.com/pages/publications/105039673767?origin=resultslist,
6TRTUSMS,conferencePaper,"Kodete, C.S.; Thuraka, B.; Pasupuleti, V.","A Systematic Review of AI-Driven and Quantum-Resistant Security Solutions for Cyber-Physical Systems: Blockchain, Federated Learning, and Emerging Technologies",,2024,,,,10.1109/ICCA62237.2024.10927942,,,https://www.scopus.com/pages/publications/105002220097?origin=resultslist,
6PMZSERN,journalArticle,"Alsamhi, S.H.; Shvetsov, A.V.; Hawbani, A.; Shvetsova, S.V.; Kumar, S.; Zhao, L.",Survey on Federated Learning enabling indoor navigation for industry 4.0 in B5G,Future Generation Computer Systems,2023,148,,250–265,10.1016/j.future.2023.06.001,,,https://www.scopus.com/pages/publications/85162959719?origin=resultslist,
76GYPQP2,journalArticle,"Qiu, B.; Gao, K.; Yu, H.; Sadollah, A.",Modelling and scheduling distributed assembly permutation flow-shops using reinforcement learning-based evolutionary algorithms,Engineering Applications of Artificial Intelligence,2025,142,,,10.1016/j.engappai.2024.109851,,,https://www.scopus.com/pages/publications/85212311555?origin=resultslist,
6UQETPVH,conferencePaper,"Samal, S.; Srivastava, G.; Gadekallu, T.R.; Zhang, Y.-D.; Balabantaray, B.K.",LSiF: Log-Gabor Empowered Siamese Federated Learning for Efficient Obscene Image Classification in the Era of Industry 5.0,,2024,1968 CCIS,,44–55,10.1007/978-981-99-8181-6_4,,,https://www.scopus.com/pages/publications/85178566379?origin=resultslist,
6639PZMG,conferencePaper,"Kumar, K.D.; Chaitanya, Y.S.V.; Sai, L.H.; Govindharaj, I.; Shankar, B.P.; Raja, S.E.",A Blockchain-Enabled Secure Federated Learning Framework for Decentralized AI Systems,,2026,,,1243–1248,10.1109/ICOECA68095.2026.11485213,,,https://www.scopus.com/pages/publications/105038073009?origin=resultslist,
62TCJ6XG,journalArticle,"Ma, X.; Hu, J.; Liang, S.; Wu, Y.",Federated Learning and Resource-Aware Graph Neural Network for Intrusion Detection in 6G-IoT Driven Healthcare System,IEEE Internet of Things Journal,2026,13,5,7749–7761,10.1109/JIOT.2025.3564722,,,https://www.scopus.com/pages/publications/105004051595?origin=resultslist,
6YLBRS2K,conferencePaper,"Akshar, K.; Sathish, P.","Federated Learning using Cloud Platform for Secure, Scalable AI Training",,2025,,,495–500,10.1109/INSPIRE67328.2025.11300662,,,https://www.scopus.com/pages/publications/105032400158?origin=resultslist,
5WVF7ZBI,conferencePaper,"Gayathri, G.; Fathima, G.",Adaptive Digital Twin Systems with AR Interaction for Resilient and Sustainable Industrial Operations,,2025,,,1230–1237,10.1109/ICESC65114.2025.11212485,,,https://www.scopus.com/pages/publications/105022636974?origin=resultslist,
88M5GN9Y,journalArticle,"Feng, Yanfang",Adaptive control system for collaborative sorting robotic arms based on multimodal sensor fusion and edge computing,Scientific Reports,2025,15,1,,10.1038/s41598-025-18344-9,2045-2322,,http://dx.doi.org/10.1038/s41598-025-18344-9,Springer Science and Business Media LLC
7Z2I4CQ5,conferencePaper,H. Zhang; W. Hou; Y. Guan; Z. Yang,Privacy-Preserving Computing Architecture for Secure Big Data Processing in Distributed Environments,2025 IEEE 8th International Conference on Pattern Recognition and Artificial Intelligence (PRAI),2025,,,884–889,10.1109/PRAI67447.2025.11412572,,,,
7UPRWUX3,conferencePaper,"Myakala, P.K.","Distributed Data Intelligence in the Edge-to-Cloud Continuum: a Survey of Architectures, Models, and Applications",,2025,,,93–99,10.1109/ICDICI66477.2025.11135068,,,https://www.scopus.com/pages/publications/105016522724?origin=resultslist,
7XKKMQ4W,conferencePaper,"Legler, T.; Hegiste, V.; Ruskowski, M.",Federated Multi-Modal Learning for Manufacturing: A Privacy-Preserving Approach to Distributed Sensor Fusion,,2025,,,562–570,10.1109/FLTA67013.2025.11336666,,,https://www.scopus.com/pages/publications/105033525244?origin=resultslist,
7QDSEDDL,conferencePaper,M. Kavakli-Thorne,Comparative Analysis of System Architectures for Federated Data Exchange,2025 International Workshop on Intelligent Systems (IWIS),2025,,,1–6,10.1109/IWIS66215.2025.11142435,,,,
7WBD45KG,conferencePaper,"Malik, K.; Chahar, S.; Kaswan, K.S.; Singh Dhatterwal, J.",Hybrid Cloud-Edge Architecture for Enhancing IoT Device Autonomy,,2025,,,450–455,10.1109/MEDCOM67532.2025.11404786,,,https://www.scopus.com/pages/publications/105036742872?origin=resultslist,
7LMUBFN2,journalArticle,M. K. Hasan; S. Rayhan Kabir; S. Islam; S. Abdullah; H. Saleh Abbas; B. Kumar Pandey; T. Reddy Gadekallu,AES Cryptography Enabled Responsible Federated Foundation Model Using Transformer LLM and LSTM for Smart Grid IIoT Networks,IEEE Internet of Things Journal,2025,12,23,49801–49810,10.1109/JIOT.2025.3608807,2327-4662,,,
7HUMBYEK,journalArticle,"Bemani, A.; Björsell, N.",Aggregation Strategy on Federated Machine Learning Algorithm for Collaborative Predictive Maintenance,Sensors,2022,22,16,,10.3390/s22166252,,,https://www.scopus.com/pages/publications/85137709592?origin=resultslist,
848UX4HG,journalArticle,"Abbas, T.; Fatima, A.; Shahzad, T.; Alharbi, M.; Khan, M.A.; Ahmed, A.",Multidisciplinary cancer disease classification using adaptive FL in healthcare industry 5.0,Scientific Reports,2024,14,1,,10.1038/s41598-024-68919-1,,,https://www.scopus.com/pages/publications/85201242924?origin=resultslist,
7MELZFN2,journalArticle,"Rejeb, Abderahman; Rejeb, Karim; Zrelli, Imen; Süle, Edit",Industry 5.0 as seen through its academic literature: an investigation using co-word analysis,Discover Sustainability,2025,6,1,,10.1007/s43621-025-01166-0,2662-9984,,http://dx.doi.org/10.1007/s43621-025-01166-0,Springer Science and Business Media LLC
7VAIU7XZ,journalArticle,"Punia, Aarti; Gulia, Preeti; Gill, Nasib Singh; Ibeke, Ebuka; Iwendi, Celestine; Shukla, Piyush Kumar",A systematic review on blockchain-based access control systems in cloud environment,Journal of Cloud Computing,2024,13,1,,10.1186/s13677-024-00697-7,2192-113X,,http://dx.doi.org/10.1186/s13677-024-00697-7,Springer Science and Business Media LLC
7M44E832,journalArticle,"Lambiase, Francesco; Yanala, Phanidra Babu; Pace, Francesco; Andreucci, Elena; Paoletti, Alfonso",A state of the art review of wire arc additive manufacturing (WAAM) - part2: process improvements and industrial applications,The International Journal of Advanced Manufacturing Technology,2026,143,9-10,4623–4654,10.1007/s00170-026-17691-9,1433-3015,,http://dx.doi.org/10.1007/s00170-026-17691-9,Springer Science and Business Media LLC
7KVJK3MG,journalArticle,"Lim, Ying Xuan; Ming, Long Chiau; Ng, Nancy Choon-Si; Leow, Serena; Ingle, Rahul G.",The transformative and turbulent integration of artificial intelligence in clinical trials: a critical review,Discover Computing,2026,29,1,,10.1007/s10791-026-10205-x,2948-2992,,http://dx.doi.org/10.1007/s10791-026-10205-x,Springer Science and Business Media LLC
7GVUUJV2,journalArticle,"Kumar, Satish; Lim, Weng Marc; Sivarajah, Uthayasankar; Kaur, Jaspreet",Artificial Intelligence and Blockchain Integration in Business: Trends from a Bibliometric-Content Analysis,Information Systems Frontiers,2022,,,,10.1007/s10796-022-10279-0,1572-9419,,http://dx.doi.org/10.1007/s10796-022-10279-0,Springer Science and Business Media LLC
8QSQ66SA,journalArticle,"Cao, Liming; Huo, Tao; Li, Shaobo; Zhang, Xingxing; Chen, Yanchi; Lin, Guangzheng; Wu, Fengbin; Ling, Yihong; Zhou, Yaxin; Xie, Qun",Cost optimization in edge computing: a survey,Artificial Intelligence Review,2024,57,11,,10.1007/s10462-024-10947-4,1573-7462,,http://dx.doi.org/10.1007/s10462-024-10947-4,Springer Science and Business Media LLC
8A4HUC3F,journalArticle,"Gieß, Anna; Hutterer, Andreas","The Future of Data Management: A Delimitation of Data Platforms, Data Spaces, Data Meshes, and Data Fabrics",Information Systems and e-Business Management,2025,23,4,971–997,10.1007/s10257-025-00707-4,1617-9854,,http://dx.doi.org/10.1007/s10257-025-00707-4,Springer Science and Business Media LLC
7Q6G3EUU,journalArticle,"Alqudhaibi, Adel; Albarrak, Majed; Aloseel, Abdulmosen; Munshi, Amr; Alsharif, Thamer; Jagtap, Sandeep; Salonitis, Konstantinos",Proactive cybersecurity in industry 4.0: a survey of cybersecurity threat prediction approaches in manufacturing systems,International Journal of Information Security,2025,25,1,,10.1007/s10207-025-01188-9,1615-5270,,http://dx.doi.org/10.1007/s10207-025-01188-9,Springer Science and Business Media LLC
88DK7R3W,journalArticle,"Zhang, Wenfan; Ou, Haijiao",Reinforcement learning based multi objective task scheduling for energy efficient and cost effective cloud edge computing,Scientific Reports,2025,15,1,,10.1038/s41598-025-25666-1,2045-2322,,http://dx.doi.org/10.1038/s41598-025-25666-1,Springer Science and Business Media LLC
8RZILKWQ,journalArticle,"Wu, Wang; Fouzi, Harrou; Benamar, Bouyeddo; Sidi-Mohammed, Senouci; Ying, Sun",Deep learning-based stacked models for cyber-attack detection in industrial internet of things,Neural Computing and Applications,2025,37,24,19617–19651,10.1007/s00521-025-11418-9,1433-3058,,http://dx.doi.org/10.1007/s00521-025-11418-9,Springer Science and Business Media LLC
8I75ICB4,journalArticle,"Wei, Yanxiao",A digital twin model for grain enterprise financial shared service centers based on distributed deep learning and neural symbolic reasoning,Scientific Reports,2025,15,1,,10.1038/s41598-025-24350-8,2045-2322,,http://dx.doi.org/10.1038/s41598-025-24350-8,Springer Science and Business Media LLC
88VVYXND,journalArticle,"Vaidya, Saurabh; Jethava, Gordhan; Jethava, Sweta",Enhancing smart factory performance via hybrid scheduling and intelligent resource management,Scientific Reports,2026,16,1,,10.1038/s41598-026-49107-9,2045-2322,,http://dx.doi.org/10.1038/s41598-026-49107-9,Springer Science and Business Media LLC
7Z8J33Y7,journalArticle,"Welten, Sascha; Kindermann, Karl; Polat, Ahmet; Görz, Martin; Jugl, Maximilian; Neumann, Laurenz; Neumann, Alexander; Lohmöller, Johannes; Pennekamp, Jan; Decker, Stefan",PASTA-4-PHT: a pipeline for automated security and technical audits for the personal health train,BMC Medical Informatics and Decision Making,2026,26,1,,10.1186/s12911-026-03489-y,1472-6947,,http://dx.doi.org/10.1186/s12911-026-03489-y,Springer Science and Business Media LLC
7MF3IPHD,journalArticle,"V, Padmavathi; R, Kanimozhi",Blockchain and digital twin integration for predictive and secure pandemic alerting,Scientific Reports,2025,16,1,,10.1038/s41598-025-32962-3,2045-2322,,http://dx.doi.org/10.1038/s41598-025-32962-3,Springer Science and Business Media LLC
7LN3M5NV,journalArticle,"Xu, Zheyu; Xie, Bingqin",The application of artificial intelligence in film and television script creation,Discover Artificial Intelligence,2025,6,1,,10.1007/s44163-025-00741-8,2731-0809,,http://dx.doi.org/10.1007/s44163-025-00741-8,Springer Science and Business Media LLC
7HYIR8H8,journalArticle,"Vallabhajosyula, Manikya Swathi; Freeman, Nathan; Karthikeyan, Neelesh; Padhy, Smruti; Garcia, Christian R.; Molakalmuru, Gautam Gururaj; Khuvis, Samuel; Stubbs, Joe; Jamthe, Anagha; Ramnath, Rajiv; Plale, Beth","Configuring, Training, and Deploying AI Applications Through Integrated Gateways and Frameworks for Scientific Field Research",SN Computer Science,2026,7,6,,10.1007/s42979-026-05092-4,2661-8907,,http://dx.doi.org/10.1007/s42979-026-05092-4,Springer Science and Business Media LLC
8S7KYCVS,journalArticle,"Sengan, Sudhakar; Shieh, Chin-Shiuh; Horng, Mong-Fong",A hybrid blockchain based deep learning model for multivector attack detection in internet of things enabled healthcare systems,Scientific Reports,2026,16,1,,10.1038/s41598-026-40765-3,2045-2322,,http://dx.doi.org/10.1038/s41598-026-40765-3,Springer Science and Business Media LLC
7ZP4PJB7,journalArticle,"Tiwari, Ashutosh; Widodo; Krisnawati, Dyah Ika; Chen, Chih-Yu; Kuo, Tsung-Rong",AI-driven nanomedicine for cancer theranostics,Molecular Cancer,2026,25,1,,10.1186/s12943-025-02563-9,1476-4598,,http://dx.doi.org/10.1186/s12943-025-02563-9,Springer Science and Business Media LLC
7X3P7VM9,journalArticle,"Sharma, Ankita; Rani, Shalli; Shabaz, Mohammad",RETRACTED ARTICLE: Artificial intelligence-augmented smart grid architecture for cyber intrusion detection and mitigation in electric vehicle charging infrastructure,Scientific Reports,2025,15,1,,10.1038/s41598-025-04984-4,2045-2322,,http://dx.doi.org/10.1038/s41598-025-04984-4,Springer Science and Business Media LLC
7QF737CS,journalArticle,"Shi, Xianming",Leveraging emerging technologies to address the crisis of aging concrete infrastructure,Journal of Infrastructure Preservation and Resilience,2025,6,1,,10.1186/s43065-025-00147-x,2662-2521,,http://dx.doi.org/10.1186/s43065-025-00147-x,Springer Science and Business Media LLC
7QX8DMMM,journalArticle,"Ramalingam, Venkadeshan; Kumar, Basant; Gupta, Shashi Kant; Alsekait, Deema Mohammed; AbdElminaam, Diaa Salama",A hybrid federated learning framework with generative AI for privacy-preserving and sustainable security in IOT-enabled smart environments,Scientific Reports,2026,16,1,,10.1038/s41598-025-31769-6,2045-2322,,http://dx.doi.org/10.1038/s41598-025-31769-6,Springer Science and Business Media LLC
8CEPY2NF,journalArticle,"Pathak, Vinay; Singh, Karan; Khan, Tayyab; Shariq, Mohd; Chaudhry, Shehzad Ashraf; Das, Ashok Kumar",A secure and lightweight trust evaluation model for enhancing decision-making in resource-constrained industrial WSNs,Scientific Reports,2024,14,1,,10.1038/s41598-024-75414-0,2045-2322,,http://dx.doi.org/10.1038/s41598-024-75414-0,Springer Science and Business Media LLC
7T799ZFR,journalArticle,"Ogrizović, Mihajlo; Drašković, Dražen; Bojić, Dragan",Quality assurance strategies for machine learning applications in big data analytics: an overview,Journal of Big Data,2024,11,1,,10.1186/s40537-024-01028-y,2196-1115,,http://dx.doi.org/10.1186/s40537-024-01028-y,Springer Science and Business Media LLC
7I42W4ZX,journalArticle,"Liu, Jie; Ramentol, Enislay; Landin, Cristina; Tahvili, Sahar",Dta-qc: an AI-driven framework for adaptive quality control and intelligent test optimization in 5 G manufacturing,Journal of Intelligent Manufacturing,2025,,,,10.1007/s10845-025-02745-8,1572-8145,,http://dx.doi.org/10.1007/s10845-025-02745-8,Springer Science and Business Media LLC
7Z773XEB,journalArticle,"Mohamed, Nachaat",Artificial intelligence and machine learning in cybersecurity: a deep dive into state-of-the-art techniques and future paradigms,Knowledge and Information Systems,2025,67,8,6969–7055,10.1007/s10115-025-02429-y,0219-3116,,http://dx.doi.org/10.1007/s10115-025-02429-y,Springer Science and Business Media LLC
8NDJCVLJ,journalArticle,"Koganti, Hemasree; Anne, Srinivasa","Operational Excellence Through AI and ML in Financial Services: A Comprehensive Review of Applications, Challenges, and Future Directions",International Journal of Computational Intelligence Systems,2026,19,1,,10.1007/s44196-025-01110-0,1875-6883,,http://dx.doi.org/10.1007/s44196-025-01110-0,Springer Science and Business Media LLC
8FKFKFFY,journalArticle,"Khaldy, Mohammad A. Al; Nabot, Ahmad; al-Qerem, Ahmad; Jebreen, Issam; Darem, Abdulbasit A.; Alhashmi, Asma A.; Alauthman, Mohammad; Aldweesh, Amjad",Adaptive conflict resolution for IoT transactions: A reinforcement learning-based hybrid validation protocol,Scientific Reports,2025,15,1,,10.1038/s41598-025-09698-1,2045-2322,,http://dx.doi.org/10.1038/s41598-025-09698-1,Springer Science and Business Media LLC
8PLE3L8Z,journalArticle,"Guo, Kefan; Li, Yinong; Zhu, Shu; Li, Chong; Lu, Yang",Functional nano-architected mechanical metamaterials and devices,npj Metamaterials,2026,2,1,,10.1038/s44455-025-00010-9,3059-3727,,http://dx.doi.org/10.1038/s44455-025-00010-9,Springer Science and Business Media LLC
8AJUPJ7A,journalArticle,"Giuseppi, Alessandro; Menegatti, Danilo; Pietrabissa, Antonio",Enhancing Federated Reinforcement Learning: A Consensus-based Approach for Both Homogeneous and Heterogeneous Agents,Machine Intelligence Research,2025,22,5,929–940,10.1007/s11633-025-1550-8,2731-5398,,http://dx.doi.org/10.1007/s11633-025-1550-8,Springer Science and Business Media LLC
88NZWTSE,journalArticle,"Ghadi, Yazeed Yasin; Mazhar, Tehseen; Shahzad, Tariq; Jaghdam, Ines Hilali; khan, Sanwar; Khan, Muhammad Amir; Hamam, Habib",A hybrid AI-Blockchain security framework for smart grids,Scientific Reports,2025,15,1,,10.1038/s41598-025-05257-w,2045-2322,,http://dx.doi.org/10.1038/s41598-025-05257-w,Springer Science and Business Media LLC
887JQIZG,journalArticle,"Islam, Umar; Alatawi, Mohammed Naif; Alqazzaz, Ali; Alamro, Sulaiman; Shah, Babar; Moreira, Fernando",A hybrid fog-edge computing architecture for real-time health monitoring in IoMT systems with optimized latency and threat resilience,Scientific Reports,2025,15,1,,10.1038/s41598-025-09696-3,2045-2322,,http://dx.doi.org/10.1038/s41598-025-09696-3,Springer Science and Business Media LLC
8HCIHMQ3,journalArticle,"Fabri, Lukas; Leuthe, Daniel; Schneider, Lars-Manuel; Wenninger, Simon",Fostering non-intrusive load monitoring for smart energy management in industrial applications: an active machine learning approach,Energy Informatics,2025,8,1,,10.1186/s42162-025-00517-5,2520-8942,,http://dx.doi.org/10.1186/s42162-025-00517-5,Springer Science and Business Media LLC
7GKI8GF5,bookSection,"Fasano, Giuseppe; Lombardi, Angela; Ferrara, Antonio; Di Sciascio, Eugenio; Di Noia, Tommaso",Exploring Explainability in Federated Learning: A Comparative Study on Brain Age Prediction,Explainable Artificial Intelligence,2025,,,295–315,10.1007/978-3-032-08317-3_14,1865-0937,978-3-032-08317-3,http://dx.doi.org/10.1007/978-3-032-08317-3_14,Springer Nature Switzerland
8RGS8JGT,journalArticle,"Bayat, Mustafa; Jamali, Mohammad Ali Jabraeil; Abbasi, Mahdi; Anari, Babak; Akbarpour, Shahin",Enhancing secure IoT data sharing through dynamic Q-learning and blockchain at the edge,Scientific Reports,2025,15,1,,10.1038/s41598-025-24510-w,2045-2322,,http://dx.doi.org/10.1038/s41598-025-24510-w,Springer Science and Business Media LLC
8CD5DXIW,journalArticle,"Chen, Jiefei; Lu, Zhiliang; Zheng, Hua; Ren, Zhengguo; Chen, Yuanfeng; Shang, Jianing",Data security storage and transmission framework for AI computing power platforms,Scientific Reports,2026,16,1,,10.1038/s41598-025-31786-5,2045-2322,,http://dx.doi.org/10.1038/s41598-025-31786-5,Springer Science and Business Media LLC
8I4UGWA5,journalArticle,"Amin, Rashid; Costanzo, Antonio; Alzabin, Lial Raja; Aqdus, Aqsa; Kamarulzaman, Syafiq Fauzi; Alshehri, Asma Hassan",An efficient federated learning based defense mechanism for software defined network cyber threats through machine learning models,Scientific Reports,2025,15,1,,10.1038/s41598-025-25345-1,2045-2322,,http://dx.doi.org/10.1038/s41598-025-25345-1,Springer Science and Business Media LLC
7HZVDDKU,journalArticle,"Asaithambi, Sasikumar; Nallusamy, Senthilkumar; Yang, Jing; Prajapat, Sunil; Kumar, Gyanendra; Rathore, Pramod Singh",A secure and trustworthy blockchain-assisted edge computing architecture for industrial internet of things,Scientific Reports,2025,15,1,,10.1038/s41598-025-00337-3,2045-2322,,http://dx.doi.org/10.1038/s41598-025-00337-3,Springer Science and Business Media LLC
7KYBJ763,journalArticle,"Wang, L.; Li, T.; Xu, Y.; Xiang, F.; Zhang, X.; Zuo, Y.",A hybrid graph neural network-based federated learning method for personalized manufacturing service composition recommendation,International Journal of Computer Integrated Manufacturing,2025,38,12,1800–1822,10.1080/0951192X.2025.2461022,,,https://www.scopus.com/pages/publications/85217856165?origin=resultslist,
8KC4HHKR,journalArticle,"Yuan, Y.; Liu, J.; Jin, D.; Yue, Z.; Yang, T.; Chen, R.; Wang, M.; Xu, L.; Hua, F.; Guo, Y.; Tang, X.; He, X.; Yi, X.; Li, D.; Yu, W.; Zhang, H.-T.; Chai, T.; Sui, S.; Ding, H.",DeceFL: a principled fully decentralized federated learning framework,National Science Open,2023,2,1,,10.1360/nso/20220043,,,https://www.scopus.com/pages/publications/105003305502?origin=resultslist,
8GFTKXH2,journalArticle,"Wang, X.; Huang, L.; Wang, D.; Liu, L.; Guo, P.",Smart Elderly Healthcare Services in Industry 5.0: A Survey of Key Enabling Technologies and Future Trends,IEEE Access,2025,13,,139419–139432,10.1109/ACCESS.2025.3596694,,,https://www.scopus.com/pages/publications/105013214741?origin=resultslist,
8QDEPGCS,conferencePaper,"Ashour, O.; Ozden, S.G.; Negahban, A.",Board 200: Analyzing Immersive Simulation-based Learning Modules in Remote and In-Person Settings,,2024,,,,,,,https://www.scopus.com/pages/publications/85200667869?origin=resultslist,
ACF4DZLW,journalArticle,"Zheng, W.; Cao, Y.; Tan, H.",Secure sharing of industrial IoT data based on distributed trust management and trusted execution environments: a federated learning approach,Neural Computing and Applications,2023,35,29,21499–21509,10.1007/s00521-023-08375-6,,,https://www.scopus.com/pages/publications/85160583188?origin=resultslist,
AF2DIAC4,journalArticle,"Ahmmed, Md Sazol; Isanaka, Sriram Praneeth; Liou, Frank",A Federated Learning Framework for Data-Sovereign Predictive Maintenance in Distributed Smart Manufacturing,Applied Sciences,2026,16,10,5084,10.3390/app16105084,2076-3417,,https://www.mdpi.com/2076-3417/16/10/5084,
9VAE4HII,journalArticle,"Mehta, M.; Shao, C.",A Greedy Agglomerative Framework for Clustered Federated Learning,IEEE Transactions on Industrial Informatics,2023,19,12,11856–11867,10.1109/TII.2023.3252599,,,https://www.scopus.com/pages/publications/85149876621?origin=resultslist,
A2MXP484,conferencePaper,L. Qingmiao; Z. Fukang; Q. qi,A Blockchain-Based Predictive Maintenance Framework,2025 5th International Conference on Artificial Intelligence and Industrial Technology Applications (AIITA),2025,,,103–108,10.1109/AIITA65135.2025.11047772,,,,
A99SMRDF,conferencePaper,H. Park; S. Song; T. -H. Nguyen; L. Park,Machine Learning for Internet of Things: Applications and Discussions,2024 International Conference on Artificial Intelligence in Information and Communication (ICAIIC),2024,,,459–462,10.1109/ICAIIC60209.2024.10463332,,2831-6983,,
9W6EAN57,journalArticle,"Peng, Guozheng; Shi, Xiaoyun; Zhang, Jun; Gao, Lisha; Tan, Yuanpeng; Xiang, Nan; Wang, Wanguo",BGFL: a blockchain-enabled group federated learning at wireless industrial edges,Journal of Cloud Computing,2024,13,1,,10.1186/s13677-024-00700-1,2192-113X,,http://dx.doi.org/10.1186/s13677-024-00700-1,Springer Science and Business Media LLC
9X7ACWGD,journalArticle,"Sánchez Sánchez, Pedro Miguel; Huertas Celdrán, Alberto; Buendía Rubio, José Rafael; Bovet, Gérôme; Martínez Pérez, Gregorio",Robust Federated Learning for execution time-based device model identification under label-flipping attack,Cluster Computing,2023,27,1,313–324,10.1007/s10586-022-03949-w,1573-7543,,http://dx.doi.org/10.1007/s10586-022-03949-w,Springer Science and Business Media LLC
9BQPDEGH,conferencePaper,"Khuwuthyakorn, P.; Thinnukool, O.; Lakhan, A.",A Federated Flower Learning-Empowered Intrusion Detection System for Vehicle 6G Fog Networks,,2025,,,,10.1109/CNS66487.2025.11194963,,,https://www.scopus.com/pages/publications/105020923825?origin=resultslist,
97IWVD3L,journalArticle,C. Zhang; G. Zhou; H. Li; Y. Cao,Manufacturing Blockchain of Things for the Configuration of a Data- and Knowledge-Driven Digital Twin Manufacturing Cell,IEEE Internet of Things Journal,2020,7,12,11884–11894,10.1109/JIOT.2020.3005729,2327-4662,,,
8V5PMB9C,conferencePaper,"Prajwalasimha, S.N.; Shelke, N.; Saini, D.K.J.B.; Balla, R.; Nixon, J.S.; Pimpalkar, A.","Federated Deep Learning for DDoS Detection in IoT: Case Studies, Challenges, and Practical Insights",,2025,,,1113–1118,10.1109/ICoICI65217.2025.11253371,,,https://www.scopus.com/pages/publications/105030318797?origin=resultslist,
9HY282ZP,conferencePaper,D. Adhikari; H. K. Karki; N. Shrestha,Immune-Inspired Malware Detection Algorithm for Edge-Based Industrial IoT Cybersecurity Protection,2025 International Conference on Intelligent Innovations in Engineering and Technology (ICIIET),2025,,,1–5,10.1109/ICIIET65921.2025.11378681,,,,
98CAPWTD,journalArticle,"Bharti, S.; McGibney, A.",Privacy-Aware Resource Sharing in Cross-Device Federated Model Training for Collaborative Predictive Maintenance,IEEE Access,2021,9,,120367–120379,10.1109/ACCESS.2021.3108839,,,https://www.scopus.com/pages/publications/85114703677?origin=resultslist,
9HVH64R8,conferencePaper,"Gehrer, R.; Dumss, S.; Gast, F.; Wünschel, W.; Schwill, F.; Šoša, M.; Zhou, S.; Ristow, G.H.; Gharagyozyan, T.; Heistracher, C.; Grafinger, M.; Weigold, M.",EuProGigant: A decentralized Federated Learning Approach based on Compute-to-Data and Gaia-X,,2024,128,,710–715,10.1016/j.procir.2024.07.060,,,https://www.scopus.com/pages/publications/85208782713?origin=resultslist,
9NKIZJ2W,journalArticle,"Xiao, X.; Alharbi, K.; Zhang, P.; Qin, H.; Yue, X.",Bayesian federated causal inference and its application in manufacturing,Journal of Intelligent Manufacturing,2025,,,,10.1007/s10845-025-02665-7,,,https://www.scopus.com/pages/publications/105012399778?origin=resultslist,
9HRC7YX6,journalArticle,"Shawkat, Mai; El-desoky, Ali; Ali, Zainab H.; Salem, Mofreh",Blockchain and federated learning based on aggregation techniques for industrial IoT: A contemporary survey,Peer-to-Peer Networking and Applications,2025,18,4,,10.1007/s12083-025-01991-0,1936-6450,,http://dx.doi.org/10.1007/s12083-025-01991-0,Springer Science and Business Media LLC
9VWM687T,journalArticle,"Ramesh, K.; Indrajith, M. N.; Prasanna, Y. S.; Deshmukh, Sandip S.; Parimi, Chandu; Ray, Tathagata",Comparison and assessment of machine learning approaches in manufacturing applications,Industrial Artificial Intelligence,2025,3,1,,10.1007/s44244-025-00023-3,2731-667X,,http://dx.doi.org/10.1007/s44244-025-00023-3,Springer Science and Business Media LLC
A9MG9ZMR,journalArticle,"Bashynska, Iryna",Ethical aspects of AI use in the circular economy,AI &amp; SOCIETY,2025,41,1,575–593,10.1007/s00146-025-02436-1,1435-5655,,http://dx.doi.org/10.1007/s00146-025-02436-1,Springer Science and Business Media LLC
A3DCY5W7,journalArticle,"Archibong, Enobong; Asuquo, Philip; Stephen, Bliss","Review of zero-click attacks and zero-trust security model: concepts, architecture, state of the art, and future directions",Discover Networks,2026,2,1,,10.1007/s44354-026-00023-4,3004-9792,,http://dx.doi.org/10.1007/s44354-026-00023-4,Springer Science and Business Media LLC
A7E8H8C3,journalArticle,"Zheng, Leiqing; Sarkar, Arindam; Noorwali, Abdulfattah; Mohammad, Alsharef",Artificial Complex-Valued Neural Processing Using Memristive Hyperchaotic Synchronization,Neural Processing Letters,2025,57,3,,10.1007/s11063-025-11772-8,1573-773X,,http://dx.doi.org/10.1007/s11063-025-11772-8,Springer Science and Business Media LLC
92TNXRMU,journalArticle,"Zulqarnain, Rana Muhammad; Hameed, Muhammad Shazib; Saeedi, Ghulamullah; Hashmi, Muntazim Abbas; Noreen, Eman; Kamran, Muhammad; Simic, Vladimir",Federated edge-AI for reliable and privacy-preserving pipeline leak detection in drone swarms using neutrosophic sugeno-weber norms,Scientific Reports,2026,16,1,,10.1038/s41598-026-42794-4,2045-2322,,http://dx.doi.org/10.1038/s41598-026-42794-4,Springer Science and Business Media LLC
A5WS6I5N,journalArticle,"Wong, Wai Kit; Baskar, S.; Abubeker, K. M.; Ng, Poh Kiat",Sustainable cyber-physical VANETs with AI-driven anomaly detection and energy-efficient multi-criteria routing using machine learning algorithms,Scientific Reports,2025,15,1,,10.1038/s41598-025-28212-1,2045-2322,,http://dx.doi.org/10.1038/s41598-025-28212-1,Springer Science and Business Media LLC
9YTN3PS4,journalArticle,"Xu, Fengbo; Wei, Xinle; Zhao, Zhiyuan; Sun, Peng",Optimization of cross-institutional medical federated learning framework driven by confidential computing,Scientific Reports,2026,16,1,,10.1038/s41598-026-44843-4,2045-2322,,http://dx.doi.org/10.1038/s41598-026-44843-4,Springer Science and Business Media LLC
8TEPDNDH,journalArticle,"Upender, Talluri; Neelakantappa, M.; Rao, C. Prakasa; Gera, Jaideep; Reddy, Vuyyuru Lakshma; Yamsani, Nagendar",CyberDetect MLP a big data enabled optimized deep learning framework for scalable cyberattack detection in IoT environments,Scientific Reports,2025,15,1,,10.1038/s41598-025-24459-w,2045-2322,,http://dx.doi.org/10.1038/s41598-025-24459-w,Springer Science and Business Media LLC
AFVNVIRN,journalArticle,"Swathi, K.; Durga, Putta; Prasad, K. Venkata; Chaitanya, Atmakuri Krishna; Santhi, Kuraganti; Vidyullatha, P.; Rao, S. Venkata Achuta",Secure blockchain integrated deep learning framework for federated risk-adaptive and privacy-preserving IoT edge intelligence sets,Scientific Reports,2025,15,1,,10.1038/s41598-025-24895-8,2045-2322,,http://dx.doi.org/10.1038/s41598-025-24895-8,Springer Science and Business Media LLC
9UARHU5R,journalArticle,"Shorten, Connor; Khoshgoftaar, Taghi M.; Furht, Borko",Deep Learning applications for COVID-19,Journal of Big Data,2021,8,1,,10.1186/s40537-020-00392-9,2196-1115,,http://dx.doi.org/10.1186/s40537-020-00392-9,Springer Science and Business Media LLC
9235KUH7,journalArticle,"Sinha, Priyanshu; Sahu, Dinesh; Prakash, Shiv; Rathore, Rajkumar Singh; Dixit, Pratibha; Pandey, Vivek Kumar; Hunko, Iryna",An efficient data driven framework for intrusion detection in wireless sensor networks using deep learning,Scientific Reports,2025,15,1,,10.1038/s41598-025-12867-x,2045-2322,,http://dx.doi.org/10.1038/s41598-025-12867-x,Springer Science and Business Media LLC
8UMRZK8A,journalArticle,"Sureshkumar, Aanjankumar; Shanmugam, Poonkuntran; Mal, Sandip; Malviya, Lokesh; Jadhav, Akshay",Attention based CNN-transformer ensemble for multiclass botnet detection in industrial IoT networks,Discover Computing,2026,29,1,,10.1007/s10791-026-09987-x,2948-2992,,http://dx.doi.org/10.1007/s10791-026-09987-x,Springer Science and Business Media LLC
988HMSVR,journalArticle,"Qin, Rongting; Zi, Xiaojie; Ge, Xiaoxi",Digital twin-based intelligent risk assessment and decision support system for university student entrepreneurial projects,Scientific Reports,2026,16,1,,10.1038/s41598-026-36111-2,2045-2322,,http://dx.doi.org/10.1038/s41598-026-36111-2,Springer Science and Business Media LLC
94L5WK8E,journalArticle,"S, Munusamy; K R, Jothi",Blockchain-enabled federated learning with edge analytics for secure and efficient electronic health records management,Scientific Reports,2025,15,1,,10.1038/s41598-025-12225-x,2045-2322,,http://dx.doi.org/10.1038/s41598-025-12225-x,Springer Science and Business Media LLC
AANPKJRI,journalArticle,"Nadimi, Fardis; Abdisarabshali, Payam; Borazjani, Kasra; Chakareski, Jacob; Hosseinalipour, Seyyedali",Multi-modal multi-task federated foundation models for next-generation extended reality systems: towards privacy-preserving distributed intelligence in AR/VR/MR,npj Wireless Technology,2025,1,1,,10.1038/s44459-025-00003-0,3059-4391,,http://dx.doi.org/10.1038/s44459-025-00003-0,Springer Science and Business Media LLC
9NRUGEZA,journalArticle,"Nong, Xiaofeng; Liang, Xiaobo",Scheduling allocation in 5G slicing networks utilizing weighted exponential and logarithmic functions to improve QoS,Scientific Reports,2025,15,1,,10.1038/s41598-025-17385-4,2045-2322,,http://dx.doi.org/10.1038/s41598-025-17385-4,Springer Science and Business Media LLC
9AXEZCJQ,journalArticle,"Pelekis, Sotiris; Koutroubas, Thanos; Blika, Afroditi; Berdelis, Anastasis; Karakolis, Evangelos; Ntanos, Christos; Spiliotis, Evangelos; Askounis, Dimitris","Adversarial machine learning: a review of methods, tools, and critical industry sectors",Artificial Intelligence Review,2025,58,8,,10.1007/s10462-025-11147-4,1573-7462,,http://dx.doi.org/10.1007/s10462-025-11147-4,Springer Science and Business Media LLC
9V7NMWKG,journalArticle,"Kateb, Faris; Ragab, Mahmoud; Abukhodair, Felwa; Abdulkader, Omar Ahmed; Maghrabi, Louai A.; Binyamin, Sami Saeed; Al-Hanawi, Mohammed Khaled",Improved security for IoT-based remote healthcare systems using deep learning with jellyfish search optimization algorithm,Scientific Reports,2025,15,1,,10.1038/s41598-025-97065-5,2045-2322,,http://dx.doi.org/10.1038/s41598-025-97065-5,Springer Science and Business Media LLC
9B77YY88,journalArticle,"Kumaran, Elavarasi; Uthirapathy, Palani",Intelligent Blockchain security for smart cities: Artificial intelligence-based anomaly detection and data integrity,Peer-to-Peer Networking and Applications,2026,19,2,,10.1007/s12083-025-02190-7,1936-6450,,http://dx.doi.org/10.1007/s12083-025-02190-7,Springer Science and Business Media LLC
A5GBBYMR,journalArticle,"Huang, Li; Zhao, Lu; Liu, Yansong; Zhao, Yao",Hierarchical Service Composition via Blockchain-enabled Federated Learning,Data Science and Engineering,2024,9,4,449–463,10.1007/s41019-024-00258-7,2364-1541,,http://dx.doi.org/10.1007/s41019-024-00258-7,Springer Science and Business Media LLC
A46N2BN4,journalArticle,"Hu, WeiWei; Alzubi, Jafar A.; Shreyas, J.; Al-Razgan, Muna; Ali, Yasser A.; Karthikayan, A.",Enhancing IoT Network Security by Anomaly Detection and Intrusion Prevention Using Gannet Optimization-Based Adaptive Deep Capsule Network,International Journal of Computational Intelligence Systems,2025,18,1,,10.1007/s44196-025-00940-2,1875-6883,,http://dx.doi.org/10.1007/s44196-025-00940-2,Springer Science and Business Media LLC
9KEMGNLJ,journalArticle,"Govindarajan, Vijay; Ahmed, Faraz; Kamaluddin, Khaja; Mushtaq, Zohaib; Alshammari, Kaznah; Khan, Faheem",SecureRiskNet: An Advanced AI-Driven Framework for Intelligent Security Risk Detection in Heterogeneous Cloud-Fog Computing Networks,International Journal of Computational Intelligence Systems,2026,19,1,,10.1007/s44196-025-01117-7,1875-6883,,http://dx.doi.org/10.1007/s44196-025-01117-7,Springer Science and Business Media LLC
9XKXTI6A,journalArticle,"Fnu, Himani; Mirza, Mahamood Hussain; Marri, Mahatma Reddy; Singh, Sangeeta; Kumar, Nitin; Adol, Dominic Majak Deng; Ghoniem, Rania M.; Pant, Ruby; Bharany, Salil",Blockchain-Assisted Transformer CNN Framework with Optimal Feature Selection for Real-Time Digital Payment Fraud Detection,International Journal of Computational Intelligence Systems,2026,19,1,,10.1007/s44196-025-01126-6,1875-6883,,http://dx.doi.org/10.1007/s44196-025-01126-6,Springer Science and Business Media LLC
9UH4Y4QE,journalArticle,"Elhassan, Zeinab Abdallah Mohammed",Building energy management through smart occupancy based control,Discover Applied Sciences,2026,8,5,,10.1007/s42452-026-08504-5,3004-9261,,http://dx.doi.org/10.1007/s42452-026-08504-5,Springer Science and Business Media LLC
927AJNXE,journalArticle,"Daou, Leonardo; Ören, Tuncer; Petitdemange, Eva; Zacharewicz, Gregory; Daclin, Nicolas; Durieux, Severine",Advancing Holonic Systems in the Era of Artificial Intelligence and Digital Twins for Trustworthy and Effective Human-Centric Intelligent Systems,Human-Centric Intelligent Systems,2026,6,1,163–185,10.1007/s44230-026-00140-x,2667-1336,,http://dx.doi.org/10.1007/s44230-026-00140-x,Springer Science and Business Media LLC
9LUHWTFW,journalArticle,"Bilal, Muhammad Ahmad; Ul Islam, Ihtesham; Idrees, Sarmad; Qasim, Muhammad; Khan, Muhammad Junaid; Khan, Jaleed",Dataset-centric evaluation of federated intrusion detection models in IoT networks,Scientific Reports,2026,16,1,,10.1038/s41598-025-32567-w,2045-2322,,http://dx.doi.org/10.1038/s41598-025-32567-w,Springer Science and Business Media LLC
8Z8TUABA,journalArticle,"Ashraf, Shahzad; Choi, Chang; Bilal, Ahmad",CTDMF-SC: cybersecurity threat detection and mitigation framework for smart cities,International Journal of Information Security,2026,25,2,,10.1007/s10207-025-01195-w,1615-5270,,http://dx.doi.org/10.1007/s10207-025-01195-w,Springer Science and Business Media LLC
A2UHW9VT,journalArticle,"Ahmed, Shams Forruque; Shawon, Shanjana Shuravi; Bhuyian, Afsana; Afrin, Shaila; Mehjabin, Aanushka; Kuldeep, Sweety Angela; Alam, Md. Sakib Bin; Gandomi, Amir H.",Forensics and security issues in the Internet of Things,Wireless Networks,2025,31,4,3431–3466,10.1007/s11276-025-03942-2,1572-8196,,http://dx.doi.org/10.1007/s11276-025-03942-2,Springer Science and Business Media LLC
A4KXNUSC,conferencePaper,"Lerat, J.-S.; Mahmoudi, S.A.",Scalable Deep Learning for Industry 4.0: Speedup with Distributed Deep Learning and Environmental Sustainability Considerations,,2024,1220 LNNS,,182–204,10.1007/978-3-031-78698-3_10,,,https://www.scopus.com/pages/publications/85215701036?origin=resultslist,
9GA3C7CH,journalArticle,"Kontar, R.; Shi, N.; Yue, X.; Chung, S.; Byon, E.; Chowdhury, M.; Jin, J.; Kontar, W.; Masoud, N.; Nouiehed, M.; Okwudire, C.E.; Raskutti, G.; Saigal, R.; Singh, K.; Ye, Z.-S.",The Internet of Federated Things (IoFT),IEEE Access,2021,9,,156071–156113,10.1109/ACCESS.2021.3127448,,,https://www.scopus.com/pages/publications/85119445922?origin=resultslist,
9EF43QF9,journalArticle,"Dutta, S.; Leal de Freitas, I.; Maciel Xavier, P.; Miceli de Farias, C.; Bernal Neira, D.E.",Federated Learning in Chemical Engineering: A Tutorial on a Framework for Privacy-Preserving Collaboration across Distributed Data Sources,Industrial and Engineering Chemistry Research,2025,64,15,7767–7783,10.1021/acs.iecr.4c03805,,,https://www.scopus.com/pages/publications/105003011877?origin=resultslist,
98H3VQ95,journalArticle,"Moubayed, A.; Sharif, M.; Luccini, M.; Primak, S.; Shami, A.",Water Leak Detection Survey: Challenges Research Opportunities Using Data Fusion Federated Learning,IEEE Access,2021,9,,40595–40611,10.1109/ACCESS.2021.3064445,,,https://www.scopus.com/pages/publications/85102631808?origin=resultslist,
AEC4Z6UA,conferencePaper,"Sadrarhami, H.; Zanjani, S.M.; Shahgholian, G.; Ataei, M.","Applying AI to Overcome IoT Challenges for Enterprise Architecture in Smart Cities, Industry, and Healthcare",,2025,,,,10.1109/ICAEA69058.2025.11301439,,,https://www.scopus.com/pages/publications/105032153622?origin=resultslist,
A5BTKNUB,journalArticle,"Taheri, R.; Shojafar, M.; Alazab, M.; Tafazolli, R.",Fed-IIoT: A Robust Federated Malware Detection Architecture in Industrial IoT,IEEE Transactions on Industrial Informatics,2021,17,12,8442–8452,10.1109/TII.2020.3043458,,,https://www.scopus.com/pages/publications/85097929230?origin=resultslist,
A5GF2M3F,journalArticle,"Hussain, A.S.; Morris, K.; Gurvich, V.J.",NIPTE 2030: The Nation’s Digital Trust Anchor for Pharma 5.0,Pharmaceutical Research,2026,,,,10.1007/s11095-026-04118-z,,,https://www.scopus.com/pages/publications/105039463058?origin=resultslist,
BHJVPDKD,conferencePaper,"Ndiaye, N.G.; Ruland, C.; Waedt, K.; Zeddini, O.; Kirdan, E.",FedMqADV: A Unified Framework for End-to-End Evaluation of MQTT-Based Federated Learning in Adversarial Setting,,2025,,2025,,10.1109/ICPS65515.2025.11087915,,,https://www.scopus.com/pages/publications/105040208333?origin=resultslist,
AHUQHV3E,journalArticle,"Zhang, X.; Ma, L.; Peng, K.; Zhang, C.; Shahid, M.A.",A cloud–edge collaboration based quality-related hierarchical fault detection framework for large-scale manufacturing processes,Expert Systems with Applications,2024,256,,,10.1016/j.eswa.2024.124909,,,https://www.scopus.com/pages/publications/85199947995?origin=resultslist,
BE5PD4YB,journalArticle,"Manimuthu, A.; Venkatesh, V.G.; Shi, Y.; Sreedharan, V.R.; Koh, S.C.L.",Design and development of automobile assembly model using federated artificial intelligence with smart contract,International Journal of Production Research,2022,60,1,111–135,10.1080/00207543.2021.1988750,,,https://www.scopus.com/pages/publications/85117287786?origin=resultslist,
BLMEAAD6,journalArticle,"Ahmed Khan, Haroon; Naqvi, Syed Saud; Alharbi, Abeer A. K.; Alotaibi, Salihah; Alkhathami, Mohammed",Enhancing trash classification in smart cities using federated deep learning,Scientific Reports,2024,14,1,,10.1038/s41598-024-62003-4,2045-2322,,http://dx.doi.org/10.1038/s41598-024-62003-4,Springer Science and Business Media LLC
BEGC93YT,conferencePaper,J. Yang; S. Han; Z. Liu; Y. Jiang,Security Application and Practice of Joint Computing in Industrial Control System,"2025 10th International Symposium on Advances in Electrical, Electronics and Computer Engineering (ISAEECE)",2025,,,390–394,10.1109/ISAEECE66033.2025.11160165,,,,
B725QZBR,conferencePaper,"Singhatia, S.; Dhingra, M.",Developing an Advanced Cross layer Distributed Model for Enhanced Attack Detection Model,,2025,,,,10.1109/ICRTEECT67512.2025.11448616,,,https://www.scopus.com/pages/publications/105037325218?origin=resultslist,
B7JNGWVU,journalArticle,X. Jiang; C. Lu; H. Luo; Y. Sun,Unsupervised Distributed Anomaly Detection Framework for IoT in Edge AI Network,IEEE Internet of Things Journal,2025,12,12,22058–22072,10.1109/JIOT.2025.3549765,2327-4662,,,
AURB5MQE,journalArticle,"Cai, Haipeng",A Survey of Program Analysis for Distributed Software Systems,ACM Comput. Surv.,2025,57,12,,10.1145/3742900,0360-0300,,https://doi.org/10.1145/3742900,Association for Computing Machinery
AZVPAXXE,journalArticle,"Kang, Xiancai; Hua, Chuangli",Negotiation-augmented federated reinforcement learning for conflict-free edge–cloud stream scheduling,Scientific Reports,2026,16,1,,10.1038/s41598-026-45004-3,2045-2322,,http://dx.doi.org/10.1038/s41598-026-45004-3,Springer Science and Business Media LLC
AXZ8VX5T,journalArticle,"Arciniegas, Stalin; Rivero, Dulce; Piñan, Jefferson; Diaz, Elizabeth; Rivas, Francklin",IoT device for detecting abnormal vibrations in motors using TinyML,Discover Internet of Things,2025,5,1,,10.1007/s43926-025-00142-4,2730-7239,,http://dx.doi.org/10.1007/s43926-025-00142-4,Springer Science and Business Media LLC
AI7KLQEL,conferencePaper,E. Gyamfi; J. A. Ansere; M. Kamal; S. Mir; K. A. Bonsu,Adaptive Federated Blockchain-powered Security for MEC-assisted Industrial IoT Ecosystems,2024 19th International Conference on Emerging Technologies (ICET),2024,,,1–6,10.1109/ICET63392.2024.10935268,,2994-5798,,
AMS9N2SN,journalArticle,"Zhang, J.; Ge, C.; Hu, F.; Chen, B.",RobustFL: Robust Federated Learning Against Poisoning Attacks in Industrial IoT Systems,IEEE Transactions on Industrial Informatics,2022,18,9,6388–6397,10.1109/TII.2021.3132954,,,https://www.scopus.com/pages/publications/85132930432?origin=resultslist,
AIEZHJKC,journalArticle,"Ge, N.; Li, G.; Zhang, L.; Liu, Y.",Failure prediction in production line based on federated learning: an empirical study,Journal of Intelligent Manufacturing,2022,33,8,2277–2294,10.1007/s10845-021-01775-2,,,https://www.scopus.com/pages/publications/85106413261?origin=resultslist,
B6TGH28E,journalArticle,"Sanjalawe, Yousef; Fraihat, Salam; Al-E’mari, Salam; Makhadmeh, Sharif Naser",A review of artificial intelligence-based intrusion detection in industrial internet of things,Discover Internet of Things,2026,6,1,,10.1007/s43926-026-00285-y,2730-7239,,http://dx.doi.org/10.1007/s43926-026-00285-y,Springer Science and Business Media LLC
AILRFYW9,journalArticle,"Shahzad, Khurram; Khan, Shakeel Ahmad; Latif, Mujahid; Javeed, Asfa Muhammed Din; Iqbal, Abid","Big data analytics in healthcare: current practices, innovations, and future prospects",Journal of Big Data,2025,12,1,,10.1186/s40537-025-01288-2,2196-1115,,http://dx.doi.org/10.1186/s40537-025-01288-2,Springer Science and Business Media LLC
BBGDA3NY,journalArticle,"Ejiyi, Chukwuebuka Joseph; Cai, Dongsheng; Thomas, Dara; Obiora, Sandra; Osei-Mensah, Emmanuel; Acen, Caroline; Eze, Francis O.; Sam, Francis; Zhang, Qingxian; Bamisile, Olusola O.",Comprehensive review of artificial intelligence applications in renewable energy systems: current implementations and emerging trends,Journal of Big Data,2025,12,1,,10.1186/s40537-025-01178-7,2196-1115,,http://dx.doi.org/10.1186/s40537-025-01178-7,Springer Science and Business Media LLC
B27CFN9K,journalArticle,"Kayikci, Safak; Khoshgoftaar, Taghi M.",Blockchain meets machine learning: a survey,Journal of Big Data,2024,11,1,,10.1186/s40537-023-00852-y,2196-1115,,http://dx.doi.org/10.1186/s40537-023-00852-y,Springer Science and Business Media LLC
APM74VA4,journalArticle,"Kampourakis, Konstantinos E.; Gkioulos, Vasileios; Kavallieratos, Georgios; Lin, Jia-Chun",Digital Twin-Enabled Incident Detection and Response: A Systematic Review of Critical Infrastructures Applications,International Journal of Information Security,2025,24,5,,10.1007/s10207-025-01113-0,1615-5270,,http://dx.doi.org/10.1007/s10207-025-01113-0,Springer Science and Business Media LLC
ALL2G5GG,journalArticle,"Kadam, Sanjeev; Agrawal, Anshul; Traymbak, Shruti",Exploring strategic priorities in sustainable and affordable transportation: insights through bibliometric and thematic mapping,Quality &amp; Quantity,2026,,,,10.1007/s11135-026-02836-5,1573-7845,,http://dx.doi.org/10.1007/s11135-026-02836-5,Springer Science and Business Media LLC
BLGAX3E4,journalArticle,"Wang, Xia",High-dimensional continuous action space control via trust region optimized deep reinforcement learning,Scientific Reports,2025,15,1,,10.1038/s41598-025-29756-y,2045-2322,,http://dx.doi.org/10.1038/s41598-025-29756-y,Springer Science and Business Media LLC
B2F4Q6CW,journalArticle,"Werner, Tino; Ullinger, Freyja",Quantum algorithms for scheduling problems: a survey,EPJ Quantum Technology,2026,13,1,,10.1140/epjqt/s40507-026-00494-y,2196-0763,,http://dx.doi.org/10.1140/epjqt/s40507-026-00494-y,Springer Science and Business Media LLC
B7XXVWIZ,journalArticle,"Sefati, Seyed Salar; Nor, Ahmed M.; Arasteh, Bahman; Craciunescu, Razvan; Comsa, Ciprian-Romeo",A Probabilistic Approach to Load Balancing in Multi-Cloud Environments via Machine Learning and Optimization Algorithms,Journal of Grid Computing,2025,23,2,,10.1007/s10723-025-09805-6,1572-9184,,http://dx.doi.org/10.1007/s10723-025-09805-6,Springer Science and Business Media LLC
ARZUJU6N,journalArticle,"Stephan, Thompson; Paramana, Padma Priya Dharishini; Lin, Chia-Chen; Agarwal, Saurabh; Verma, Rajan",Federated learning-driven IoT system for automated freshness monitoring in resource-constrained vending carts,Journal of Big Data,2025,12,1,,10.1186/s40537-025-01063-3,2196-1115,,http://dx.doi.org/10.1186/s40537-025-01063-3,Springer Science and Business Media LLC
AMWNCAEJ,journalArticle,"Premkumar, DivyaPrabha; Nachimuthu, Suresh Kumar",Privacy-preserving cyberthreat detection in decentralized social media with federated cross-modal graph transformers,Scientific Reports,2026,16,1,,10.1038/s41598-025-33596-1,2045-2322,,http://dx.doi.org/10.1038/s41598-025-33596-1,Springer Science and Business Media LLC
B7U3GLHS,journalArticle,"Mulevu, Cornelius Mutuku; Okeyo, George Onyango; Wafula, Joseph Muliaro",Data stream mining techniques for real-time monitoring and control of smart power grids in Kenya: challenges and opportunities,Discover Internet of Things,2025,5,1,,10.1007/s43926-025-00146-0,2730-7239,,http://dx.doi.org/10.1007/s43926-025-00146-0,Springer Science and Business Media LLC
BJKGRYN2,journalArticle,"Kaur, Navjeet; Mittal, Ayush; Lilhore, Umesh Kumar; Simaiya, Sarita; Dalal, Surjeet; Saleem, Kashif; Ghith, Ehab Seif",Securing fog computing in healthcare with a zero-trust approach and blockchain,EURASIP Journal on Wireless Communications and Networking,2025,2025,1,,10.1186/s13638-025-02431-6,1687-1499,,http://dx.doi.org/10.1186/s13638-025-02431-6,Springer Science and Business Media LLC
BDZTXST7,journalArticle,"Karim, Faten Khalid; Varela-Aldás, José; Ishak, Mohamad Khairi; Aljarbouh, Ayman; Mostafa, Samih M.",Modeling of Bayesian machine learning with sparrow search algorithm for cyberattack detection in IIoT environment,Scientific Reports,2024,14,1,,10.1038/s41598-024-79632-4,2045-2322,,http://dx.doi.org/10.1038/s41598-024-79632-4,Springer Science and Business Media LLC
AVBTI6IM,journalArticle,"Krishnamoorthy, R.; Gireesh Babu, C. N.; Gite, Pratik; Khadidos, Alaa O.; Khadidos, Adil O.; Mirza, Olfat M.; Selvarajan, Shitharth",Federated Learning for Dynamic Resource Allocation in 6G Network Slicing,Wireless Personal Communications,2026,,,,10.1007/s11277-026-11943-3,1572-834X,,http://dx.doi.org/10.1007/s11277-026-11943-3,Springer Science and Business Media LLC
ARJRP3TR,journalArticle,"Kumar, Masadi Prashanth; Velpula, Srikanth; Saiprakash, Chidurala; Sahoo, Buddhadeva",Advancements in fault detection and diagnosis methods for electric vehicles: a review,Discover Applied Sciences,2025,7,11,,10.1007/s42452-025-07758-9,3004-9261,,http://dx.doi.org/10.1007/s42452-025-07758-9,Springer Science and Business Media LLC
B254RASP,journalArticle,"Hua, Binjie; Xi, Haiyan",A privacy preserving intrusion detection framework for IIoT in 6G networks using homomorphic encryption and graph neural networks,Scientific Reports,2025,16,1,,10.1038/s41598-025-32087-7,2045-2322,,http://dx.doi.org/10.1038/s41598-025-32087-7,Springer Science and Business Media LLC
B7U9ZPTQ,journalArticle,"Hao, Zhihao; Li, Haisheng; Guo, Jianhua; Xu, Yong",Advances in artificial intelligence for olfaction and gustation: a comprehensive review,Artificial Intelligence Review,2025,58,10,,10.1007/s10462-025-11309-4,1573-7462,,http://dx.doi.org/10.1007/s10462-025-11309-4,Springer Science and Business Media LLC
BGL5AVZB,journalArticle,"Dehghani, Mohammad; Yazdanparast, Zahra",From distributed machine to distributed deep learning: a comprehensive survey,Journal of Big Data,2023,10,1,,10.1186/s40537-023-00829-x,2196-1115,,http://dx.doi.org/10.1186/s40537-023-00829-x,Springer Science and Business Media LLC
AZN682H4,journalArticle,"Ayepah-Mensah, Daniel; Ghebreziabiher, Amine Kidane; Boateng, Gordon Owusu; Mizouni, Rabeb; Mourad, Azzam; Otrok, Hadi; Bentahar, Jamal",AI-native cloud-edge orchestration for 6G metaverse networks: an LLM-guided multi-agent DRL approach,Complex &amp; Intelligent Systems,2026,12,4,,10.1007/s40747-026-02249-9,2198-6053,,http://dx.doi.org/10.1007/s40747-026-02249-9,Springer Science and Business Media LLC
AYXBV9R7,journalArticle,"Chen, Suha; Feng, Xu",A novel intrusion detection framework using hybrid deep learning to detect IIoT cloud environments attacks,Scientific Reports,2026,16,1,,10.1038/s41598-025-15419-5,2045-2322,,http://dx.doi.org/10.1038/s41598-025-15419-5,Springer Science and Business Media LLC
AN73XBRL,journalArticle,"Chaurasia, Brijesh Kumar; Shukla, Man Mohan; Vishwakarma, Vidisha; Tiwari, Babita",Transformative impact of edge computing with 6G network using cloud computing,Journal of Cloud Computing,2026,15,1,,10.1186/s13677-026-00857-x,2192-113X,,http://dx.doi.org/10.1186/s13677-026-00857-x,Springer Science and Business Media LLC
AMYK3236,journalArticle,"Bouaziz, Maha; Jmila, Houda; Mhadhbi, Skander; Rammal, Darine; Ben Hadj Said, Siwar; Fadlallah, Ahmad; García-Pérez, Álvaro; Gaston, Christophe; Khatoun, Rida; Linguaglossa, Leonardo; Olivereau, Alexis; Souihi, Sami",Connected vehicles in the 5G era: a position paper,Annals of Telecommunications,2026,,,,10.1007/s12243-026-01171-y,1958-9395,,http://dx.doi.org/10.1007/s12243-026-01171-y,Springer Science and Business Media LLC
ALD8HPG5,journalArticle,"Batistatos, Michael; De Cola, Tomaso; Oliveira, Diogo; Aguilar, Sergio; Dunne, Aubrey; Mazilu, Antonio Ion; Kourtis, Michail-Alexandros; Xilouris, George; Sagias, Nikolaos",A self organizing cyber physical system for sustainable agriculture,Discover Internet of Things,2025,5,1,,10.1007/s43926-025-00205-6,2730-7239,,http://dx.doi.org/10.1007/s43926-025-00205-6,Springer Science and Business Media LLC
BDFJI5V8,journalArticle,"Alshammari, Faisal; Alsaleh, Abdullah",Smart intrusion detection model to identify unknown attacks for improved road safety and management,Scientific Reports,2025,15,1,,10.1038/s41598-025-03604-5,2045-2322,,http://dx.doi.org/10.1038/s41598-025-03604-5,Springer Science and Business Media LLC
B76MQS2S,journalArticle,"Algawiaz, Danah",Hallucination-aware learning and latency optimization transformer (HALL-OPT) for real-time edge intelligence,Scientific Reports,2026,16,1,,10.1038/s41598-026-42981-3,2045-2322,,http://dx.doi.org/10.1038/s41598-026-42981-3,Springer Science and Business Media LLC
AJADN2BP,journalArticle,"Alfawair, Mai",A collaborative multi-party encryption for mitigating man-in-the-middle attacks in smart grid and energy IoT systems,Scientific Reports,2026,16,1,,10.1038/s41598-026-43856-3,2045-2322,,http://dx.doi.org/10.1038/s41598-026-43856-3,Springer Science and Business Media LLC
ATCDYK2P,conferencePaper,"Matenga, A.E.; Mpofu, K.",At the Cusp of Next Generation Quantum-based Cyber-Physical Production Systems security in Transport Manufacturing Systems,,2025,2025-October,,51–60,,,,https://www.scopus.com/pages/publications/105033352183?origin=resultslist,
B7XSE8XF,conferencePaper,"Ramírez, T.; Calabuig-Barbero, E.; Mora, H.; Pujol, F.A.; Amador, S.",Federated Learning for Industry 5.0: A State-of-the-Art Review,,2023,841 LNNS,,60–66,10.1007/978-3-031-48590-9_6,,,https://www.scopus.com/pages/publications/85178635813?origin=resultslist,
AYFZ84Y7,conferencePaper,"Beckert, B.",Is the Future of AI Really Federated? Federated Learning as an Emerging Market,,2025,,,158–163,10.1109/FLTA67013.2025.11336434,,,https://www.scopus.com/pages/publications/105033532457?origin=resultslist,
B5TS35T4,journalArticle,"Li, J.; Zhou, Z.; Tian, Y.; Chen, C.; Luo, H.; He, L.",FedCPA: A two-layer secure aggregation federated learning with lightweight privacy protection for Industry 4.0,Cybersecurity,2026,9,1,,10.1186/s42400-026-00575-6,,,https://www.scopus.com/pages/publications/105035841757?origin=resultslist,
BH89FTP8,journalArticle,"Sharma, H.; Kumar, P.; Sharma, K.",Security Solutions for the Internet of Things Using Machine Learning and Deep Learning: Current Trends and Future Directions,Wiley Interdisciplinary Reviews: Data Mining and Knowledge Discovery,2026,16,1,,10.1002/widm.70059,,,https://www.scopus.com/pages/publications/105026612761?origin=resultslist,
AS6988KE,conferencePaper,"Mehta, S.; Bhalla, A.",Smart Cities Reimagined: Enhancing Traffic Management through Federated Multimodal Learning,,2024,,,,10.1109/ICONAT61936.2024.10775092,,,https://www.scopus.com/pages/publications/85214999476?origin=resultslist,
APLJ26U9,conferencePaper,"Rasheed, W.; Chidinma, A.; Mutiu, K.A.; Owolabi, O.; Jike, O.J.; Olumide, O.; Oyeladun, O.; Ovie, G.; Obi-Akwari, O.E.",Federated Learning Framework for Self-Powered IoT Sensor Networks with Explainable AI: A Novel Approach for Sustainable and Privacy-Preserving Distributed Intelligence,,2026,,,1420–1427,10.1145/3800000.3800218,,,https://www.scopus.com/pages/publications/105040572853?origin=resultslist,
ALAYL6UE,conferencePaper,"Saranya, M.; Amutha, B.",An Insight into Federated Learning Based Digital Twin Applications in Smart City,,2023,,,1295–1302,10.1109/ICIRCA57980.2023.10220792,,,https://www.scopus.com/pages/publications/85172257616?origin=resultslist,
BCSQ5G5B,journalArticle,"Hou, B.; Gao, J.; Guo, X.; Baker, T.; Zhang, Y.; Wen, Y.; Liu, Z.",Mitigating the Backdoor Attack by Federated Filters for Industrial IoT Applications,IEEE Transactions on Industrial Informatics,2022,18,5,3562–3571,10.1109/TII.2021.3112100,,,https://www.scopus.com/pages/publications/85124593058?origin=resultslist,
BB2LSZX3,journalArticle,"El Mouhsine, H.; Saidi, R.; Cherif, W.",Federated Learning-Driven Digital Twin: A Privacy-Preserving AI Approach for Crisis Logistics,Engineering Proceedings,2025,112,1,,10.3390/engproc2025112044,,,https://www.scopus.com/pages/publications/105027851610?origin=resultslist,
CEJQW4KS,journalArticle,"Deng, T.; Li, Y.; Liu, X.; Wang, L.",Federated learning-based collaborative manufacturing for complex parts,Journal of Intelligent Manufacturing,2023,34,7,3025–3038,10.1007/s10845-022-01968-3,,,https://www.scopus.com/pages/publications/85135305232?origin=resultslist,
C8ZQU83G,conferencePaper,"Pruckovskaja, V.; Weissenfeld, A.; Heistracher, C.; Graser, A.; Kafka, J.; Leputsch, P.; Schall, D.; Kemnitz, J.",Federated Learning for Predictive Maintenance and Quality Inspection in Industrial Applications,,2023,,,312–317,10.1109/PHM58589.2023.00064,,,https://www.scopus.com/pages/publications/85165051479?origin=resultslist,
BWREZ4WI,journalArticle,"Sanchez, O.T.; Borges, G.; Raposo, D.; Rodrigues, A.; Boavida, F.; Silva, J.S.",Enhancing the performance of Industrial IoT LoRaWAN-enabled federated learning frameworks: A case study,Internet of Things (The Netherlands),2025,32,,,10.1016/j.iot.2025.101632,,,https://www.scopus.com/pages/publications/105005175849?origin=resultslist,
CM34JBM9,journalArticle,M. Ayyat; M. Osman; T. Nadeem,Opportunities and Challenges of Foundation Models in Industrial Manufacturing,IEEE Access,2025,13,,138745–138775,10.1109/ACCESS.2025.3589777,2169-3536,,,
CM4RCI8A,journalArticle,H. Wu; J. Zhang; M. Feng; M. Dai; S. Mohiuddin; A. K. Bashir; S. Mumtaz; J. Pei,Swarm Smarts: Enabling Real-Time Self-Healing With TinyML at the Edge,IEEE Communications Standards Magazine,2026,,,1–8,10.1109/MCOMSTD.2026.3665678,2471-2833,,,
CL74N3ZG,journalArticle,"Chen, J.; Yi, C.; Okegbile, S.D.; Cai, J.; Shen, X.",Networking Architecture and Key Supporting Technologies for Human Digital Twin in Personalized Healthcare: A Comprehensive Survey,IEEE Communications Surveys and Tutorials,2024,26,1,706–746,10.1109/COMST.2023.3308717,,,https://www.scopus.com/pages/publications/85171591490?origin=resultslist,
CNRSWGUL,journalArticle,"Imakura, A.; Inaba, H.; Okada, Y.; Sakurai, T.",Interpretable collaborative data analysis on distributed data,Expert Systems with Applications,2021,177,,,10.1016/j.eswa.2021.114891,,,https://www.scopus.com/pages/publications/85103795181?origin=resultslist,
CJH7EPQA,journalArticle,"Swarnalatha, T.; Rao, S. L. Aruna; Suryodai, Rahul; Reddy, Desidi Narsimha; Vanathi, A.; Kumar, K. Sudheer",CyberFedEdgeAI framework for real time cyberattack detection in heterogeneous IoT systems using federated edge intelligence,Discover Computing,2026,29,1,,10.1007/s10791-026-10129-6,2948-2992,,http://dx.doi.org/10.1007/s10791-026-10129-6,Springer Science and Business Media LLC
C89WCQU2,conferencePaper,"Safri, H.; Papadimitriou, G.; Desprez, F.; Deelman, E.",A Workflow Management System Approach To Federated Learning: Application to Industry 4.0,,2024,,,259–263,10.1109/DCOSS-IoT61029.2024.00047,,,https://www.scopus.com/pages/publications/85202343162?origin=resultslist,
C9P5FK3L,journalArticle,"Huong, T.T.; Bac, T.P.; Ha, K.N.; Hoang, N.V.; Hoang, N.X.; Hung, N.T.; Tran, K.P.",Federated Learning-Based Explainable Anomaly Detection for Industrial Control Systems,IEEE Access,2022,10,,53854–53872,10.1109/ACCESS.2022.3173288,,,https://www.scopus.com/pages/publications/85131275673?origin=resultslist,
C2LBSW33,conferencePaper,H. de Oliveira Silva; J. F. C. do Espirito Santo; R. V. D. Santos,Data Resilience in Cyber-Physical Systems: Overcoming MQTT Data Loss for Reliable AI Subsystems,2025 International Conference on Sustainable Technology and Engineering (i-COSTE),2025,,,1–6,10.1109/i-COSTE68047.2025.11467219,,,,
CCWXVTGK,conferencePaper,"Huang, R.; Ren, J.",Distributed Anomaly Detection and Protection Mechanism Integrating Blockchain and Federated Learning,,2026,,,548–552,10.1109/ISBDAS69350.2026.11484155,,,https://www.scopus.com/pages/publications/105038028874?origin=resultslist,
CAP5UCY7,conferencePaper,"Ureche, T.-C.; Popovici, E.-C.; Halunga, S.; Boicescu, L.; Turcanu, D.; Avasiloaie, A.P.",Architecting Secure Smart Infrastructures with AI Microservices and Autonomous Agents: A State-of-the-Art Review and Healthcare Use Case,,2025,,,,10.1109/BlackSeaCom65655.2025.11193935,,,https://www.scopus.com/pages/publications/105021005683?origin=resultslist,
C774P4E5,conferencePaper,M. A. Al-Batahari; M. Nasar,AI-Driven Digital Twin Models for Predictive Maintenance in Smart Infrastructure,"2025 International Conference on Intelligent Computing, Information and Control Systems (ICOIICS)",2025,,,561–567,10.1109/ICOIICS67115.2025.11390178,,,,
CFFYJTWX,journalArticle,"Nassef, Laila; Alghamdi, Mohammed Ibrahim; CHAABANE, Slim BEN; Abbas, Qaisar; Alawad, Wedad M.; Albalawi, Omar H; Alqaisi, Osamah I.; Fakieh, Bahjat",Lightweight and Energy-Aware Intrusion Detection for Industrial IoT Using TinyML and Edge AI,Scientific Reports,2026,16,1,,10.1038/s41598-026-50690-0,2045-2322,,http://dx.doi.org/10.1038/s41598-026-50690-0,Springer Science and Business Media LLC
BZK4DUN3,journalArticle,"Tuan, Nguyen Anh; Rizwan, Atif; Moe, Sa Jim Soe; Khan, Anam Nawaz; Kim, Do Hyeun",DFL topology optimization based on peer weighting mechanism and graph neural network in digital twin platform,Complex &amp; Intelligent Systems,2025,11,6,,10.1007/s40747-025-01887-9,2198-6053,,http://dx.doi.org/10.1007/s40747-025-01887-9,Springer Science and Business Media LLC
BSPGBPQT,conferencePaper,P. Verghelet,Advances in IoT for Federated Machine Learning with GAN Applied to Gesture Recognition,2024 L Latin American Computer Conference (CLEI),2024,,,1–4,10.1109/CLEI64178.2024.10700331,,2771-5752,,
BQCCZGAX,conferencePaper,"Juraska, V.; Chien, W.-C.",Federated Learning Application to Classification of Hypertension Using Photoplethysmography,,2026,,,423–426,10.1109/ICCT-Pacific69083.2026.11519038,,,https://www.scopus.com/pages/publications/105041825668?origin=resultslist,
BP7M56JK,conferencePaper,"Tziouvaras, A.; Foukalas, F.",Edge AI for Industry 4.0: An Internet of Things Approach,,2020,,,121–126,10.1145/3437120.3437289,,,https://www.scopus.com/pages/publications/85102381742?origin=resultslist,
CDREVBF4,journalArticle,"Riehle, Dennis M.; Arz von Straussenburg, Arnold F.; Blazevic, Mevludin",Edge AI in the social internet of things: a systematic review of trends and research needs,Management Review Quarterly,2026,,,,10.1007/s11301-026-00588-y,2198-1639,,http://dx.doi.org/10.1007/s11301-026-00588-y,Springer Science and Business Media LLC
BZQK7ZW5,journalArticle,"Saha, Sanchita; Hota, Ashlesha; Chattopadhyay, Arup Kumar; Nag, Amitava; Nandi, Sukumar","A multifaceted survey on privacy preservation of federated learning: progress, challenges, and opportunities",Artificial Intelligence Review,2024,57,7,,10.1007/s10462-024-10766-7,1573-7462,,http://dx.doi.org/10.1007/s10462-024-10766-7,Springer Science and Business Media LLC
CIL9FCMI,journalArticle,"Pervez, A K M Kanak; Kabir, Md Shahriar; Prodhan, Foyez Ahmed; Rahman, M. Hammadur; Roy, Abhijit; Mahedi, Md",Mapping recent trends in artificial intelligence research for sustainable agriculture: a bibliometric and systematic review,Discover Artificial Intelligence,2026,6,1,,10.1007/s44163-026-01024-6,2731-0809,,http://dx.doi.org/10.1007/s44163-026-01024-6,Springer Science and Business Media LLC
CLQ5MBD4,bookSection,"Fiolka, Michael; Jornitz, Tobias; Strehl, Luisa",Artificial Intelligence and Blockchain Used for Sustainability Reporting in Supply Chain Management – A Literature Review,Safe and Sustainable Value Creation by Design,2026,,,207–214,10.1007/978-3-032-21154-5_23,2195-4364,978-3-032-21154-5,http://dx.doi.org/10.1007/978-3-032-21154-5_23,Springer Nature Switzerland
BRYFV84E,journalArticle,"Dobler, Martin; Hellwig, Michael; Lopes, Nuno; Oakley, Ken; Winterburn, Mike",Systematic review and characterisation of malicious industrial network traffic datasets,International Journal of Information Security,2025,24,5,,10.1007/s10207-025-01126-9,1615-5270,,http://dx.doi.org/10.1007/s10207-025-01126-9,Springer Science and Business Media LLC
C6GVPKC5,journalArticle,"Zhao, Yajun; Dai, Linglong; Zhang, Jianhua; Ji, Ran; Jian, Mengnan; Xue, Hao; Yu, Hongkang; Sun, Yunqi; Lu, Yu; Wu, Zidong; Xu, Zhuo; Li, Jinke; Miao, Haiyang; Yuan, Zhiqiang; Tang, Pan; Shen, Jiayu; Gong, Tierui; Liu, Haixia; Han, Jiaqi; Feng, Qiang; Chen, Zhi; Li, Lingxiang; Yang, Gang; Zeng, Yong; Pan, Cunhua; Liu, Wang; Zhi, Kangda; Hu, Weidong; Liu, Yuanwei; Mu, Xidong; Yuen, Chau; Debbah, Mérouane; Huang, Chongwen; Li, Long; Zhang, Ping","Near-field communications: characteristics, technologies, and engineering",Frontiers of Information Technology &amp; Electronic Engineering,2024,25,12,1580–1626,10.1631/fitee.2400576,2095-9230,,http://dx.doi.org/10.1631/FITEE.2400576,Zhejiang University Press
BU33GR2T,journalArticle,"Zuo, Mingxin; Hu, Haoxiang; Jing, Keke",Automatic detection of broken strands defects in distribution network conductors based on deep learning,Discover Computing,2026,29,1,,10.1007/s10791-026-10121-0,2948-2992,,http://dx.doi.org/10.1007/s10791-026-10121-0,Springer Science and Business Media LLC
BNDNQTDR,journalArticle,"Zakariah, Mohammed; Amin, Syed Umar; Alrayes, Fatma S.; Helal, Maha; Khan, Zafar Iqbal",SCADA intrusion detection using deep factorization machines,Scientific Reports,2025,15,1,,10.1038/s41598-025-20625-2,2045-2322,,http://dx.doi.org/10.1038/s41598-025-20625-2,Springer Science and Business Media LLC
CFCV595B,journalArticle,"Sharma, Urvashi; Rani, Shalli; Shabaz, Mohammad",ACAMR: AI-Enabled Communication Algorithm in ROS to Improve Mobile Robot Connectivity in Internet of Robotic Things for AMVs,Journal of Intelligent &amp; Robotic Systems,2025,111,2,,10.1007/s10846-025-02269-6,1573-0409,,http://dx.doi.org/10.1007/s10846-025-02269-6,Springer Science and Business Media LLC
C26I8KGU,journalArticle,"Shi, Wenzhong; Goodchild, Michael; Batty, Michael; Li, Qingquan; Liu, Xintao; Zhang, Anshu",Prospective for urban informatics,Urban Informatics,2022,1,1,,10.1007/s44212-022-00006-0,2731-6963,,http://dx.doi.org/10.1007/s44212-022-00006-0,Springer Science and Business Media LLC
C645WB3H,journalArticle,"Santhosh, D. Teja; Jyothi, Koganti Krishna; Srilakshmi, Koganti; Swarupa, A.; Balachandran, Praveen Kumar; Selvarajan, Shitharth",Enhanced IoT threat detection using Graph-Regularized neural networks optimized by Sea-Lion algorithm,Scientific Reports,2025,15,1,,10.1038/s41598-025-10238-0,2045-2322,,http://dx.doi.org/10.1038/s41598-025-10238-0,Springer Science and Business Media LLC
BPWWXM3S,journalArticle,"Reddy, Nalavala Ramanjaneya; Sangisetti, Bhagya Rekha; Rao, M. Varaprasad; Netala, Suneeta; Kumari, P. Prasanna; Subrahmanyam, Dasaka V. S. S.",Quantum inspired algorithms for sustainable artificial intelligence and energy efficient machine learning optimisation,Discover Computing,2026,29,1,,10.1007/s10791-026-10057-5,2948-2992,,http://dx.doi.org/10.1007/s10791-026-10057-5,Springer Science and Business Media LLC
BTDRKXIX,journalArticle,"Mohawesh, Rami; Al-yousef, Ali; Daradkeh, Tariq; Alawad, Noor Aldeen; Al-Shannaq, Moy’awiah A.; Saifan, Ahmad A.; Hammad, Rafat; Alahmad, Yanal N.; Maqsood, Sumbal",Cybersecurity challenges and solutions in 5G-enabled internet of things,Discover Computing,2026,29,1,,10.1007/s10791-026-09926-w,2948-2992,,http://dx.doi.org/10.1007/s10791-026-09926-w,Springer Science and Business Media LLC
BR3NELBN,journalArticle,"Merchant, Abdullah; Panchami, V.; Justine, Sharon; Eswaran, Sivaraman",An efficient lightweight authentication scheme for smart healthcare in IoMT applications,Discover Computing,2025,28,1,,10.1007/s10791-025-09779-9,2948-2992,,http://dx.doi.org/10.1007/s10791-025-09779-9,Springer Science and Business Media LLC
BWJ6A4RI,journalArticle,"Kuznetsov, Oleksandr; Melchiori, Michele; Galdelli, Alessandro; Frontoni, Emanuele; Arnesano, Marco",Privacy-preserving federated learning for multi-regional disability employment matching: a comprehensive framework with differential privacy and blockchain anchoring,Discover Artificial Intelligence,2026,6,1,,10.1007/s44163-026-01014-8,2731-0809,,http://dx.doi.org/10.1007/s44163-026-01014-8,Springer Science and Business Media LLC
C9YXCK7I,journalArticle,"Han, Fang; Liu, Lijun; Sun, Junyan",Logistics equipment condition monitoring and prediction based on digital twin and machine learning,Scientific Reports,2026,16,1,,10.1038/s41598-026-43380-4,2045-2322,,http://dx.doi.org/10.1038/s41598-026-43380-4,Springer Science and Business Media LLC
C5VFGT72,journalArticle,"Hassan, Youssef M.; Wanas, Ahmed; Ali, Ayat A.; El-Sayed, Wael M.",Integrating artificial intelligence with nanodiagnostics for early detection and precision management of neurodegenerative diseases,Journal of Nanobiotechnology,2025,23,1,,10.1186/s12951-025-03719-x,1477-3155,,http://dx.doi.org/10.1186/s12951-025-03719-x,Springer Science and Business Media LLC
C4WR8EDM,journalArticle,"Hasan, Nabeela; Saleem, Saima; Khan, Mudassir; Alabdultif, Abdulatif; Nezami, Mohammad Mazhar; Alam, Mansaf",Machine learning: enhanced dynamic clustering for privacy preservation and malicious node detection in industrial internet of things,Discover Computing,2025,28,1,,10.1007/s10791-025-09689-w,2948-2992,,http://dx.doi.org/10.1007/s10791-025-09689-w,Springer Science and Business Media LLC
CJLUS6QH,journalArticle,"Elmobark, Nagwa; El-ghareeb, Haitham; Elhishi, Sara",BlueEdge: application design for big data cleaning processing using mobile edge computing environments,Journal of Big Data,2025,12,1,,10.1186/s40537-025-01262-y,2196-1115,,http://dx.doi.org/10.1186/s40537-025-01262-y,Springer Science and Business Media LLC
BWWTKE45,journalArticle,"Cheikh, Khamiss; Boudi, EL Mostapha; Rabi, Rabi; Mokhliss, Hamza",Development of a comprehensive dual autoencoder and SVDD architecture combining latent representation learning and nonlinear boundary compactness for accurate detection of complex anomalies in large-scale industrial monitoring,Discover Analytics,2026,4,1,,10.1007/s44257-026-00055-8,2731-8117,,http://dx.doi.org/10.1007/s44257-026-00055-8,Springer Science and Business Media LLC
C5Y3ZL4P,journalArticle,"Bhattacharya, Swarnajit",Implementing Zero Trust Architecture (ZTA) in IOT enabled (Wireless Sensor Nodes) WSNs creating a digital blockchain of things,Discover Networks,2026,2,1,,10.1007/s44354-026-00030-5,3004-9792,,http://dx.doi.org/10.1007/s44354-026-00030-5,Springer Science and Business Media LLC
C3VTI85G,journalArticle,"Alavi-Borazjani, Seyedeh Azadeh; Shafique, Muhammad Noman; Khan, Shehar Yar","AI-driven carbon capture, utilization, and storage (CCUS) for decarbonizing energy systems",Applied Intelligence,2026,56,8,,10.1007/s10489-026-07298-8,1573-7497,,http://dx.doi.org/10.1007/s10489-026-07298-8,Springer Science and Business Media LLC
BW4QESYI,journalArticle,"A, Avina; M. R, Geetha",ResNeXt and Deep Stacked Autoencoder based framework for wormhole attack detection on network control system,Discover Computing,2025,28,1,,10.1007/s10791-025-09816-7,2948-2992,,http://dx.doi.org/10.1007/s10791-025-09816-7,Springer Science and Business Media LLC
CJ9XKK6D,journalArticle,"Wu, B.; Huang, J.; Yu, S.",'X of Information' Continuum: A Survey on AI-Driven Multi-Dimensional Metrics for Next-Generation Networked Systems,IEEE Communications Surveys and Tutorials,2026,28,,5307–5344,10.1109/COMST.2026.3670279,,,https://www.scopus.com/pages/publications/105033012318?origin=resultslist,
CJEWF5PX,conferencePaper,"Dogruluk, E.; Acikgoz, H.","Edge-Centric Federated Learning for LLMs in Smart Manufacturing: Architectures, Challenges, and Opportunities",,2025,,,1250–1256,10.1109/ICIMIA67127.2025.11200757,,,https://www.scopus.com/pages/publications/105021956361?origin=resultslist,
BMJMWPZD,journalArticle,"Wang, X.; Garg, S.; Lin, H.; Hu, J.; Kaddoum, G.; Piran, M.J.; Shamim Hossain, M.",Toward Accurate Anomaly Detection in Industrial Internet of Things Using Hierarchical Federated Learning,IEEE Internet of Things Journal,2022,9,10,7110–7119,10.1109/JIOT.2021.3074382,,,https://www.scopus.com/pages/publications/85104652045?origin=resultslist,
CIUBEIXD,journalArticle,"Yin, S.; Li, H.; Laghari, A.A.; Teng, L.; Reddy Gadekallu, T.; Almadhor, A.",FLSN-MVO: Edge Computing and Privacy Protection Based on Federated Learning Siamese Network With Multi-Verse Optimization Algorithm for Industry 5.0,IEEE Open Journal of the Communications Society,2025,6,,3443–3458,10.1109/OJCOMS.2024.3520562,,,https://www.scopus.com/pages/publications/105003930535?origin=resultslist,
CBNBL63Q,journalArticle,"Prabaharan, G.; Vidhya, S.; Chithrakumar, T.; Sika, K.; Balakrishnan, M.",AI-Driven Computational Frameworks: Advancing Edge Intelligence and Smart Systems,International Journal of Computational and Experimental Science and Engineering,2024,11,1,1363–1369,10.22399/ijcesen.1165,,,https://www.scopus.com/pages/publications/86000577755?origin=resultslist,
CBAY7JPB,conferencePaper,"Sandilya, R.; Mangaiyarkarasi, V.; Laxmi, K.P.; Balassem, Z.; Ghosh, A.S.; Manaa, M.E.; Alhayaly, A.A.",Hierarchical Federated Learning for Scalable and Secure Big Data Analytics in Edge Environments,,2025,,,,10.1109/ICCR67387.2025.11292096,,,https://www.scopus.com/pages/publications/105031581141?origin=resultslist,
C682CYV4,journalArticle,"Barbieri, L.; Kianoush, S.; Nicoli, M.; Serio, L.; Savazzi, S.",A Close Look at the Communication Efficiency and the Energy Footprints of Robust Federated Learning in Industrial IoT,IEEE Internet of Things Journal,2025,12,11,15130–15150,10.1109/JIOT.2025.3530265,,,https://www.scopus.com/pages/publications/85216026082?origin=resultslist,
BXYIDVUB,journalArticle,"Jiao, S.; Wang, J.; Tong, Z.; Wang, Z.; Tan, L.; Zhang, X.; Kostromitin, K.I.",Foundation-Model-Based Federated Learning for Intrusion Detection in Drone-Aided Industrial IoT,IEEE Internet of Things Journal,2025,12,22,46889–46901,10.1109/JIOT.2025.3597349,,,https://www.scopus.com/pages/publications/105013241770?origin=resultslist,
CVRDIMI9,journalArticle,"Tian, S.; Wei, C.; Li, Y.; Ji, Z.",FGRL: Federated Growing Reinforcement Learning for Resilient Mapless Navigation in Unfamiliar Environments,Applied Sciences (Switzerland),2024,14,23,,10.3390/app142311336,,,https://www.scopus.com/pages/publications/85211801463?origin=resultslist,
CV74KDA4,journalArticle,R. S. Peres; A. Manta-Costa; J. Barata,Implementing Privacy-Preserving and Collaborative Industrial Artificial Intelligence,IEEE Access,2023,11,,74579–74589,10.1109/ACCESS.2023.3296143,2169-3536,,,
CXE3SFJA,journalArticle,"Chen, Z.; Hoang, D.; Piran, F.J.; Chen, R.; Imani, F.",Federated Hyperdimensional Computing for hierarchical and distributed quality monitoring in smart manufacturing,Internet of Things (The Netherlands),2025,31,,,10.1016/j.iot.2025.101568,,,https://www.scopus.com/pages/publications/105001243502?origin=resultslist,
E3NTV2BH,journalArticle,"Fernández-Miguel, A.; Ortíz-Marcos, S.; Jiménez-Calzado, M.; Fernández del Hoyo, A.P.; García-Muiña, F.E.; Settembre-Blundo, D.",Agentic AI in Smart Manufacturing: Enabling Human-Centric Predictive Maintenance Ecosystems,Applied Sciences (Switzerland),2025,15,21,,10.3390/app152111414,,,https://www.scopus.com/pages/publications/105021480762?origin=resultslist,
DVRRKREG,journalArticle,"Ma, L.; Shi, F.; Peng, K.",A federated learning based intelligent fault diagnosis framework for manufacturing processes with intraclass and interclass imbalance,Measurement Science and Technology,2025,36,3,,10.1088/1361-6501/adb06a,,,https://www.scopus.com/pages/publications/85218058124?origin=resultslist,
E4KB6KD5,journalArticle,M. Shojafar; M. Mukherjee; V. Piuri; J. Abawajy,Guest Editorial: Security and Privacy of Federated Learning Solutions for Industrial IoT Applications,IEEE Transactions on Industrial Informatics,2022,18,5,3519–3521,10.1109/TII.2021.3128972,1941-0050,,,
DLJUCY3E,conferencePaper,G. Suvarna; S. A. Khan; M. Garg; G. Karthikeyan; J. Giri; M. Y. Al-Safarini,Machine Learning and the Future of AI: Revolutionizing Industries with Data-Driven Innovations,2026 3rd International Conference on Emerging Trends in Engineering and Medical Sciences (ICETEMS),2026,,,1–7,10.1109/ICETEMS66917.2026.11469719,,,,
DMRQ8L7R,conferencePaper,"Guduri, N.V.R.; Charaan, R.M.D.; Kalaiyarasi, R.; Samuthira Pandi, V.; Reddy, D.L.; Selvaprabhu, T.",Predictive Maintenance in IoT Networks Using a Temporal Attention Mechanism Based Federated Convolutional Neural Network,,2024,,,,10.1109/ASIANCON62057.2024.10838193,,,https://www.scopus.com/pages/publications/85218124015?origin=resultslist,
DDWX6BYX,journalArticle,"Eslaminia, A.; Meng, Y.; Nahrstedt, K.; Shao, C.",Federated domain generalization for condition monitoring in ultrasonic metal welding,Journal of Manufacturing Systems,2024,77,,1–12,10.1016/j.jmsy.2024.09.023,,,https://www.scopus.com/pages/publications/85206482156?origin=resultslist,
DPJ9ZFEG,journalArticle,"Huang, K.; Liu, X.; Li, F.; Yang, C.; Kaynak, O.; Huang, T.",A Federated Dictionary Learning Method for Process Monitoring With Industrial Applications,IEEE Transactions on Artificial Intelligence,2023,4,5,1017–1028,10.1109/TAI.2022.3152458,,,https://www.scopus.com/pages/publications/85174365383?origin=resultslist,
DQMRK7RC,conferencePaper,"Sharma, S.; Guleria, K.",A Federated Learning Mechanism for Preserving Security of Sensitive Data,,2023,,,1–5,10.1109/ICDABI60145.2023.10629264,,,https://www.scopus.com/pages/publications/85202445520?origin=resultslist,
DI5G7J8Q,journalArticle,"Jiang, Zhao; Dan, Wu; Yu-fei, Cao",New-generation AI-driven intelligent decision-making and inventory optimization in the full lifecycle of complex product manufacturing integrating LSTM and Q-learning,Scientific Reports,2026,16,1,,10.1038/s41598-026-41629-6,2045-2322,,http://dx.doi.org/10.1038/s41598-026-41629-6,Springer Science and Business Media LLC
CZLUD6TH,journalArticle,D. Ye; R. Yu; M. Pan; Z. Han,Federated Learning in Vehicular Edge Computing: A Selective Model Aggregation Approach,IEEE Access,2020,8,,23920–23935,10.1109/ACCESS.2020.2968399,2169-3536,,,
D5HBT46P,conferencePaper,K. -F. Chu; W. Guo,Federated Reinforcement Learning for Consumers Privacy Protection in Mobility-as-a-Service,2023 IEEE 26th International Conference on Intelligent Transportation Systems (ITSC),2023,,,4840–4846,10.1109/ITSC57777.2023.10422279,,2153-0017,,
CZQ5XQR6,conferencePaper,"Praveen, J.S.; Gomathi, M.; Thakira Ismail, K.",Secure Federated Learning over Wireless Sensor Networks for Large-Scale Industrial IoT Applications,,2025,,,,10.1109/ICONSTEM65670.2025.11374446,,,https://www.scopus.com/pages/publications/105034485700?origin=resultslist,
D74KJVMW,journalArticle,"Hamdi, R.; Said, A.B.; Baccour, E.; Erbad, A.; Mohamed, A.; Hamdi, M.; Guizani, M.",Optimal Resource Management for Hierarchical Federated Learning over HetNets with Wireless Energy Transfer,IEEE Internet of Things Journal,2023,10,19,16945–16958,10.1109/JIOT.2023.3271692,,,https://www.scopus.com/pages/publications/85159700297?origin=resultslist,
CTQW45WN,journalArticle,B. D. Deebak; S. O. Hwang,Privacy-Preserving Learning Model Using Lightweight Encryption for Visual Sensing Industrial IoT Devices,IEEE Transactions on Emerging Topics in Computational Intelligence,2025,9,4,3039–3056,10.1109/TETCI.2024.3523771,2471-285X,,,
CQL55MAR,journalArticle,J. Tang; J. Chen; J. He; F. Chen; Z. Lv; G. Han; Z. Liu; H. H. Yang; W. Li,Toward General Industrial Intelligence: A Survey of Large Models as a Service in Industrial IoT,IEEE Communications Surveys & Tutorials,2026,28,,2054–2086,10.1109/COMST.2025.3578877,1553-877X,,,
CST8ZG2E,journalArticle,R. Uddin; S. A. P. Kumar,SDN-Based Federated Learning Approach for Satellite-IoT Framework to Enhance Data Security and Privacy in Space Communication,IEEE Journal of Radio Frequency Identification,2023,7,,424–440,10.1109/JRFID.2023.3279329,2469-7281,,,
DDLX7P83,journalArticle,"Qiu, Yanrui; Hu, Zhimin",Construction of a Theoretical Framework for Scientific Data Governance,Scientific Data,2026,13,1,,10.1038/s41597-025-06525-0,2052-4463,,http://dx.doi.org/10.1038/s41597-025-06525-0,Springer Science and Business Media LLC
DA4GM56Q,journalArticle,"Pournazari, Jaber; Ullah, Amjad; Al-Dubai, Ahmed; Liu, Xiaodong",Computation offloading in the edge-to-cloud compute continuum: a survey of federated architectural solutions,Cluster Computing,2025,28,13,,10.1007/s10586-025-05577-6,1573-7543,,http://dx.doi.org/10.1007/s10586-025-05577-6,Springer Science and Business Media LLC
DJ8SLUN9,journalArticle,"Hu, Kai; Gong, Sheng; Zhang, Qi; Seng, Chaowen; Xia, Min; Jiang, Shanshan",An overview of implementing security and privacy in federated learning,Artificial Intelligence Review,2024,57,8,,10.1007/s10462-024-10846-8,1573-7462,,http://dx.doi.org/10.1007/s10462-024-10846-8,Springer Science and Business Media LLC
CVI7GDYP,journalArticle,"Buyuktanir, Busra; Altinkaya, Şahsene; Karatas Baydogmus, Gozde; Yildiz, Kazim","Federated learning in intrusion detection: advancements, applications, and future directions",Cluster Computing,2025,28,7,,10.1007/s10586-025-05325-w,1573-7543,,http://dx.doi.org/10.1007/s10586-025-05325-w,Springer Science and Business Media LLC
DNJ76RXD,journalArticle,"Zheng, Hao; Geng, Ziyue; Xu, Xun",Foundation model-based generative AI for smart manufacturing: A paradigm shift,ENGINEERING Management,2026,,,,10.1007/s42524-026-5359-0,3091-5082,,http://dx.doi.org/10.1007/s42524-026-5359-0,Springer Science and Business Media LLC
CUL2V4T8,journalArticle,"Wang, Yu; Liu, Wei",Topology analysis and evolution trend prediction of secure propagation networks for short videos based on digital twin model,Discover Computing,2025,28,1,,10.1007/s10791-025-09757-1,2948-2992,,http://dx.doi.org/10.1007/s10791-025-09757-1,Springer Science and Business Media LLC
D9FCEMTG,journalArticle,"Sun, Yixin; Gao, Jinming; Han, Kai; Hwang, Chul-Hyun; Jung, Hoekyung",Dynamic adaptation of non standard service tasks through reinforcement learning driven task technology fit and service interaction,Scientific Reports,2026,16,1,,10.1038/s41598-026-38808-w,2045-2322,,http://dx.doi.org/10.1038/s41598-026-38808-w,Springer Science and Business Media LLC
DDIBMX4W,journalArticle,"Rustemli, Sabir; Alani, Ahmed Yaseen Bishree; Şahin, Gökhan; van Sark, Wilfried",Action detection of objects devices using deep learning in IoT applications,Analog Integrated Circuits and Signal Processing,2025,123,1,,10.1007/s10470-025-02350-y,1573-1979,,http://dx.doi.org/10.1007/s10470-025-02350-y,Springer Science and Business Media LLC
CXIZ2J6F,journalArticle,"Ruiz-Villafranca, Sergio; Carrillo-Mondéjar, Javier; Castelo Gómez, Juan Manuel; Roldán-Gómez, José",MECInOT: a multi-access edge computing and industrial internet of things emulator for the modelling and study of cybersecurity threats,The Journal of Supercomputing,2023,79,11,11895–11933,10.1007/s11227-023-05098-2,1573-0484,,http://dx.doi.org/10.1007/s11227-023-05098-2,Springer Science and Business Media LLC
EBNKTQUZ,journalArticle,"Naeen, Hossein Monshizadeh; Ghadamyari, Malihe; Barmar, Mobin",Enhancing SDN security with deep learning and F-balanced cross-entropy for DDoS detection,Scientific Reports,2025,15,1,,10.1038/s41598-025-18826-w,2045-2322,,http://dx.doi.org/10.1038/s41598-025-18826-w,Springer Science and Business Media LLC
CXRSEU6N,journalArticle,"Patel, Kinjal; Shah, Milind; Qureshi, Karishma M.; Qureshi, Mohamed Rafik N.","A systematic review of generative AI: importance of industry and startup-centered perspectives, agentic AI, ethical considerations &amp; challenges, and future directions",Artificial Intelligence Review,2025,59,1,,10.1007/s10462-025-11435-z,1573-7462,,http://dx.doi.org/10.1007/s10462-025-11435-z,Springer Science and Business Media LLC
CXE3GWEL,journalArticle,"Murthy, CH V. N. U. Bharathi; Shri, M. Lawanya",An Adaptive Blockchain Framework for Federated IoMT with Reinforcement Learning-Based Consensus and Resource Forecasting,Scientific Reports,2026,16,1,,10.1038/s41598-026-35704-1,2045-2322,,http://dx.doi.org/10.1038/s41598-026-35704-1,Springer Science and Business Media LLC
CVXGVZUI,journalArticle,"Mishra, Shailendra; Alfahidah, Ruba Ahmed; Alharbi, Fayez",BERT-spaCy hybrid NLP and blockchain-enhanced adaptive CTI for IOC extraction and threat prediction,Scientific Reports,2026,16,1,,10.1038/s41598-025-34505-2,2045-2322,,http://dx.doi.org/10.1038/s41598-025-34505-2,Springer Science and Business Media LLC
DIY99Z3U,journalArticle,"Kapetanidou, Ioanna Angeliki; Nizamis, Alexandros; Karanastasis, Efstathios; Danciu, Gabriel-Mihail; Valero López, Clara Isabel; Kotsiopoulos, Thanasis; Gascón, Juan; Flor, Jaime; Campbell, Ross; Liatifis, Athanasios; Masood Khan, Nadia; Drajic, Dejan; Jarcau, Stefan; Mocanu, Vlad; Lopataru, Mihnea; Al kassir, Haya; Pliatsios, Dimitrios; Chondrogiannis, Efthymios; Litke, Antonios; Krco, Srdjan; Wajid, Usman; Nechifor, Septimiu; Sarigiannidis, Panagiotis; Trakadas, Panagiotis; Votis, Konstantinos",Cognitive Computing Continuum: State-of-the-Art Review and ENACT Vision &amp; Approach,Journal of Grid Computing,2025,23,3,,10.1007/s10723-025-09810-9,1572-9184,,http://dx.doi.org/10.1007/s10723-025-09810-9,Springer Science and Business Media LLC
DI9LQHSQ,journalArticle,"Kesavan V, Thiruppathy; R, Venkatesan; Wong, Wai Kit; Ng, Poh Kiat",Reinforcement learning based Secure edge enabled multi task scheduling model for internet of everything applications,Scientific Reports,2025,15,1,,10.1038/s41598-025-89726-2,2045-2322,,http://dx.doi.org/10.1038/s41598-025-89726-2,Springer Science and Business Media LLC
DDELQPXZ,journalArticle,"Kannan, N.; Balasubramanian, K.",EMLSCF-FCH: A Secure and Efficient Machine Learning-Based Framework for Fog Computing in Healthcare,International Journal of Computational Intelligence Systems,2025,19,1,,10.1007/s44196-025-01100-2,1875-6883,,http://dx.doi.org/10.1007/s44196-025-01100-2,Springer Science and Business Media LLC
CYIIGCTQ,journalArticle,"Kang, Meng",Research on Prediction Model and Optimization of Enterprise Material Procurement Management Based on Global Linkage,International Journal of Computational Intelligence Systems,2025,18,1,,10.1007/s44196-025-01010-3,1875-6883,,http://dx.doi.org/10.1007/s44196-025-01010-3,Springer Science and Business Media LLC
DNW84WAN,journalArticle,"Hanif, Muhammad; Munir, Ehsan Ullah; Rehan, Muhammad Maaz; Ahmad, Saima Gulzar; Ayyub, Kashif; Ramzan, Naeem",Orchestrating machine learning models in a swarm architecture for IoT inline malware detection,Scientific Reports,2025,16,1,,10.1038/s41598-025-28859-w,2045-2322,,http://dx.doi.org/10.1038/s41598-025-28859-w,Springer Science and Business Media LLC
DE7GIHKT,journalArticle,"Gayathri, D.; Shantharajah, S. P.",MetaStackD A robust meta learning based deep ensemble model for prediction of sensors battery life in IoE environment,Scientific Reports,2025,15,1,,10.1038/s41598-025-97720-x,2045-2322,,http://dx.doi.org/10.1038/s41598-025-97720-x,Springer Science and Business Media LLC
DAC7SKX8,journalArticle,"Cai, Muqiao",Research on the automation of intelligent accounting information processing process driven by neural networks,Scientific Reports,2025,16,1,,10.1038/s41598-025-31005-1,2045-2322,,http://dx.doi.org/10.1038/s41598-025-31005-1,Springer Science and Business Media LLC
CX65S8FU,journalArticle,"Chinnasamy, P.; Yarramsetti, Sarojini; Ayyasamy, Ramesh Kumar; Rajesh, Ella; V., Vijayasaro; Pandey, Digvijay; Pandey, Binay Kumar; Lelish, Mesfin Esayas",AI-Driven intrusion detection and prevention systems to safeguard 6G networks from cyber threats,Scientific Reports,2025,15,1,,10.1038/s41598-025-21648-5,2045-2322,,http://dx.doi.org/10.1038/s41598-025-21648-5,Springer Science and Business Media LLC
CNUSJ998,journalArticle,"Cali, Umit; Halden, Ugur; Andoni, Merlinda; Catak, Ferhat Ozgur; Chen, Si; Couraud, Benoit; Kantar, Emre; Knapper, Samuel; Kucukdemiral, Ibrahim; Kusetogullari, Huseyin; Kuzlu, Murat; Mousavi, Yashar; Norbu, Sonam; Ustun, Taha Selim; Flynn, David",Generative AI and LLM applications in renewable energy and smart grids: a systematic review for the sustainable energy transition,Artificial Intelligence Review,2026,59,7,,10.1007/s10462-026-11545-2,1573-7462,,http://dx.doi.org/10.1007/s10462-026-11545-2,Springer Science and Business Media LLC
D3X2E99S,journalArticle,"Alqazzaz, Ali",Federated Learning with Homomorphic Encryption: A Privacy-Preserving Solution for Smart Cities,International Journal of Computational Intelligence Systems,2025,18,1,,10.1007/s44196-025-00829-0,1875-6883,,http://dx.doi.org/10.1007/s44196-025-00829-0,Springer Science and Business Media LLC
DGQYGLNK,journalArticle,"A R, Sathyabama; Katiravan, Jeevaa",Enhancing anomaly detection and prevention in Internet of Things (IoT) using deep neural networks and blockchain based cyber security,Scientific Reports,2025,15,1,,10.1038/s41598-025-04164-4,2045-2322,,http://dx.doi.org/10.1038/s41598-025-04164-4,Springer Science and Business Media LLC
DFDZS483,conferencePaper,"Souza, D.; Webber, T.; Wanner, E.","Towards Federated, Autonomous and Cognitive Digital Twins with DARLING",,2025,,2025,,10.1109/SoSE66311.2025.11083783,,,https://www.scopus.com/pages/publications/105022267669?origin=resultslist,
CV3IP956,journalArticle,"Zhang, R.; Li, H.; Tian, L.; Hao, M.; Zhang, Y.",Vertical Federated Learning Across Heterogeneous Regions for Industry 4.0,IEEE Transactions on Industrial Informatics,2024,20,8,10145–10155,10.1109/TII.2024.3393492,,,https://www.scopus.com/pages/publications/85192213808?origin=resultslist,
E9GXAAAG,journalArticle,"Xu, L.; Cao, S.; Li, X.; Gulliver, T.A.",Analysis and Prediction of Mobile Industrial Internet of Things (IIoT) Communications Based on FL-GLP-Net,IEEE Internet of Things Journal,2024,11,12,21574–21584,10.1109/JIOT.2024.3376547,,,https://www.scopus.com/pages/publications/85188012916?origin=resultslist,
E7RBAPXM,conferencePaper,"Shankar, V.","Edge AI: A Comprehensive Survey of Technologies, Applications, and Challenges",,2024,,,,10.1109/ACET61898.2024.10730112,,,https://www.scopus.com/pages/publications/85210088761?origin=resultslist,
D23KDN49,journalArticle,"Nievas, N.; Pagès-Bernaus, A.; Abio, A.; Lange, D.; Garcia-Llamas, E.; Grané, M.; Pujante, J.; Echeverria, L.; Bonada, F.",A scalable Deep Q-Learning approach for hot stamping process under dynamic control environment,International Journal of Production Research,2025,63,8,2831–2852,10.1080/00207543.2024.2411377,,,https://www.scopus.com/pages/publications/105002285599?origin=resultslist,
CSXPJIZ4,journalArticle,"Srinu, K.; Chintapalli, G.S.; Mishra, K.; Surendra, K.; Kumar, M.V.",Harnessing Artificial Intelligence Across The Drug Lifecycle: From Discovery To Optimized Operations,European Journal of Parenteral and Pharmaceutical Sciences,2026,31,1,,10.37521/ejpps31108,,,https://www.scopus.com/pages/publications/105037012254?origin=resultslist,
DTX8B3RR,journalArticle,"Jagatheesaperumal, S.K.; Rahouti, M.; Alfatemi, A.; Ghani, N.; Quy, V.K.; Chehri, A.",Enabling Trustworthy Federated Learning in Industrial IoT: Bridging the Gap Between Interpretability and Robustness,IEEE Internet of Things Magazine,2024,7,5,38–44,10.1109/IOTM.001.2300274,,,https://www.scopus.com/pages/publications/85202290088?origin=resultslist,
FIF9H8JX,journalArticle,"Trautner, T.; Zink, F.; Slimane, E.; Graff, L.; Wunschel, W.; Breurather, M.; Weigold, M.; Bleicher, F.",A DATASPACE-DRIVEN EDGE COMPUTING AND FEDERATED LEARNING FRAMEWORK FOR SENSORY TOOLING SYSTEMS,MM Science Journal,2025,2025-November,,8825–8830,10.17973/MMSJ.2025_11_2025133,,,https://www.scopus.com/pages/publications/105022934937?origin=resultslist,
F4JTSMSZ,journalArticle,"Ma, L.; Tian, X.; Huang, L.; Yang, F.; Shi, X.",A data-driven method combining knowledge graph with deep learning for constructing machining process knowledge base,"Proceedings of the Institution of Mechanical Engineers, Part B: Journal of Engineering Manufacture",2025,239,9,1204–1217,10.1177/09544054241272920,,,https://www.scopus.com/pages/publications/85208179012?origin=resultslist,
FHI3GH9V,conferencePaper,D. Miehle; M. M. Meyer; A. Luckow; B. Bruegge; M. Essig,Toward a Decentralized Marketplace for Self-Maintaining Machines,2019 IEEE International Conference on Blockchain (Blockchain),2019,,,431–438,10.1109/Blockchain.2019.00066,,,,
FI3NCUVI,journalArticle,"Xu, R.",Agent-Based Digital Twin Communication Framework for Distributed Edge-Cloud Multimodal Perception in 6G Networks,IEEE Communications Standards Magazine,2026,,,,10.1109/MCOMSTD.2026.3659605,,,https://www.scopus.com/pages/publications/105031054968?origin=resultslist,
FFHW3ZC8,bookSection,"Sharma, Pranav; Rüb, Marcus; Gaida, Daniel; Lutz, Heiko; Sikora, Axel",Deep Learning in Resource and Data Constrained Edge Computing Systems,Machine Learning for Cyber Physical Systems,2020,,,43–51,10.1007/978-3-662-62746-4_5,2522-8587,978-3-662-62746-4,http://dx.doi.org/10.1007/978-3-662-62746-4_5,Springer Berlin Heidelberg
FEWH39IU,journalArticle,"Alemayew, Wudu Bitew; Gemeda, Ketema Adere",Federated hybrid deep learning for multi-attack detection and classification in RPL-based 6LoWPAN networks,Discover Computing,2025,28,1,,10.1007/s10791-025-09852-3,2948-2992,,http://dx.doi.org/10.1007/s10791-025-09852-3,Springer Science and Business Media LLC
FD9IS8P3,journalArticle,Y. Lin; X. Wang; H. Ma; L. Wang; F. Hao; Z. Cai,An Efficient Approach to Sharing Edge Knowledge in 5G-Enabled Industrial Internet of Things,IEEE Transactions on Industrial Informatics,2023,19,1,930–939,10.1109/TII.2022.3170470,1941-0050,,,
F7IKEK3D,conferencePaper,"Legler, T.; Hegiste, V.; Ruskowski, M.",Multifaceted Applications of Federated Learning: Beyond Neural Networks,,2025,,,271–278,10.1007/978-3-031-86489-6_28,,,https://www.scopus.com/pages/publications/105001321085?origin=resultslist,
F9JCUCK8,journalArticle,"Nishad, Dinesh Kumar; Singh, Rashmi; Khalid, Saifullah",A lightweight blockchain-enabled federated intrusion prevention framework for resource-constrained industrial IoT devices to detect and mitigate emerging cyberattacks,Journal of Cloud Computing,2026,15,1,,10.1186/s13677-026-00843-3,2192-113X,,http://dx.doi.org/10.1186/s13677-026-00843-3,Springer Science and Business Media LLC
F98R4UDL,conferencePaper,B. Dai; Y. Qiu; W. Feng,Scalable Computation Offloading for Industrial IoTs via Distributed Deep Reinforcement Learning,2024 27th International Conference on Computer Supported Cooperative Work in Design (CSCWD),2024,,,1681–1686,10.1109/CSCWD61410.2024.10580311,,2768-1904,,
EWSX2FX3,conferencePaper,"Lakshmaiya, N.",Fault Detection in Predictive Maintenance of Industry 4.0 using a Lightweight Hybrid model in the FL System,,2025,,,,10.1109/ICERECT65215.2025.11377916,,,https://www.scopus.com/pages/publications/105034846391?origin=resultslist,
ETGXEBYM,journalArticle,"Chen, J.; Guo, S.; Shen, T.; Feng, Y.; Gao, J.; Qiu, X.",IncEFL: a sharing incentive mechanism for edge-assisted federated learning in industrial IoT,Digital Communications and Networks,2025,11,1,106–115,10.1016/j.dcan.2023.05.001,,,https://www.scopus.com/pages/publications/86000794400?origin=resultslist,
EZGJTZFU,journalArticle,"Song, Tianhe; Tian, Hao; Qin, Xinghua; Lv, Lingrui; Zhou, Wenjuan",YOMO TF based edge cloud collaborative surveillance framework for tobacco warehouse safety management,Scientific Reports,2025,15,1,,10.1038/s41598-025-26011-2,2045-2322,,http://dx.doi.org/10.1038/s41598-025-26011-2,Springer Science and Business Media LLC
ECNJRHQL,journalArticle,"Wang, Y.; Mu, J.; Yao, Z.; Wang, J.; Ouyang, W.; Zhou, Q.; Xu, F.; Chen, H.-H.",Knowledge Distillation and Tensor Decomposition-Based Privacy-Preserving Federated Learning for Industrial IoT Radar Sensing Systems,IEEE Internet of Things Journal,2026,13,3,4616–4632,10.1109/JIOT.2025.3635726,,,https://www.scopus.com/pages/publications/105023373200?origin=resultslist,
EKNC8YUK,journalArticle,"Yang, Haosen; Tian, Jinpeng; Mai, Weijie; Wang, Chunhua; Ran, Luchun; Wu, Tao; He, Shangyang; Wang, Ziqiang; Shi, Xin; Liang, Zipeng; Yu, Yi; Dong, Hanjiang; Wang, Chongyu; Shen, Weixiang; Chung, C. Y.",Privacy-preserving collaborative battery fault warning for massive electric vehicles by heterogeneous data from charging stations,Nature Communications,2025,17,1,,10.1038/s41467-025-67703-7,2041-1723,,http://dx.doi.org/10.1038/s41467-025-67703-7,Springer Science and Business Media LLC
FDM4UN43,journalArticle,"Verma, Reetu; Kumar, Ashok; Pabreja, Kavita; Kumar, Amit",A decade of data science research: insights from a bibliometric study,Discover Data,2025,3,1,,10.1007/s44248-025-00097-5,2731-6955,,http://dx.doi.org/10.1007/s44248-025-00097-5,Springer Science and Business Media LLC
FDJYNIS6,journalArticle,"Rejeb, Abderahman; Rejeb, Karim; Zrelli, Imen; Kayikci, Yasanur; Hassoun, Abdo",The research landscape of industry 5.0: a scientific mapping based on bibliometric and topic modeling techniques,Flexible Services and Manufacturing Journal,2024,37,4,1203–1250,10.1007/s10696-024-09584-4,1936-6590,,http://dx.doi.org/10.1007/s10696-024-09584-4,Springer Science and Business Media LLC
EJIL3HXT,journalArticle,"Singh, Jaibir; Bharany, Salil; Rani, Suman; Rehman, Ateeq Ur; Taye, Belayneh Matebie; Pant, Ruby; Kaur, Upinder","A Systematic Review of Blockchain, AI, and Cloud Integration for Secure Digital Ecosystems",International Journal of Networked and Distributed Computing,2025,13,2,,10.1007/s44227-025-00072-1,2211-7946,,http://dx.doi.org/10.1007/s44227-025-00072-1,Springer Science and Business Media LLC
ECDMAMDF,journalArticle,"Srivastava, Sandeep; Agarwal, Deepshikha; Chaurasia, Brijesh Kumar",Proof of Repute Consensus (PoRC): A decentralized approach to blockchain interoperability,Peer-to-Peer Networking and Applications,2026,19,2,,10.1007/s12083-026-02206-w,1936-6450,,http://dx.doi.org/10.1007/s12083-026-02206-w,Springer Science and Business Media LLC
F5NKKBTR,journalArticle,"Olujimi, Peter Adebowale; Owolawi, Pius Adewale; Pretorius, Agnieta; Van Wyk, Etienne",Mapping the research landscape of agentic AI in SMMEs through a bibliometric analysis of patterns and knowledge gaps,Discover Artificial Intelligence,2025,6,1,,10.1007/s44163-025-00764-1,2731-0809,,http://dx.doi.org/10.1007/s44163-025-00764-1,Springer Science and Business Media LLC
F22YC5TG,journalArticle,"Prasanna, R.; Kumar, R. Senthil; Bhuvaneswari, N. S.; Karthik, C.",Performance centric review of machine learning techniques for electric vehicle powertrain with battery management and charging systems,Discover Artificial Intelligence,2026,6,1,,10.1007/s44163-025-00721-y,2731-0809,,http://dx.doi.org/10.1007/s44163-025-00721-y,Springer Science and Business Media LLC
EP6L2QPG,journalArticle,"López Escobar, Juan José; Díaz Redondo, Rebeca P.; Gil-Castiñeira, Felipe",In-depth analysis and open challenges of Mist Computing,Journal of Cloud Computing,2022,11,1,,10.1186/s13677-022-00354-x,2192-113X,,http://dx.doi.org/10.1186/s13677-022-00354-x,Springer Science and Business Media LLC
EZM2MP9K,journalArticle,"Bunko, Thomas; Johnstone, Michael N.; Yang, Wencheng; Scott, Ben A.",A survey of privacy-preserving federated learning for intrusion detection systems,Artificial Intelligence Review,2026,59,5,,10.1007/s10462-026-11519-4,1573-7462,,http://dx.doi.org/10.1007/s10462-026-11519-4,Springer Science and Business Media LLC
EJHWIXBV,journalArticle,"Czarnul, Paweł; Antal, Marcel; Baniata, Hamza; Griebler, Dalvan; Kertesz, Attila; Kessler, Christoph W.; Kouloumpris, Andreas; Kovačić, Salko; Markus, Andras; Michael, Maria K.; Nikolaou, Panagiota; Öz, Isil; Prodan, Radu; Rakić, Gordana",Optimization of resource-aware parallel and distributed computing: a review,The Journal of Supercomputing,2025,81,7,,10.1007/s11227-025-07295-7,1573-0484,,http://dx.doi.org/10.1007/s11227-025-07295-7,Springer Science and Business Media LLC
F5L8QXC2,journalArticle,"Bouncken, Ricarda B.; Vogt, Christina",How AI rewires inter-firm collaboration: a review and collaboration rewiring model of disruptive digital technologies,Review of Managerial Science,2026,,,,10.1007/s11846-026-01013-0,1863-6691,,http://dx.doi.org/10.1007/s11846-026-01013-0,Springer Science and Business Media LLC
ETN7WE5L,journalArticle,"Bandhana, Arti; Vokřínek, Jiří",AI-Driven Manufacturing: Surveying for Industry 4.0 and Beyond,Operations Research Forum,2025,6,4,,10.1007/s43069-025-00554-6,2662-2556,,http://dx.doi.org/10.1007/s43069-025-00554-6,Springer Science and Business Media LLC
EJMPPEVT,journalArticle,"Beck, Hans-Peter; Hou, Michael Z.; Wang, Qichen; Shi, Tianle; Guo, Yilin; Huang, Liangchao; Zhang, Tian; Cai, Nan; Yue, Ye; Xie, Yachen",A comprehensive review of sustainable energy systems in the context of the German energy transition—part 1: development status and system foundations,Carbon Neutral Systems,2025,1,1,,10.1007/s44438-025-00012-0,3059-3875,,http://dx.doi.org/10.1007/s44438-025-00012-0,Springer Science and Business Media LLC
FBM6CCWT,journalArticle,"V, Hariharasudhan; P, Vetrivelan; Chang, Elizabeth",Blockchain driven trust management for intelligent transportation systems in VANETs,Scientific Reports,2025,15,1,,10.1038/s41598-025-23351-x,2045-2322,,http://dx.doi.org/10.1038/s41598-025-23351-x,Springer Science and Business Media LLC
F3MJ38BP,journalArticle,"Yalla, Swathi Tejah; Batra, Isha; Malik, Arun",Gated Recurrent Unit-Based Detection Framework for Digital Wallet Attacks in Serverless Computing Environments,International Journal of Networked and Distributed Computing,2026,14,1,,10.1007/s44227-025-00084-x,2211-7946,,http://dx.doi.org/10.1007/s44227-025-00084-x,Springer Science and Business Media LLC
F3J5WX5R,journalArticle,"Tumula, Sridevi; Ramadevi, Y.; Rudra Kumar, M.; Chithaluru, Premkumar; Palamakula, Ramesh Babu; Goli, Sunil; Narsimhulu, Pallati; Jamjoom, Mona; Abd Elminaam, Diaa Salama",Optimizing internet of things security through blockchain enabled software defined networking,Scientific Reports,2025,15,1,,10.1038/s41598-025-27401-2,2045-2322,,http://dx.doi.org/10.1038/s41598-025-27401-2,Springer Science and Business Media LLC
ERIDEXL9,journalArticle,"Wadhwa, Gitanjali; Natarajan, Yuvaraj; Sri Preethaa, K. R.; Gopinath, M. P.; Devi, M. Shyamala",Federated learning for sustainable IoT appliance load monitoring at the edge devices,Discover Sustainability,2025,6,1,,10.1007/s43621-025-01409-0,2662-9984,,http://dx.doi.org/10.1007/s43621-025-01409-0,Springer Science and Business Media LLC
EZEV7YBG,journalArticle,"Tataroğlu Özbulak, Gözde Ayşe; Manzo, Gaetano; Shrestha, Yash Raj; Calbimonte, Jean-Paul",A comprehensive survey of stream reasoning and its integration with knowledge graphs,Knowledge and Information Systems,2025,67,12,11225–11257,10.1007/s10115-025-02589-x,0219-3116,,http://dx.doi.org/10.1007/s10115-025-02589-x,Springer Science and Business Media LLC
F7IXZZYV,journalArticle,"Qian, Sunlei; Zhu, Xiaorong",MeshHSTGT: hierarchical spatio-temporal fusion for mesh network traffic forecasting,Scientific Reports,2025,15,1,,10.1038/s41598-025-01943-x,2045-2322,,http://dx.doi.org/10.1038/s41598-025-01943-x,Springer Science and Business Media LLC
F32ZQXYI,journalArticle,"Liu, Wenan; Zhang, Yu; Du, Mengxuan",Enhanced adaptive zebra optimization algorithm optimized kernel extreme learning machine for bankruptcy prediction problems,Scientific Reports,2026,16,1,,10.1038/s41598-026-40651-y,2045-2322,,http://dx.doi.org/10.1038/s41598-026-40651-y,Springer Science and Business Media LLC
EWXA67JA,journalArticle,"Mulatu, Adugna Necho; Zennaro, Marco; Gared, Fikreselam; Prabhakar, T. V.",MoC-TSCH: multi-objective MILP-based TSCH mobility optimization for network coverage and connectivity in IIoT,Scientific Reports,2026,16,1,,10.1038/s41598-026-45560-8,2045-2322,,http://dx.doi.org/10.1038/s41598-026-45560-8,Springer Science and Business Media LLC
EDQ6USZQ,journalArticle,"Liu, Zepei; Jin, Zhigang; Ding, Yu; Chen, Xuyang; Wu, Xiaodong",Semantic utility-driven client selection for task-oriented split federated learning,Complex &amp; Intelligent Systems,2025,12,2,,10.1007/s40747-025-02206-y,2198-6053,,http://dx.doi.org/10.1007/s40747-025-02206-y,Springer Science and Business Media LLC
EC2TUTUX,journalArticle,"Murala, Dileep Kumar; Ahmad, Shadab; Ponnapalli, V. A. Sankar; Vuyyuru, Veera Ankalu; Hitimana, Eric",ChainShieldML an intelligent decentralized security framework for next generation wireless sensor networks,Scientific Reports,2025,15,1,,10.1038/s41598-025-27077-8,2045-2322,,http://dx.doi.org/10.1038/s41598-025-27077-8,Springer Science and Business Media LLC
FHZM93VG,journalArticle,"Karaca, Utku; Aydın, Nurşen; Yıldırım, Sinan; Birbil, Ş. İlker",Linear optimization with local differential privacy for resource sharing,Annals of Operations Research,2026,360,2-3,1007–1041,10.1007/s10479-026-07199-6,1572-9338,,http://dx.doi.org/10.1007/s10479-026-07199-6,Springer Science and Business Media LLC
EZJQ4MK9,journalArticle,"Kuo, Timothy; Yang, Hui",Multi-layer encrypted learning for distributed healthcare analytics,Scientific Reports,2025,15,1,,10.1038/s41598-025-23140-6,2045-2322,,http://dx.doi.org/10.1038/s41598-025-23140-6,Springer Science and Business Media LLC
FGK5V96K,journalArticle,"Honar Pajooh, Houshyar; Rashid, Mohammed A.; Alam, Fakhrul; Demidenko, Serge",IoT Big Data provenance scheme using blockchain on Hadoop ecosystem,Journal of Big Data,2021,8,1,,10.1186/s40537-021-00505-y,2196-1115,,http://dx.doi.org/10.1186/s40537-021-00505-y,Springer Science and Business Media LLC
F97WQG9V,journalArticle,"Hussain, Nasir; Li, Shuaiyong; Hussain, Altaf; Ullah, Zahid; Jamjoom, Mona",Quantum-aware secure blockchain intrusion detection system for industrial IoT networks,Scientific Reports,2025,16,1,,10.1038/s41598-025-31985-0,2045-2322,,http://dx.doi.org/10.1038/s41598-025-31985-0,Springer Science and Business Media LLC
FBJTPYFX,journalArticle,"Ganesh, Rahoul; Khan, Burhan Ul Islam; Khan, Abdul Raouf; Kamsin, Amirrudin Bin","A panoramic survey of the advanced encryption standard: from architecture to security analysis, key management, real-world applications, and post-quantum challenges",International Journal of Information Security,2025,24,5,,10.1007/s10207-025-01116-x,1615-5270,,http://dx.doi.org/10.1007/s10207-025-01116-x,Springer Science and Business Media LLC
FAUF3ZGI,journalArticle,"Bhushan, Arya; Misra, Preeti",Unlocking the potential: multimodal AI in biotechnology and digital medicine—economic impact and ethical challenges,npj Digital Medicine,2025,8,1,,10.1038/s41746-025-01992-6,2398-6352,,http://dx.doi.org/10.1038/s41746-025-01992-6,Springer Science and Business Media LLC
EZ867NNV,journalArticle,"Baktayan, Asrar Ahmed; Zahary, Ammar Thabit; Sikora, Axel; Welte, Dominik",Computational offloading into UAV swarm networks: a systematic literature review,EURASIP Journal on Wireless Communications and Networking,2024,2024,1,,10.1186/s13638-024-02401-4,1687-1499,,http://dx.doi.org/10.1186/s13638-024-02401-4,Springer Science and Business Media LLC
EPND8XRG,journalArticle,"Arnob, Arjun Kumar Bose; Mridha, M. F.; Safran, Mejdl; Amiruzzaman, Md; Islam, Md. Rajibul",An Enhanced LSTM Approach for Detecting IoT-Based DDoS Attacks Using Honeypot Data,International Journal of Computational Intelligence Systems,2025,18,1,,10.1007/s44196-025-00741-7,1875-6883,,http://dx.doi.org/10.1007/s44196-025-00741-7,Springer Science and Business Media LLC
EBZG8I64,journalArticle,"Anjum, Mohd; Dutta, Ashit Kumar; Elrashidi, Ali; Shahab, Sana; Aldrees, Asma; Shaikh, Zaffar Ahmed; Aljohani, Abeer",GraphFedAI framework for DDoS attack detection in IoT systems using federated learning and graph based artificial intelligence,Scientific Reports,2025,15,1,,10.1038/s41598-025-10826-0,2045-2322,,http://dx.doi.org/10.1038/s41598-025-10826-0,Springer Science and Business Media LLC
ELLSEHQ3,journalArticle,"Zhao, Y.; Ullah, F.; Mahmood, K.; Ahmad, J.; Kashif Bashir, A.; Alturki, N.",TFedSec-HI: Transformer-Driven Federated Security for IoT-Enabled Healthcare Industry 5.0 on Non-IID Data,IEEE Internet of Things Journal,2025,12,22,46204–46214,10.1109/JIOT.2025.3605756,,,https://www.scopus.com/pages/publications/105014969644?origin=resultslist,
FBSDXDMI,conferencePaper,"Sowan, B.I.; Zighan, S.; Altarawneh, A.","Supply Chain 4.0: Driving Operational Efficiency, Resilience, and Cybersecurity Using Advanced Technologies",,2025,,,,10.1109/ICCIAA65327.2025.11013378,,,https://www.scopus.com/pages/publications/105010123204?origin=resultslist,
F6EHSW4S,conferencePaper,"Gkillas, A.; Lalos, A.",Resource Efficient Federated Learning for Deep Anomaly Detection in Industrial IoT applications,,2023,2023-June,,,10.1109/DSP58604.2023.10167873,,,https://www.scopus.com/pages/publications/85165456487?origin=resultslist,
EVRRST6T,journalArticle,"Hussien, M.; Cheriet, M.; Nguyen, K.K.; Larabi, A.; Baek, J.",GenAI-Based Privacy-Preserving Transfer Learning,IEEE Transactions on Industrial Cyber-Physical Systems,2025,3,,329–340,10.1109/TICPS.2025.3556993,,,https://www.scopus.com/pages/publications/105036904175?origin=resultslist,
GTQ8F2VZ,journalArticle,"Wang, K.; Song, Z.",High-Dimensional Cross-Plant Process Monitoring With Data Privacy: A Federated Hierarchical Sparse PCA Approach,IEEE Transactions on Industrial Informatics,2024,20,3,4385–4396,10.1109/TII.2023.3323685,,,https://www.scopus.com/pages/publications/85174858045?origin=resultslist,
FK6W54PZ,journalArticle,"Kuo, T.; Yang, H.",Federated Learning on Distributed and Encrypted Data for Smart Manufacturing,Journal of Computing and Information Science in Engineering,2024,24,7,,10.1115/1.4065571,,,https://www.scopus.com/pages/publications/85195400551?origin=resultslist,
GSWJFGTG,conferencePaper,V. Hegiste; T. Legler; M. Ruskowski,Application of Federated Machine Learning in Manufacturing,2022 International Conference on Industry 4.0 Technology (I4Tech),2022,,,1–8,10.1109/I4Tech55392.2022.9952385,,,,
FUBK8GZX,journalArticle,"Sattar, A.; Bukhari, M.; Rehman, Z.U.; Khalid, S.; Lee, Y.; Rho, S.",A data analytics-driven approach to backorder prediction using federated machine learning in industrial supply chains,Scientific Reports,2026,16,1,,10.1038/s41598-025-34578-z,,,https://www.scopus.com/pages/publications/105029218069?origin=resultslist,
H6MFACB5,journalArticle,"Alqazzaz, Ali",SecuFL-IoT: an adaptive privacy-preserving federated learning framework for anomaly detection in smart industrial networks,Scientific Reports,2026,16,1,,10.1038/s41598-025-11883-1,2045-2322,,http://dx.doi.org/10.1038/s41598-025-11883-1,Springer Science and Business Media LLC
GU5S5NQV,journalArticle,"Wang, K.I.-K.; Zhou, X.; Liang, W.; Yan, Z.; She, J.",Federated Transfer Learning Based Cross-Domain Prediction for Smart Manufacturing,IEEE Transactions on Industrial Informatics,2022,18,6,4088–4096,10.1109/TII.2021.3088057,,,https://www.scopus.com/pages/publications/85111063327?origin=resultslist,
GR5QQKEA,journalArticle,"Liu, Z.; Jiang, Y.; Gu, J.; Liu, D.; Song, Y.; Jiang, A.; Duan, P.",Federated Graph Neural Networks Based on Multiscale Residuals in Industrial Internet of Things,IEEE Transactions on Computational Social Systems,2025,12,6,4999–5014,10.1109/TCSS.2025.3595216,,,https://www.scopus.com/pages/publications/105014535482?origin=resultslist,
GU3X84ST,journalArticle,"Gayathri, S.; Surendran, D.",Unified ensemble federated learning with cloud computing for online anomaly detection in energy-efficient wireless sensor networks,Journal of Cloud Computing,2024,13,1,,10.1186/s13677-024-00595-y,2192-113X,,http://dx.doi.org/10.1186/s13677-024-00595-y,Springer Science and Business Media LLC
G4CX7MTQ,journalArticle,I. -Y. Ko; A. Srivastava; M. Mrissa,Scalable and Dynamic Big Data Processing and Service Provision in Edge Cloud Environments,Journal of Web Engineering,2022,21,1,v–x,,1544-5976,,,
FWKK3XH8,conferencePaper,L. P. Rani; S. Surendran; D. Monica; V. S. Kumar; G. Rajaram; R. K. Dwibedi,Soft kind of Computing Based Least Resource Data finding which is Used for Analysis purpose,2024 4th International Conference on Advance Computing and Innovative Technologies in Engineering (ICACITE),2024,,,1820–1823,10.1109/ICACITE60783.2024.10617397,,,,
GPBVRDH8,conferencePaper,"Kanagavelu, R.; Li, Z.; Samsudin, J.; Yang, Y.; Yang, F.; Mong Goh, R.S.; Cheah, M.; Wiwatphonthana, P.; Akkarajitsakul, K.; Wang, S.",Two-Phase Multi-Party Computation Enabled Privacy-Preserving Federated Learning,,2020,,,410–419,10.1109/CCGrid49817.2020.00-52,,,https://www.scopus.com/pages/publications/85089089620?origin=resultslist,
GEXTSJ77,journalArticle,"Llasag Rosero, R.; Silva, C.; Ribeiro, B.; Santos, B.F.",Label synchronization for Hybrid Federated Learning in manufacturing and predictive maintenance,Journal of Intelligent Manufacturing,2024,35,8,4015–4034,10.1007/s10845-023-02298-8,,,https://www.scopus.com/pages/publications/85183620508?origin=resultslist,
G828EAUK,conferencePaper,"Pan, Y.; Bai, Y.; Chen, L.; Zhang, Z.",Federated Hard Example Mining for Defect Detection Under Statistical Heterogeneity,,2025,,,7145–7150,10.1109/SMC58881.2025.11342467,,,https://www.scopus.com/pages/publications/105033146277?origin=resultslist,
GGKH9A6A,journalArticle,"Wu, Y.; Yang, H.; Wang, X.; Yu, H.; El Saddik, A.; Hossain, M.S.",An effective Federated Learning system for Industrial IoT data streaming,Alexandria Engineering Journal,2024,105,,414–422,10.1016/j.aej.2024.07.040,,,https://www.scopus.com/pages/publications/85200814564?origin=resultslist,
GFN5DWA5,journalArticle,"Aly, Mohammed; Alotaibi, Naif M.",SHAP enhanced transformer GWO boosting model for transparent and robust anomaly detection in IIoT environments,Scientific Reports,2025,15,1,,10.1038/s41598-025-25033-0,2045-2322,,http://dx.doi.org/10.1038/s41598-025-25033-0,Springer Science and Business Media LLC
FIWX2FFP,conferencePaper,"Gül, B.C.; Ajay Menon, K.I.; Jazdi, N.; Weyrich, M.",Integration of Asset Administration Shells and Federated Learning into Software-defined Mobile Assets,,2025,59,24,167–172,10.1016/j.ifacol.2025.11.859,,,https://www.scopus.com/pages/publications/105025684636?origin=resultslist,
FJDUUHBC,conferencePaper,"Olbrych, Sylwia; Zhou, Hans Aoyang; Abdelrazeq, Anas; Schmitt, Robert H.",System Requirements for Decentralised Collaborative Machine Learning in Industry 4.0,"Proceedings of the IEEE/ACM 12th International Conference on Big Data Computing, Applications and Technologies",2025,,,,10.1145/3773276.3774283,,979-8-4007-2286-8,https://doi.org/10.1145/3773276.3774283,Association for Computing Machinery
GQTLW2XQ,journalArticle,"Zhang, Jifa; Lu, Weidang; Xing, Chengwen; Zhao, Nan; Al-Dhahir, Naofal; Karagiannidis, George K.; Yang, Xiaoniu",Intelligent integrated sensing and communication: a survey,Science China Information Sciences,2024,68,3,,10.1007/s11432-024-4205-8,1869-1919,,http://dx.doi.org/10.1007/s11432-024-4205-8,Springer Science and Business Media LLC
FTBI4JEQ,journalArticle,"Wang, Wei-Chien; Ahn, Euijoon; Feng, Dagan; Kim, Jinman",A Review of Predictive and Contrastive Self-supervised Learning for Medical Images,Machine Intelligence Research,2023,20,4,483–513,10.1007/s11633-022-1406-4,2731-5398,,http://dx.doi.org/10.1007/s11633-022-1406-4,Springer Science and Business Media LLC
FW9DKSUZ,journalArticle,"Pinto, Andrea; Donoso, Yezid; Gutierrez, Jairo A.",Balancing the trilemma: a survey of federated anomaly detection for secure cyber-physical systems,Cybersecurity,2026,9,1,,10.1186/s42400-026-00567-6,2523-3246,,http://dx.doi.org/10.1186/s42400-026-00567-6,Springer Science and Business Media LLC
GFS27NCA,journalArticle,"Barcellos-Paula, Luciano; Merigó, José M.; Gil-Lafuente, Ana M.",25 years of knowledge and information systems: a bibliometric retrospective,Knowledge and Information Systems,2026,68,1,,10.1007/s10115-026-02739-9,0219-3116,,http://dx.doi.org/10.1007/s10115-026-02739-9,Springer Science and Business Media LLC
H2R6E3NT,journalArticle,"Xiangjuan, Jia; Xinwei, Fang; Yijie, Zhang; Heng, Yuan; Xiaofeng, Chen; Wenfei, Ge; Weinan, Liu; Fanglei, Huang",Integration and innovation of blockchain in Web3.0: current status and standardization prospects,World Wide Web,2024,28,1,,10.1007/s11280-024-01319-7,1573-1413,,http://dx.doi.org/10.1007/s11280-024-01319-7,Springer Science and Business Media LLC
GL6WJ487,journalArticle,"Wei, Hanyu; Xu, Wen; Kang, Byeong; Eisner, Rowan; Muleke, Albert; Rodriguez, Daniel; deVoil, Peter; Sadras, Victor; Monjardino, Marta; Harrison, Matthew Tom","Irrigation with Artificial Intelligence: Problems, Premises, Promises",Human-Centric Intelligent Systems,2024,4,2,187–205,10.1007/s44230-024-00072-4,2667-1336,,http://dx.doi.org/10.1007/s44230-024-00072-4,Springer Science and Business Media LLC
FNIXHCUJ,journalArticle,"Tuynman, Adrienne; Ortner, Ronald",Quantification of transfer in reinforcement learning via regret bounds for learning agents,Autonomous Agents and Multi-Agent Systems,2026,40,1,,10.1007/s10458-026-09739-7,1573-7454,,http://dx.doi.org/10.1007/s10458-026-09739-7,Springer Science and Business Media LLC
H3MLN7IH,journalArticle,"Taherdoost, Hamed",A comparative analysis of 6G and 5G technologies for metaverse connectivity dynamics,Discover Networks,2026,2,1,,10.1007/s44354-026-00017-2,3004-9792,,http://dx.doi.org/10.1007/s44354-026-00017-2,Springer Science and Business Media LLC
GZY2KYNC,journalArticle,"Senthil, K.; Karthikeyan, R.; Priya, S. Shanmuga; Monikaa, R.; Ramamoorthi, S.; Hussain, S. Faizal Mukthar",Advanced privacy protection (APP) machine learning model using cryptographic techniques for IoT,Discover Applied Sciences,2025,7,3,,10.1007/s42452-025-06571-8,3004-9261,,http://dx.doi.org/10.1007/s42452-025-06571-8,Springer Science and Business Media LLC
GT3SUZH9,journalArticle,"Shingne, Harshala; Ghusse, Diptee; Dadiyala, Charanjeet; Welekar, Rashmi",Federated deep learning-driven decentralized and cost-aware cloud resource management for load balancing and SLA optimizations,Discover Computing,2026,29,1,,10.1007/s10791-026-09988-w,2948-2992,,http://dx.doi.org/10.1007/s10791-026-09988-w,Springer Science and Business Media LLC
GNENII8F,journalArticle,"Rangarajan, Ramya; Murugan, Tamilarasi Kathirvel; Govindaraj, Logeswari; Venkataraman, Venyaa; Shankar, Krithik",AI driven automation for enhancing sustainability efforts in CDP report analysis,Scientific Reports,2025,15,1,,10.1038/s41598-025-07584-4,2045-2322,,http://dx.doi.org/10.1038/s41598-025-07584-4,Springer Science and Business Media LLC
FR7JVFRY,journalArticle,"Radanliev, Petar; De Roure, David; Page, Kevin; Van Kleek, Max; Santos, Omar; Maddox, La’Treall; Burnap, Pete; Anthi, Eirini; Maple, Carsten","Design of a dynamic and self-adapting system, supported with artificial intelligence, machine learning and real-time intelligence for predictive cyber risk analytics in extreme environments – cyber risk in the colonisation of Mars",Safety in Extreme Environments,2020,2,3,219–230,10.1007/s42797-021-00025-1,2524-8189,,http://dx.doi.org/10.1007/s42797-021-00025-1,Springer Science and Business Media LLC
H53QZLK4,journalArticle,"Perez-Pozuelo, Ignacio; Zhai, Bing; Palotti, Joao; Mall, Raghvendra; Aupetit, Michaël; Garcia-Gomez, Juan M.; Taheri, Shahrad; Guan, Yu; Fernandez-Luque, Luis",The future of sleep health: a data-driven revolution in sleep science and medicine,npj Digital Medicine,2020,3,1,,10.1038/s41746-020-0244-4,2398-6352,,http://dx.doi.org/10.1038/s41746-020-0244-4,Springer Science and Business Media LLC
GAT9U2NK,journalArticle,"Nugraha, Beny; Jnanashree, Abhishek Venkatesh; Bauschert, Thomas",A versatile XAI-based framework for efficient and explainable intrusion detection systems,Annals of Telecommunications,2025,80,11-12,1095–1120,10.1007/s12243-025-01118-9,1958-9395,,http://dx.doi.org/10.1007/s12243-025-01118-9,Springer Science and Business Media LLC
GNGZYR69,journalArticle,"Li, Jingyi; Huang, Rui; Shi, Nan; Weng, Hongjian; Wang, Qiangyu; Li, Guo; He, Yufei; Tian, Chunqi",Satellite network-optimized Dynamic Scoped Hierarchical Raft for blockchain consensus,Autonomous Intelligent Systems,2026,6,1,,10.1007/s43684-026-00126-3,2730-616X,,http://dx.doi.org/10.1007/s43684-026-00126-3,Springer Science and Business Media LLC
G666DGSV,journalArticle,"Liang, Xinwen",Cross-border logistics risk warning system based on federated learning,Scientific Reports,2025,15,1,,10.1038/s41598-025-25507-1,2045-2322,,http://dx.doi.org/10.1038/s41598-025-25507-1,Springer Science and Business Media LLC
FW7MHR56,journalArticle,"Liu, Haifeng; Zhu, Zhenghang; Wang, Zhenyu; Zhao, Xi; Xu, Tianheng; Zhou, Ting; Wu, Celimuge; Pignaton De Freitas, Edison; Hu, Honglin",Design and implementation of a scalable and high-throughput EEG acquisition and analysis system,Moore and More,2024,1,1,,10.1007/s44275-024-00017-w,3004-8680,,http://dx.doi.org/10.1007/s44275-024-00017-w,Springer Science and Business Media LLC
GKSXDIVQ,journalArticle,"Karam, Khaoula; Aqachtoul, Abderrahmane; Elamrani, Abderrahmane; Najib, Mehdi; Rafalia, Najat; Moumen, Idriss; Abouchabaka, Jaafar; Bakhouya, Mohamed",ISAAF: an IoT security and attack prevention framework using AI-driven predictive analytics,Scientific Reports,2025,15,1,,10.1038/s41598-025-28516-2,2045-2322,,http://dx.doi.org/10.1038/s41598-025-28516-2,Springer Science and Business Media LLC
FLJJAH7F,journalArticle,"Laghari, Asif Ali; Khan, Abdullah Ayub; Ksibi, Amel; Hajjej, Fahima; Kryvinska, Natalia; Almadhor, Ahmad; Mohamed, Mohamad Afendee; Alsubai, Shtwai",A novel and secure artificial intelligence enabled zero trust intrusion detection in industrial internet of things architecture,Scientific Reports,2025,15,1,,10.1038/s41598-025-11738-9,2045-2322,,http://dx.doi.org/10.1038/s41598-025-11738-9,Springer Science and Business Media LLC
GDUBCSQP,journalArticle,"Han, Wenlong; Sui, Muheng; Gao, Yi; Tao, Pengfei; Zheng, Donghong",GNN-based trust propagation and intelligent certificate revocation decision mechanism for large-scale IoT networks,Scientific Reports,2026,16,1,,10.1038/s41598-026-43310-4,2045-2322,,http://dx.doi.org/10.1038/s41598-026-43310-4,Springer Science and Business Media LLC
FS9H9IEM,journalArticle,"Jamshidi, Omid; Abbasi, Mahdi; Ramazani, Abbas; Salimi Shahraki, Atefeh; Taherkordi, Amir",Modifier guided resilient CNN inference enables fault-tolerant edge collaboration for IoT,Scientific Reports,2025,15,1,,10.1038/s41598-025-28454-z,2045-2322,,http://dx.doi.org/10.1038/s41598-025-28454-z,Springer Science and Business Media LLC
GIQA3HI5,journalArticle,"Dinler, Özlem Batur",Task-scaled spiking neural networks with multi-stage feature selection for resource-constrained iot intrusion detection,Cluster Computing,2026,29,3,,10.1007/s10586-026-06064-2,1573-7543,,http://dx.doi.org/10.1007/s10586-026-06064-2,Springer Science and Business Media LLC
FK3EEP5Z,journalArticle,"Chithra Rani, P. R.; Baalaji, K.",Deep learning-based ensemble stacking for enhanced intrusion detection in IoT-edge platforms,Discover Applied Sciences,2025,7,8,,10.1007/s42452-025-06871-z,3004-9261,,http://dx.doi.org/10.1007/s42452-025-06871-z,Springer Science and Business Media LLC
FLII8GGU,journalArticle,"Chen, Jinxiang; Li, Yan; Deng, Jiaxing; Qin, Beicheng; He, Chengcai; Huang, Qiangsheng; Wu, Jingchun",Design of a dynamic trust management and defense decision system for shared vehicle data based on blockchain and deep reinforcement learning,Scientific Reports,2025,15,1,,10.1038/s41598-025-11511-y,2045-2322,,http://dx.doi.org/10.1038/s41598-025-11511-y,Springer Science and Business Media LLC
G7ZANKQP,journalArticle,"Ashwini, N; Dava, Srinivas; Phanindra, A Rakesh; Ranjith kumar, Gotte; Rajkumar, K Varada; Sravanthi, Narne",ThreatFedChainAI: an adaptive edge blockchain architecture for big data-driven threat analytics in IoT networks,Scientific Reports,2025,16,1,,10.1038/s41598-025-31164-1,2045-2322,,http://dx.doi.org/10.1038/s41598-025-31164-1,Springer Science and Business Media LLC
FZ8V2P9I,journalArticle,"Abdullahi, Sani M.; Lazarova-Molnar, Sanja",On the adoption and deployment of secure and privacy-preserving IIoT in smart manufacturing: a comprehensive guide with recent advances,International Journal of Information Security,2025,24,1,,10.1007/s10207-024-00951-8,1615-5270,,http://dx.doi.org/10.1007/s10207-024-00951-8,Springer Science and Business Media LLC
FSYCUC88,journalArticle,"Ramu, S.P.; Boopalan, P.; Pham, Q.-V.; Maddikunta, P.K.R.; Huynh-The, T.; Alazab, M.; Nguyen, T.T.; Gadekallu, T.R.","Federated learning enabled digital twins for smart cities: Concepts, recent advances, and future directions",Sustainable Cities and Society,2022,79,,,10.1016/j.scs.2021.103663,,,https://www.scopus.com/pages/publications/85123031989?origin=resultslist,
GGYB5WA8,journalArticle,"Jiang, Y.; Ma, B.; Wang, X.; Yu, G.; Yu, P.; Wang, Z.; Ni, W.; Liu, R.P.",Blockchained Federated Learning for Internet of Things: A Comprehensive Survey,ACM Computing Surveys,2024,56,10,,10.1145/3659099,,,https://www.scopus.com/pages/publications/85194242864?origin=resultslist,
FLK9M3F2,journalArticle,"Mao, Y.; Yu, X.; Huang, K.; Angela Zhang, Y.-J.; Zhang, J.",Green Edge AI: A Contemporary Survey,Proceedings of the IEEE,2024,112,7,880–911,10.1109/JPROC.2024.3437365,,,https://www.scopus.com/pages/publications/85208745118?origin=resultslist,
H76DWP8Y,conferencePaper,"Yamaguchi, R.; Ochiai, H.",Tuning Detection Transformer with Device-to-Device Communication for Mission-Oriented Object Detection,,2024,,,106–111,10.1109/WiMob61911.2024.10770328,,,https://www.scopus.com/pages/publications/85214682940?origin=resultslist,
GAWJVPLC,conferencePaper,"Okuda, Y.; Nishikawa, A.; Nishi, H.",Evaluation of Communication Overhead for Distributed Deep Learning for Local Data Privacy,,2023,,,,10.1109/IECON51785.2023.10312326,,,https://www.scopus.com/pages/publications/85179501030?origin=resultslist,
GMP8J7HZ,journalArticle,"Jiang, C.; Fan, J.; Halabi, T.; Haque, I.",A Unified Convergence Analysis of Decentralized Federated Learning at the Edge,IEEE Internet of Things Journal,2026,13,9,18291–18304,10.1109/JIOT.2025.3648579,,,https://www.scopus.com/pages/publications/105025938686?origin=resultslist,
GV9DZJRG,journalArticle,"Chiriac, B.-N.; Anton, F.-D.; Ioniță, A.-D.; Vasilică, B.-V.","A Modular AI-Driven Intrusion Detection System for Network Traffic Monitoring in Industry 4.0, Using Nvidia Morpheus and Generative Adversarial Networks",Sensors,2025,25,1,,10.3390/s25010130,,,https://www.scopus.com/pages/publications/85214526636?origin=resultslist,
H956N2FH,conferencePaper,"Garcia, L.; Rini, S.; Chang, S.-C.; Hsu, Y.-C.",IP-aware Federated Manufacturing Intelligence,,2025,,,,10.1109/ASMC64512.2025.11010727,,,https://www.scopus.com/pages/publications/105007555748?origin=resultslist,
HV5QDV83,journalArticle,"Zeng, X.; Yu, Z.; Zhang, W.; Wang, X.; Lu, Q.; Wang, T.; Gu, M.; Tian, Y.; Wang, F.-Y.",Homophily Learning-Based Federated Intelligence: A Case Study on Industrial IoT Equipment Failure Prediction,IEEE Internet of Things Journal,2023,10,8,7356–7365,10.1109/JIOT.2022.3228792,,,https://www.scopus.com/pages/publications/85144790159?origin=resultslist,
I7XTHAJZ,conferencePaper,"Sistla, S.; Sankaran, M.; Jooluri, N.; Devesh, S.; Vaz, S.",Federated and Explainable AI Models for Secure FinTech Transactions in Digital Manufacturing Supply Chains,,2026,,,,10.1109/IMED68921.2026.11484363,,,https://www.scopus.com/pages/publications/105038336654?origin=resultslist,
I8Z29AD3,journalArticle,I. I. Ioannou; C. Christophorou; V. Vassiliou,"AI/ML for D2D Communication in 5G/6G Networks and Beyond: Concept, Applications, Challenges, and Future Directions",IEEE Open Journal of the Communications Society,2026,7,,5283–5349,10.1109/OJCOMS.2026.3694216,2644-125X,,,
IDAPDDE9,journalArticle,"Balasubramanian, V.; Aloqaily, M.; Reisslein, M.",Fed-TSN: Joint Failure Probability-Based Federated Learning for Fault-Tolerant Time-Sensitive Networks,IEEE Transactions on Network and Service Management,2023,20,2,1470–1486,10.1109/TNSM.2023.3273396,,,https://www.scopus.com/pages/publications/85159801420?origin=resultslist,
I5WFUY78,conferencePaper,"El-Hajj, M.",Design and Implementation of a Federated Learning System for Digital Twin-Metaverse Convergence,,2025,,,,10.1109/SmartNets65254.2025.11106850,,,https://www.scopus.com/pages/publications/105015498622?origin=resultslist,
HZ2BMK5N,journalArticle,"Khan, F.M.A.; Abou-Zeid, H.; Kaushik, A.; Hassan, S.A.",Advancing IIoT with Over-the-Air Federated Learning: The Role of Iterative Magnitude Pruning,IEEE Internet of Things Magazine,2024,7,5,46–52,10.1109/IOTM.001.2400032,,,https://www.scopus.com/pages/publications/85202295577?origin=resultslist,
HGV4NLIS,conferencePaper,"Li, J.; Liu, Z.; Yang, H.; Zhou, T.; Zheng, W.",A Flexible Keyword-Based PIR Scheme with Customizable Data Scales for Multi-server Learning,,2025,15566 LNCS,,133–147,10.1007/978-981-96-4566-4_10,,,https://www.scopus.com/pages/publications/105002708863?origin=resultslist,
HDNMSFYZ,journalArticle,"Jia, Yanming",A low-latency intelligent edge computing architecture for real-time decision-making in large-scale IoT networks,Discover Computing,2026,29,1,,10.1007/s10791-026-10133-w,2948-2992,,http://dx.doi.org/10.1007/s10791-026-10133-w,Springer Science and Business Media LLC
H8X7K546,conferencePaper,"Arazzi, M.; Belli, A.; Cusano, C.; Esposito, M.; Facchinetti, T.; Ferretti, M.; Galimberti, G.; Sciarroni, M.M.; Napoletano, P.; Nocera, A.; Pierleoni, P.; Storti, E.; Ursino, D.",An IoE-based Framework Supporting Human-Centric Industry,,2025,,,,10.1109/ETFA65518.2025.11205771,,,https://www.scopus.com/pages/publications/105021835513?origin=resultslist,
I2M639QL,journalArticle,"Wang, Fanxing; Pang, Yu; Bai, Ling; Godin, Marc",Researching the landscape of predictive emissions monitoring system: a review of literature and technology trends,Environmental Systems Research,2025,14,1,,10.1186/s40068-025-00403-9,2193-2697,,http://dx.doi.org/10.1186/s40068-025-00403-9,Springer Science and Business Media LLC
HDRSQTJV,journalArticle,"Yu, Zhiwen; Dong, Ziyang; Yu, Chenchen; Yang, Kaixiang; Fan, Ziwei; Chen, C. L. Philip",A review on multi-view learning,Frontiers of Computer Science,2024,19,7,,10.1007/s11704-024-40004-w,2095-2236,,http://dx.doi.org/10.1007/s11704-024-40004-w,Springer Science and Business Media LLC
HGPGY6VG,journalArticle,"Musa, Nura Shifa; Murugan, Thangavel; N., Nasurudeen Ahamed; Mirza, Nada Masood",Research study on securing the cloud: utilizing conventional and blockchain-based access control mechanisms,Journal of Cloud Computing,2025,14,1,,10.1186/s13677-025-00803-3,2192-113X,,http://dx.doi.org/10.1186/s13677-025-00803-3,Springer Science and Business Media LLC
IHA89E4L,journalArticle,"Hurbean, Luminita; Necula, Sabina Cristiana; Fotache, Doina; Stepan, Iulia Maria",Unveiling AI-powered ERP systems: a systematic review of trends and future directions,Information Systems and e-Business Management,2026,,,,10.1007/s10257-026-00728-7,1617-9854,,http://dx.doi.org/10.1007/s10257-026-00728-7,Springer Science and Business Media LLC
I9ZYTR9E,journalArticle,"Harmelink, Rogier; Joosten, Reinoud; Topan, Engin; Adriaanse, Arjen; van Hillegersberg, Jos",Data: to share or not to share? A Semi-Systematic Literature Review in (rational) data sharing in inter-organizational systems,Discover Data,2024,2,1,,10.1007/s44248-024-00018-y,2731-6955,,http://dx.doi.org/10.1007/s44248-024-00018-y,Springer Science and Business Media LLC
H7LDCEMN,journalArticle,"Kim, Minjun",Connecting artificial intelligence to value creation in services: mechanism and implications,Service Business,2023,17,4,851–878,10.1007/s11628-023-00547-7,1862-8508,,http://dx.doi.org/10.1007/s11628-023-00547-7,Springer Science and Business Media LLC
HEEIEIT8,bookSection,"Underwood, J. M.; Barbato, A.; Bekker, A.; Braun, M.; Eder, M. A.; Hess, P.; Jochum, C.; Morato, D.; Nilva, V.; Osawa, N.; Pahlavan, P.; Sarsoza Burgos, D.; Teixeira, Â. P.; Thompson, I.; Wang, Y.",Committee V.7: Structural Assessment During Operations,Proceedings of the 22nd International Ship and Offshore Structures Congress (Volume 2),2026,,,533–625,10.1007/978-981-95-2786-1_7,2195-4364,9789819527861,http://dx.doi.org/10.1007/978-981-95-2786-1_7,Springer Nature Singapore
HYQCL7T2,journalArticle,"Shahzaad, Babar; Barros, Alistair; Fidge, Colin",Service function tree mapping of microservices on resource-constrained fog networks,Journal of Cloud Computing,2025,14,1,,10.1186/s13677-025-00750-z,2192-113X,,http://dx.doi.org/10.1186/s13677-025-00750-z,Springer Science and Business Media LLC
HEEH45S4,journalArticle,"Thelen, Adam; Huan, Xun; Paulson, Noah; Onori, Simona; Hu, Zhen; Hu, Chao",Probabilistic machine learning for battery health diagnostics and prognostics—review and perspectives,npj Materials Sustainability,2024,2,1,,10.1038/s44296-024-00011-1,2948-1775,,http://dx.doi.org/10.1038/s44296-024-00011-1,Springer Science and Business Media LLC
I8NPMHLK,journalArticle,"Qazi, Adiah; Arshad, Sadiqa; Jadoon, Ammad Ali Khan",Security evaluation framework for cloud ERP systems using NIST and ISO standards,Scientific Reports,2026,16,1,,10.1038/s41598-026-45550-w,2045-2322,,http://dx.doi.org/10.1038/s41598-026-45550-w,Springer Science and Business Media LLC
IGPHK9A6,journalArticle,"Sefati, Seyed Salar; Keymasi, Mobina; Craciunescu, Razvan; Maiduc, Sanda; Bayram, Mustafa; Arasteh, Bahman",Adaptive Resource Scheduling in Multi-Cloud Computing Using Recurrent Neural Forecasting and Memory-Based Metaheuristic Optimization,Journal of Grid Computing,2025,23,4,,10.1007/s10723-025-09812-7,1572-9184,,http://dx.doi.org/10.1007/s10723-025-09812-7,Springer Science and Business Media LLC
IF3N7JX8,journalArticle,"Reddy, B. Nagi; Jyothi, B.; Rao, Gundala Srinivasa; Janaki, N.; Swathi, P.; Reddy, Sareddy Venkata Rami","State-of-the-art DC–DC converters for electric mobility and renewable integration: trends, challenges, and future directions",Discover Applied Sciences,2025,8,2,,10.1007/s42452-025-08120-9,3004-9261,,http://dx.doi.org/10.1007/s42452-025-08120-9,Springer Science and Business Media LLC
I65Y8VFE,journalArticle,"Renzo, Marco Di; Debbah, Merouane; Phan-Huy, Dinh-Thuy; Zappone, Alessio; Alouini, Mohamed-Slim; Yuen, Chau; Sciancalepore, Vincenzo; Alexandropoulos, George C.; Hoydis, Jakob; Gacanin, Haris; Rosny, Julien de; Bounceur, Ahcene; Lerosey, Geoffroy; Fink, Mathias",Smart radio environments empowered by reconfigurable AI meta-surfaces: an idea whose time has come,EURASIP Journal on Wireless Communications and Networking,2019,2019,1,,10.1186/s13638-019-1438-9,1687-1499,,http://dx.doi.org/10.1186/s13638-019-1438-9,Springer Science and Business Media LLC
HYBABXFX,journalArticle,"Ranpara, Ripal",Energy-efficient green AI architectures for circular economies through multi-layered sustainable resource optimization framework,Discover Sustainability,2025,6,1,,10.1007/s43621-025-01846-x,2662-9984,,http://dx.doi.org/10.1007/s43621-025-01846-x,Springer Science and Business Media LLC
HGSTXVKY,journalArticle,"Schlegel, Marius; Scheliga, Daniel; Sattler, Kai-Uwe; Seeland, Marco; Mäder, Patrick",Lowering barriers to federated learning: collaboration management and provenance,Journal of Big Data,2026,13,1,,10.1186/s40537-025-01350-z,2196-1115,,http://dx.doi.org/10.1186/s40537-025-01350-z,Springer Science and Business Media LLC
IHBJNJF6,journalArticle,"Ortiz-Garces, Iván; Villegas-Ch, William; Luján-Mora, Sergio",Implementation of edge AI for early fault detection in IoT networks: evaluation of performance and scalability in complex applications,Discover Internet of Things,2025,5,1,,10.1007/s43926-025-00196-4,2730-7239,,http://dx.doi.org/10.1007/s43926-025-00196-4,Springer Science and Business Media LLC
IBBQEJTE,journalArticle,"Nosa-Ihaza, Eloghosa Aisosa; Edeh, Emmanuel Chidera; Geng, Wol Bol; Okenwa, Ebenezer",Artificial intelligence in cancer immunotherapy: current trends in predicting response and personalizing treatment,Journal of the Egyptian National Cancer Institute,2026,38,1,,10.1186/s43046-026-00371-w,2589-0409,,http://dx.doi.org/10.1186/s43046-026-00371-w,Springer Science and Business Media LLC
H8GVYFYR,journalArticle,"Nishad, Dinesh Kumar; Verma, Vandna Rani; Rajput, Pushkar; Gupta, Sandeep; Dwivedi, Anurag; Shah, Dharti Raj",Adaptive AI-enhanced computation offloading with machine learning for QoE optimization and energy-efficient mobile edge systems,Scientific Reports,2025,15,1,,10.1038/s41598-025-00409-4,2045-2322,,http://dx.doi.org/10.1038/s41598-025-00409-4,Springer Science and Business Media LLC
I8BGWAS8,journalArticle,"Lin, Yujia; Chen, Liming; Ali, Aftab; Nugent, Christopher; Cleland, Ian; Li, Rongyang; Ding, Jianguo; Ning, Huansheng",Human digital twin: a survey,Journal of Cloud Computing,2024,13,1,,10.1186/s13677-024-00691-z,2192-113X,,http://dx.doi.org/10.1186/s13677-024-00691-z,Springer Science and Business Media LLC
HUWVWD9U,journalArticle,"López Bernal, Sergio; Hidalgo Rogel, José Manuel; Martínez Beltrán, Enrique Tomás; Quiles Pérez, Mario; Martínez Pérez, Gregorio; Huertas Celdrán, Alberto",Privacy-preserving hierarchical federated learning with biosignals to detect drowsiness while driving,Neural Computing and Applications,2024,36,32,20425–20437,10.1007/s00521-024-10282-3,1433-3058,,http://dx.doi.org/10.1007/s00521-024-10282-3,Springer Science and Business Media LLC
HL2YXVYA,journalArticle,"Liang, Yanni; You, Jianxin; Wang, Ran; Wang, Xiaoqin; Dong, Liting; Lyu, Mengyao",Data provider research overview from a public management perspective: a bibliometric analysis utilizing CiteSpace,Journal of Big Data,2025,12,1,,10.1186/s40537-025-01294-4,2196-1115,,http://dx.doi.org/10.1186/s40537-025-01294-4,Springer Science and Business Media LLC
HD95EUQF,journalArticle,"Maruthupandi, J.; Sivakumar, S.; Dhevi, B. Lakshmi; Prasanna, S.; Priya, R. Karpaga; Selvarajan, Shitharth",An intelligent attention based deep convoluted learning (IADCL) model for smart healthcare security,Scientific Reports,2025,15,1,,10.1038/s41598-024-84691-8,2045-2322,,http://dx.doi.org/10.1038/s41598-024-84691-8,Springer Science and Business Media LLC
I4NF7PI9,journalArticle,"Kim, Ji Yeon; Yu, Hye Eun; Kim, Min Ho; Lee, Sang Yup",Beyond petrochemicals: challenges and opportunities in industrial-scale biomanufacturing,Nature Communications,2026,17,1,,10.1038/s41467-026-73835-1,2041-1723,,http://dx.doi.org/10.1038/s41467-026-73835-1,Springer Science and Business Media LLC
HK3HSP9X,journalArticle,"Kioskli, Kitty; Grigoriou, Elisavet; Islam, Shareeful; Yiorkas, Andrianos M.; Christofi, Loizos; Mouratidis, Haralambos",A risk and conformity assessment framework to ensure security and resilience of healthcare systems and medical supply chain,International Journal of Information Security,2025,24,2,,10.1007/s10207-025-01009-z,1615-5270,,http://dx.doi.org/10.1007/s10207-025-01009-z,Springer Science and Business Media LLC
IDZ8KYDI,journalArticle,"Javed, Haseeb; El-Sappagh, Shaker; Abuhmed, Tamer",Robustness in deep learning models for medical diagnostics: security and adversarial challenges towards robust AI applications,Artificial Intelligence Review,2024,58,1,,10.1007/s10462-024-11005-9,1573-7462,,http://dx.doi.org/10.1007/s10462-024-11005-9,Springer Science and Business Media LLC
I4EFXCNK,journalArticle,"Gomaa, Walid; Khamis, Mohamed A.",A perspective on human activity recognition from inertial motion data,Neural Computing and Applications,2023,35,28,20463–20568,10.1007/s00521-023-08863-9,1433-3058,,http://dx.doi.org/10.1007/s00521-023-08863-9,Springer Science and Business Media LLC
HG8YCHZV,journalArticle,"Hamarsheh, Ala; El-Taj, Homam Reda Kamel; Al-Qerem, Ahmad; Alauthman, Mohammad",Optimizing Handover Performance in 5G Networks Using Dual Connectivity,Wireless Personal Communications,2026,146,4,1923–1987,10.1007/s11277-026-11944-2,1572-834X,,http://dx.doi.org/10.1007/s11277-026-11944-2,Springer Science and Business Media LLC
HT2ZC4QD,journalArticle,"Fu, Hansi",Real-time immersive animation using IoT-enabled edge computing and AI for next-generation intelligent systems,Discover Internet of Things,2025,5,1,,10.1007/s43926-025-00255-w,2730-7239,,http://dx.doi.org/10.1007/s43926-025-00255-w,Springer Science and Business Media LLC
I9G65VGY,journalArticle,"Assiri, Mohammed",Artificial intelligence-based intrusion detection and secure communication model for sustainable 6G-IoT networks,Scientific Reports,2026,16,1,,10.1038/s41598-026-42664-z,2045-2322,,http://dx.doi.org/10.1038/s41598-026-42664-z,Springer Science and Business Media LLC
HHSY2J2D,journalArticle,"Bharathi, Indira; Sonai, Veeramani; S, Sridevi",Quantum-driven enhanced machine learning algorithm for intrusion detection in Internet of things environment,EPJ Quantum Technology,2026,13,1,,10.1140/epjqt/s40507-026-00463-5,2196-0763,,http://dx.doi.org/10.1140/epjqt/s40507-026-00463-5,Springer Science and Business Media LLC
HLNSZCF2,conferencePaper,"Tran-Dang, H.; Kim, D.-S.",Perspectives of Digital Twin-Empowered Distributed Artificial Intelligence for Edge Computing,,2023,,,72–75,10.1109/ICAII59460.2023.10497436,,,https://www.scopus.com/pages/publications/85191901438?origin=resultslist,
HHQ8RFGB,conferencePaper,"Watrianthos, R.",The convergence of blockchain and federated learning: A bibliometric exploration of decentralized AI,,2025,3334,1,,10.1063/5.0294910,,,https://www.scopus.com/pages/publications/105022899044?origin=resultslist,
I48ESCK2,journalArticle,"Alsamhi, S.H.; Shvetsov, A.V.; Kumar, S.; Hassan, J.; Alhartomi, M.A.; Shvetsova, S.V.; Sahal, R.; Hawbani, A.",Computing in the Sky: A Survey on Intelligent Ubiquitous Computing for UAV-Assisted 6G Networks and Industry 4.0/5.0,Drones,2022,6,7,,10.3390/drones6070177,,,https://www.scopus.com/pages/publications/85134615558?origin=resultslist,
HKIPAWRM,journalArticle,"Antony, J.; Jalušić, D.; Bergweiler, S.; Hajnal, Á.; Žlabravec, V.; Emődi, M.; Strbad, D.; Legler, T.; Marosi, A.C.",Adapting to Changes: A Novel Framework for Continual Machine Learning in Industrial Applications,Journal of Grid Computing,2024,22,4,,10.1007/s10723-024-09785-z,,,https://www.scopus.com/pages/publications/85211177092?origin=resultslist,
ICVQU7TE,journalArticle,"Karthick Raghunath, K.M.; Babu, T.K.S.R.; Albalawi, E.; Mahesh, T.R.; Khan, S.B.; Saidani, O.",Spiking Neural Dynamics and Federated Routing for Ultralow-Latency in 6G Industry 5.0,Journal of Sensors,2025,2025,1,,10.1155/js/5491672,,,https://www.scopus.com/pages/publications/105019515807?origin=resultslist,
IHCLF3TR,conferencePaper,"Thakore, M.; Vyas, K.; Trivedi, D.; Sharma, R.; Pathak, L.; Gupta, R.; Tanwar, S.",Quantum-Assisted SNN-Based XAI Framework for Secure Space-Based Industrial IoT Applications,,2025,,,,10.1109/TENSYMP63728.2025.11145001,,,https://www.scopus.com/pages/publications/105017124401?origin=resultslist,
HMD98WQH,journalArticle,"Papachatzis, K.","Machine learning-based price prediction for thermal insulation materials: A holistic approach integrating thermophysical, technical, and environmental attributes in the Greek construction market",Energy and Buildings,2024,324,,,10.1016/j.enbuild.2024.114899,,,https://www.scopus.com/pages/publications/85206634090?origin=resultslist,
HU3BE2Y3,journalArticle,"Gao, J.; Zhang, B.; Guo, X.; Baker, T.; Li, M.; Liu, Z.",Secure Partial Aggregation: Making Federated Learning More Robust for Industry 4.0 Applications,IEEE Transactions on Industrial Informatics,2022,18,9,6340–6348,10.1109/TII.2022.3145837,,,https://www.scopus.com/pages/publications/85124089874?origin=resultslist,
IBGMFVXC,journalArticle,"Djoudi, A.; Guellouma, Y.; Cherroun, H.; Brik, B.",A Scalable Federated Modular Neural Network Architecture for Edge-Enabled Beyond-5G Complex Systems,IT Professional,2024,26,6,62–69,10.1109/MITP.2024.3486105,,,https://www.scopus.com/pages/publications/85214904122?origin=resultslist,
I3L947ZH,journalArticle,"Bhardwaj, N.; Kumar, A.; Patidar, M.; Babu, S.",A protocol-aware federated intrusion detection system for CSA matter networks,Journal of Supercomputing,2026,82,3,,10.1007/s11227-026-08269-z,,,https://www.scopus.com/pages/publications/105030062172?origin=resultslist,
IQ8TQEZL,journalArticle,"Yan, X.; Wang, Z.; Puvvada, M.M.; Dinar, M.; Rosen, D.W.; Melkote, S.N.",A federated learning approach to automated and secure supplier selection in cyber manufacturing as-a-service,Journal of Manufacturing Systems,2024,77,,170–183,10.1016/j.jmsy.2024.09.005,,,https://www.scopus.com/pages/publications/85204432787?origin=resultslist,
JMKPAV34,journalArticle,"Li, Fangyu; Lin, Junnuo; Han, Honggui",FSL: federated sequential learning-based cyberattack detection for Industrial Internet of Things,Industrial Artificial Intelligence,2023,1,1,,10.1007/s44244-023-00006-2,2731-667X,,http://dx.doi.org/10.1007/s44244-023-00006-2,Springer Science and Business Media LLC
JVCX8AMU,journalArticle,"Hiessl, T.; Rezapour Lakani, S.; Kemnitz, J.; Schall, D.; Schulte, S.",Cohort-based federated learning services for industrial collaboration on the edge,Journal of Parallel and Distributed Computing,2022,167,,64–76,10.1016/j.jpdc.2022.04.021,,,https://www.scopus.com/pages/publications/85129742911?origin=resultslist,
JXAUNHL8,journalArticle,"Huang, Guangshun",Efficient data consensus algorithm integrating FL and blockchain dynamic partition protocol PBFT,Scientific Reports,2025,15,1,,10.1038/s41598-025-30487-3,2045-2322,,http://dx.doi.org/10.1038/s41598-025-30487-3,Springer Science and Business Media LLC
JVL4XZIN,journalArticle,"Chereddi, H.K.; Radhika, R.",Federated Intelligence: A Privacy-Preserving Machine Learning Framework for GMP and GDP Compliance in API Supply Chains,SSRG International Journal of Electronics and Communication Engineering,2025,12,6,247–263,10.14445/23488549/IJECE-V12I6P120,,,https://www.scopus.com/pages/publications/105009776699?origin=resultslist,
JSXCMBQ8,journalArticle,"Deliktaş, Babür; Tariq, Aiman; Kurt, Gökçen; Uygur, Ahmet",Developing a Vertical Federated Machine Learning Framework for Predicting Energy Consumption in Wastewater Treatment Plants: A Case Study of Melbourne,International Journal of Environmental Research,2026,20,2,,10.1007/s41742-026-01049-w,2008-2304,,http://dx.doi.org/10.1007/s41742-026-01049-w,Springer Science and Business Media LLC
IY5XI9RZ,journalArticle,"Messaoud, S.; Bradai, A.; Ahmed, O.B.; Quang, P.T.A.; Atri, M.; Hossain, M.S.",Deep Federated Q-Learning-Based Network Slicing for Industrial IoT,IEEE Transactions on Industrial Informatics,2021,17,8,5572–5582,10.1109/TII.2020.3032165,,,https://www.scopus.com/pages/publications/85105577822?origin=resultslist,
IQ5WQ4HA,conferencePaper,"Safiullin, R.N.; Gennadievich Isavnin, A.",Investigation of the Capabilities of Artificial Intelligence in Predictive Maintenance of Technical Equipment,,2025,,,858–863,10.1109/BTS-I2C67944.2025.11399459,,,https://www.scopus.com/pages/publications/105035998019?origin=resultslist,
JPAFWCED,journalArticle,"Rana, Aryan; Gautam, Deepika; Kumar, Pankaj; Kumar, Kranti; Vasilakos, Athanasios V.; Das, Ashok Kumar; K, Vivekananda Bhat",A comprehensive review of machine learning applications for internet of nano things: challenges and future directions,Artificial Intelligence Review,2025,58,7,,10.1007/s10462-025-11211-z,1573-7462,,http://dx.doi.org/10.1007/s10462-025-11211-z,Springer Science and Business Media LLC
JACVPG4N,journalArticle,"Yousef, Abdelmawla; Ezzat, Rahma; El-Rashidy, Nora",Grey wolf optimizer and whale optimization algorithm: a systematic review,Artificial Intelligence Review,2026,59,7,,10.1007/s10462-026-11585-8,1573-7462,,http://dx.doi.org/10.1007/s10462-026-11585-8,Springer Science and Business Media LLC
JWSYF32T,journalArticle,"Pan, Xuexue; Xie, Yuanlin; Li, Chujun; He, Yingyin; Zhang, Yitong; Wang, Yilin; Li, Ziman; Peng, Peiyu; Wang, Jun",Convergence of Computational Materials Science and AI for Next-Generation Energy Storage Materials,Journal of Electronic Materials,2025,55,1,45–114,10.1007/s11664-025-12511-4,1543-186X,,http://dx.doi.org/10.1007/s11664-025-12511-4,Springer Science and Business Media LLC
JGTBTP7X,journalArticle,"Mathew, Daniel Enemona; Ebem, Deborah Uzoamaka; Ikegwu, Anayo Chukwu; Ukeoma, Pamela Eberechukwu; Dibiaezue, Ngozi Fidelia",Recent Emerging Techniques in Explainable Artificial Intelligence to Enhance the Interpretable and Understanding of AI Models for Human,Neural Processing Letters,2025,57,1,,10.1007/s11063-025-11732-2,1573-773X,,http://dx.doi.org/10.1007/s11063-025-11732-2,Springer Science and Business Media LLC
IJ7IRC3K,journalArticle,"Pang, Gu; Szliter, Małgorzata","Governing AI in operations: ethical risks, accountability mechanisms, and responsible digital operations",AI and Ethics,2026,6,4,,10.1007/s43681-026-01191-3,2730-5961,,http://dx.doi.org/10.1007/s43681-026-01191-3,Springer Science and Business Media LLC
IIL2X3FG,journalArticle,"Rahman, Arafat; Hossain, Md Sojib; Siddique, Abdullah-Bin",Review: machine learning approaches for diverse alloy systems,Journal of Materials Science,2025,60,29,12189–12221,10.1007/s10853-025-11154-4,1573-4803,,http://dx.doi.org/10.1007/s10853-025-11154-4,Springer Science and Business Media LLC
J7W999MA,journalArticle,"Houssein, Essam H.; Dirar, Mahmoud; Ali, Abdelmaged A.; Mohamed, Waleed M.; Hamed, Kadry",Advances in artificial intelligence for climate science methods applications and evaluation challenges,Discover Artificial Intelligence,2026,6,1,,10.1007/s44163-026-01262-8,2731-0809,,http://dx.doi.org/10.1007/s44163-026-01262-8,Springer Science and Business Media LLC
JXNQXSW8,journalArticle,"Askr, Heba; Elgeldawi, Enas; Aboul Ella, Heba; Elshaier, Yaseen A. M. M.; Gomaa, Mamdouh M.; Hassanien, Aboul Ella",Deep learning in drug discovery: an integrative review and future challenges,Artificial Intelligence Review,2022,56,7,5975–6037,10.1007/s10462-022-10306-1,1573-7462,,http://dx.doi.org/10.1007/s10462-022-10306-1,Springer Science and Business Media LLC
J7NJBQYZ,journalArticle,"Allam, Aya H.; Gomaa, Ibrahim; Zayed, Hala H.; Taha, Mohamed",IoT-based eHealth using blockchain technology: a survey,Cluster Computing,2024,27,6,7083–7110,10.1007/s10586-024-04357-y,1573-7543,,http://dx.doi.org/10.1007/s10586-024-04357-y,Springer Science and Business Media LLC
JRJAFGA7,journalArticle,"Zhao, Ji",LSTM-CNN hybrid model for E-commerce talent demand prediction and intelligent program optimization in vocational colleges under the double first-class initiative,Scientific Reports,2026,16,1,,10.1038/s41598-026-44954-y,2045-2322,,http://dx.doi.org/10.1038/s41598-026-44954-y,Springer Science and Business Media LLC
J5DJLIBG,journalArticle,"Xi, Dong; Nie, Vicky; Li, Wanli",Application of the LightGBM algorithm in cross-border supply chain risk management: prediction and mitigation strategy development,Scientific Reports,2026,16,1,,10.1038/s41598-026-47327-7,2045-2322,,http://dx.doi.org/10.1038/s41598-026-47327-7,Springer Science and Business Media LLC
IMYD3ZAN,journalArticle,"Vyhmeister, Eduardo; G. Castane, Gabriel",When industry meets Trustworthy AI: a systematic review of AI for Industry 5.0,AI and Ethics,2026,6,2,,10.1007/s43681-026-01026-1,2730-5961,,http://dx.doi.org/10.1007/s43681-026-01026-1,Springer Science and Business Media LLC
IM8EX3YS,journalArticle,"Tychola, Kyriaki A.; Voulgaridis, Konstantinos; Lagkas, Thomas",Tactile IoT and 5G &amp; beyond schemes as key enabling technologies for the future metaverse,Telecommunication Systems,2023,84,3,363–385,10.1007/s11235-023-01052-y,1572-9451,,http://dx.doi.org/10.1007/s11235-023-01052-y,Springer Science and Business Media LLC
JJSNYA6A,journalArticle,"Taloma, Redemptor Jr Laceda; Cuomo, Francesca; Comminiello, Danilo; Pisani, Patrizio","Machine learning for smart water distribution systems: exploring applications, challenges and future perspectives",Artificial Intelligence Review,2025,58,4,,10.1007/s10462-024-11093-7,1573-7462,,http://dx.doi.org/10.1007/s10462-024-11093-7,Springer Science and Business Media LLC
J256RTJZ,journalArticle,"Su, Guodong; Zhang, Boliang",Synergized security framework: revolutionizing wireless sensor networks through comparative methodological analysis,Scientific Reports,2025,15,1,,10.1038/s41598-025-00474-9,2045-2322,,http://dx.doi.org/10.1038/s41598-025-00474-9,Springer Science and Business Media LLC
IM9AYN8D,journalArticle,"Singh, Ashish; Chatterjee, Kakali; Satapathy, Suresh Chandra",An edge based hybrid intrusion detection framework for mobile edge computing,Complex &amp; Intelligent Systems,2021,8,5,3719–3746,10.1007/s40747-021-00498-4,2198-6053,,http://dx.doi.org/10.1007/s40747-021-00498-4,Springer Science and Business Media LLC
JJI9D242,journalArticle,"Ragab, Mahmoud; Ashary, Ehab Bahaudien; Alghamdi, Bandar M.; Aboalela, Rania; Alsaadi, Naif; Maghrabi, Louai A.; Allehaibi, Khalid H.",Advanced artificial intelligence with federated learning framework for privacy-preserving cyberthreat detection in IoT-assisted sustainable smart cities,Scientific Reports,2025,15,1,,10.1038/s41598-025-88843-2,2045-2322,,http://dx.doi.org/10.1038/s41598-025-88843-2,Springer Science and Business Media LLC
JANBBKR3,journalArticle,"Saraya, Hana M.; Saleh, Ahmed A.; Rezk, Amira",Geo-Blockchain Intelligence Risk Assessment (GBIRA) technologies for secure and sustainable internet of geospatial big data computing ecosystems: a survey,GeoJournal,2026,91,2,,10.1007/s10708-026-11569-9,1572-9893,,http://dx.doi.org/10.1007/s10708-026-11569-9,Springer Science and Business Media LLC
JX2RFI9K,journalArticle,"Prabha, M.; Nandhini, S.; Dayanidhy, M.; Pradeep, R.",Edge-AI integrated secure wireless IoT architecture for real time healthcare monitoring and federated anomaly detection,Scientific Reports,2025,16,1,,10.1038/s41598-025-30150-x,2045-2322,,http://dx.doi.org/10.1038/s41598-025-30150-x,Springer Science and Business Media LLC
JMGJCJKV,journalArticle,"Panimalar, S. P.; Gunasundari, S.",Robust federated learning for cloud environments using evolutionary optimization and blockchain,Scientific Reports,2026,16,1,,10.1038/s41598-025-34290-y,2045-2322,,http://dx.doi.org/10.1038/s41598-025-34290-y,Springer Science and Business Media LLC
IWLMJL99,journalArticle,"Perez, Rolando; Flores, WarīNkwī; Astolfi, Maria; Espinoza, Ulises J.; Zimring, Teal Brown; Fox, Keolu",Indigenizing fungal biotechnology for planetary health: an opinion paper,Fungal Biology and Biotechnology,2025,12,1,,10.1186/s40694-025-00200-0,2054-3085,,http://dx.doi.org/10.1186/s40694-025-00200-0,Springer Science and Business Media LLC
ITKK4K3D,journalArticle,"Padmavathi, V.; Saminathan, R.",A federated edge intelligence framework with trust based access control for secure and privacy preserving IoT systems,Scientific Reports,2025,15,1,,10.1038/s41598-025-19712-1,2045-2322,,http://dx.doi.org/10.1038/s41598-025-19712-1,Springer Science and Business Media LLC
IIJ67ABM,journalArticle,"Pang, Shanchen; Zheng, Jianyang; Wang, Min; Qiao, Sibo; He, Xiao; Gao, Changnan",Minimize average tasks processing time in satellite mobile edge computing systems via a deep reinforcement learning method,Journal of Cloud Computing,2023,12,1,,10.1186/s13677-023-00538-z,2192-113X,,http://dx.doi.org/10.1186/s13677-023-00538-z,Springer Science and Business Media LLC
JI93EMYV,journalArticle,"Liu, Wenhao; Ma, Jijian; Chen, Qiaojun; Qu, Hu",A power transformer residual life prediction model based on SSA-CEEMDAN-Transformer-BiGRU,Energy Informatics,2026,9,1,,10.1186/s42162-026-00634-9,2520-8942,,http://dx.doi.org/10.1186/s42162-026-00634-9,Springer Science and Business Media LLC
JFQPQGI4,journalArticle,"Mishra, Shailendra; Aldafas, Tariq Saleh M.; Alshammari, Naif S.",A zero-trust digital twin framework for privacy-preserving multi-dataset intrusion detection in industrial IoT with lightweight blockchain auditing,Scientific Reports,2026,16,1,,10.1038/s41598-026-42041-w,2045-2322,,http://dx.doi.org/10.1038/s41598-026-42041-w,Springer Science and Business Media LLC
IRZ2RWLE,journalArticle,"Maghsoudi, Mehrdad; Nourbakhsh, Reza; Kermani, Mehrdad Agha Mohammad Ali; Khanizad, Rahim",Strategic forecasting of internet of things technologies through patent social network and innovation cluster analysis,Discover Internet of Things,2025,6,1,,10.1007/s43926-025-00259-6,2730-7239,,http://dx.doi.org/10.1007/s43926-025-00259-6,Springer Science and Business Media LLC
J2JTR9MZ,journalArticle,"Kumar, Sanjeev; Deora, Sukhvinder Singh; Kumar, Tajinder; Sharma, Purushottam; Cheng, Xiaochun; Garg, Vishal",LSTM guided homomorphic encryption for threat-resistant IoT networks,Discover Computing,2025,28,1,,10.1007/s10791-025-09843-4,2948-2992,,http://dx.doi.org/10.1007/s10791-025-09843-4,Springer Science and Business Media LLC
IN3WUHRW,journalArticle,"Kamal, Mian Muhammad; Ul Abideen, Syed Zain; Sheraz, Muhammad; Khan, Habib; Hassan, Jamal N. A.; Hamid, Hamedalneel B. A.; Yinsheng, Luo; Ma, Tianjun; Samkari, Husam S.; Allehyani, Mohammed F.; Altayeb, Muneera; Chuah, Teong Chee",Energy-optimized 6G communication framework with intelligent resource allocation for massive IoT networks,Scientific Reports,2026,16,1,,10.1038/s41598-026-47110-8,2045-2322,,http://dx.doi.org/10.1038/s41598-026-47110-8,Springer Science and Business Media LLC
JAH9FDF4,journalArticle,"Hassan, Uzair; Rehman, Zia Ur; Ahmad, Ishfaq; Islam, Saif Ul",Analyzing the energy consumption of random forest and support vector machine models: paving the way for green and sustainable artificial intelligence,Discover Internet of Things,2025,5,1,,10.1007/s43926-025-00188-4,2730-7239,,http://dx.doi.org/10.1007/s43926-025-00188-4,Springer Science and Business Media LLC
J858G963,journalArticle,"Golla, Madhusudhan; Narasimhaiah, Veena Kalludi",Resilient AI-driven channel modelling for 6G-based IoV: a controller–worker CNN-LSTM approach,Journal on Wireless Communications and Networking,2026,2026,1,,10.1186/s13638-026-02583-z,3091-4531,,http://dx.doi.org/10.1186/s13638-026-02583-z,Springer Science and Business Media LLC
J6JNWEML,journalArticle,"Han, Feng; Mo, Bo",Prediction of remaining useful life for electronic equipment based on online PINN,Scientific Reports,2025,16,1,,10.1038/s41598-025-32497-7,2045-2322,,http://dx.doi.org/10.1038/s41598-025-32497-7,Springer Science and Business Media LLC
JDAIEZGM,journalArticle,"Ding, Shiyao",A dynamic scheduling framework for co-working space resources optimized by multi-agent reinforcement learning,Discover Artificial Intelligence,2026,6,1,,10.1007/s44163-026-00873-5,2731-0809,,http://dx.doi.org/10.1007/s44163-026-00873-5,Springer Science and Business Media LLC
IX2CCC4T,journalArticle,"Chen, Nan; Wang, Shichan; Liu, Jiyong; Zheng, Xiaoting; Shang, Huifang",Artificial intelligence-driven nano-enhanced stem cell therapy for neurodegenerative diseases: from rational design to clinical translation,Journal of Nanobiotechnology,2026,24,1,,10.1186/s12951-026-04154-2,1477-3155,,http://dx.doi.org/10.1186/s12951-026-04154-2,Springer Science and Business Media LLC
JIBK53T3,journalArticle,"Al-Shukaili, Naeem Ali; Kiah, Miss Laiha M.; Ahmedy, Ismail",Optimizing feature selection and deep learning techniques for precise detection of low-rate distributed denial of service (LDDoS) attack,Discover Internet of Things,2025,5,1,,10.1007/s43926-025-00182-w,2730-7239,,http://dx.doi.org/10.1007/s43926-025-00182-w,Springer Science and Business Media LLC
JHE2X293,journalArticle,"Alshammari, Abdullah",Securing smart microgrids with a novel multi-layer cybersecurity framework for Industry 4.0 renewable energy systems,Discover Computing,2025,28,1,,10.1007/s10791-025-09600-7,2948-2992,,http://dx.doi.org/10.1007/s10791-025-09600-7,Springer Science and Business Media LLC
JE426BL2,journalArticle,"Ahmed, Wafaa A. H.",Exploring blockchain technology as a governance layer for responsible artificial intelligence,AI and Ethics,2026,6,3,,10.1007/s43681-026-01192-2,2730-5961,,http://dx.doi.org/10.1007/s43681-026-01192-2,Springer Science and Business Media LLC
IV8DMPMK,conferencePaper,"Shirke, H.S.; Gavankar, N.L.",Periodic Review on Decentralized Framework in Edge Computing,,2025,,,,10.1109/ICFT66708.2025.11336553,,,https://www.scopus.com/pages/publications/105033714616?origin=resultslist,
IHS4ZSM6,journalArticle,"Ferrag, M.A.; Friha, O.; Maglaras, L.; Janicke, H.; Shu, L.","Federated Deep Learning for Cyber Security in the Internet of Things: Concepts, Applications, and Experimental Analysis",IEEE Access,2021,9,,138509–138542,10.1109/ACCESS.2021.3118642,,,https://www.scopus.com/pages/publications/85117499443?origin=resultslist,
IS9VSID7,conferencePaper,"Zhang, J.; Zheng, T.; Lu, B.; Yin, H.; Thar, K.; Gidlund, M.; Guizani, M.",Enhancing Training Efficiency for Cloud-Edge Collaboration in the Industrial Internet of Things: A Transmission-Centric Approach,,2024,,,,10.1109/INDIN58382.2024.10774270,,,https://www.scopus.com/pages/publications/85215517750?origin=resultslist,
ISMAEYHE,journalArticle,"Xia, Z.; Zhang, S.; Li, K.",IDADP: An information-driven agile framework for developing industrial AI tools based on blockchain-enabled federated learning,Future Generation Computer Systems,2026,182,,,10.1016/j.future.2026.108509,,,https://www.scopus.com/pages/publications/105034739618?origin=resultslist,
IW7JP29H,conferencePaper,"Paul, T.G.; Goodridge, W.",Privacy-Preserving Dynamic Ontology Evolution for Federated Digital Twins in Multi-Domain Applications,,2026,2026,1,214–217,10.1049/icp.2026.0525,,,https://www.scopus.com/pages/publications/105040939249?origin=resultslist,
IKEN246V,conferencePaper,"Prajwalasimha, S.N.; Shelke, N.; Jang Bahadur Saini, D.K.; Pimpalkar, A.; Kumar, G.H.; Monish, L.",Blockchain-Enabled Federated Learning for Privacy-Preserving AI,,2025,,,1536–1543,10.1109/ICISC65841.2025.11187566,,,https://www.scopus.com/pages/publications/105020931972?origin=resultslist,
JYX5HVNE,conferencePaper,"Legler, T.; Hegiste, V.; Ruskowski, M.",Seamless Integration: Sampling Strategies in Federated Learning Systems,,2024,,,148–155,10.1109/FLTA63145.2024.10840172,,,https://www.scopus.com/pages/publications/85217882744?origin=resultslist,
L3EWHFA2,journalArticle,"Allassak, N.; Trichni, S.; Omary, F.",Federated hybrid ARIMAX-LSTM for collaborative fan fault prognostics: A cement plant case study,International Journal of Advanced Manufacturing Technology,2026,,,,10.1007/s00170-025-17338-1,,,https://www.scopus.com/pages/publications/105026774544?origin=resultslist,
LAES66EL,journalArticle,"Li, Y.; Chen, Y.; Zhu, K.; Bai, C.; Zhang, J.",An Effective Federated Learning Verification Strategy and Its Applications for Fault Diagnosis in Industrial IoT Systems,IEEE Internet of Things Journal,2022,9,18,16835–16849,10.1109/JIOT.2022.3153343,,,https://www.scopus.com/pages/publications/85125330348?origin=resultslist,
LD8VWVMS,journalArticle,"Zuluaga, E.; Jaziri, S.; Tellaeche, A.; Pastor-Lopez, I.",A Practical Approach on Performance Assessment of Federated Learning Algorithms for Defect Detection in Industrial Applications,IEEE Access,2023,11,,116581–116593,10.1109/ACCESS.2023.3320766,,,https://www.scopus.com/pages/publications/85173061098?origin=resultslist,
LAPKHCDQ,journalArticle,H. R. Chi; C. K. Wu; N. -F. Huang; K. -F. Tsang; A. Radwan,A Survey of Network Automation for Industrial Internet-of-Things Toward Industry 5.0,IEEE Transactions on Industrial Informatics,2023,19,2,2065–2077,10.1109/TII.2022.3215231,1941-0050,,,
LBYVCI65,conferencePaper,N. Arora,AI-Driven Transformation in Modern Manufacturing,2026 9th International Conference on Computational Intelligence in Data Science (ICCIDS),2026,,,1–6,10.1109/ICCIDS69108.2026.11407859,,,,
LCXHHPMY,conferencePaper,"Kumar, G.H.; Raja, D.R.K.; Kumar, U.P.; Murthy, C.R.; Vidyasagar, K.N.; Eswari, V.",Privacy-Preserving Federated Learning for Equipment Failure Detection in Smart Manufacturing,,2025,,,755–761,10.1109/ICISS63372.2025.11076327,,,https://www.scopus.com/pages/publications/105012164412?origin=resultslist,
LALS26YN,journalArticle,"Gong, C.; Ma, M.; Zeng, L.; Yang, Y.; Wu, L.",Green HERO: Energy-Efficient Hierarchical Federated Learning with Client Association in Industrial IoT,IEEE Internet of Things Magazine,2024,7,5,30–36,10.1109/IOTM.001.2400033,,,https://www.scopus.com/pages/publications/85202299170?origin=resultslist,
LDN2IEA9,journalArticle,"Kalapaaking, A.P.; Khalil, I.; Atiquzzaman, M.",Blockchain-Enabled and Multisignature-Powered Verifiable Model for Securing Federated Learning Systems,IEEE Internet of Things Journal,2023,10,24,21410–21420,10.1109/JIOT.2023.3289832,,,https://www.scopus.com/pages/publications/85163431049?origin=resultslist,
K4TP4AR3,journalArticle,"Cao, Jiaqi",Intelligent computing architectures for sustainable large-scale IoT ecosystems enabling AI-driven industrial transformation,Discover Internet of Things,2026,6,1,,10.1007/s43926-026-00325-7,2730-7239,,http://dx.doi.org/10.1007/s43926-026-00325-7,Springer Science and Business Media LLC
KCSYKKR2,conferencePaper,"Zellinger, W.; Wieser, V.; Kumar, M.; Brunner, D.; Shepeleva, N.; Gálvez, R.; Langer, J.; Fischer, L.; Moser, B.",Beyond federated learning: On confidentiality-critical machine learning applications in industry,,2021,180,,734–743,10.1016/j.procs.2021.01.296,,,https://www.scopus.com/pages/publications/85101782432?origin=resultslist,
KHC3SWUI,journalArticle,"Wang, Chunling",High precision mechanical hybrid control of industrial robots driven by multimodal perception fusion,Journal of Engineering and Applied Science,2026,73,1,,10.1186/s44147-026-01026-2,2536-9512,,http://dx.doi.org/10.1186/s44147-026-01026-2,Springer Science and Business Media LLC
KJBIIXUQ,journalArticle,"Tudorache, Leonard; Babur, Önder; Lucas, Sandra S.; van den Brand, Mark",Current approaches to digital twins in additive manufacturing: a systematic literature review,Progress in Additive Manufacturing,2025,10,12,10819–10853,10.1007/s40964-025-01262-7,2363-9520,,http://dx.doi.org/10.1007/s40964-025-01262-7,Springer Science and Business Media LLC
K7B764R4,journalArticle,"Tiwari, Ashutosh; Widodo; Krisnawati, Dyah Ika; Tzou, Kai-Yi; Kuo, Tsung-Rong",Machine learning for extracellular vesicles enables diagnostic and therapeutic nanobiotechnology,Journal of Nanobiotechnology,2026,24,1,,10.1186/s12951-025-03952-4,1477-3155,,http://dx.doi.org/10.1186/s12951-025-03952-4,Springer Science and Business Media LLC
L4PZECUB,journalArticle,"Mohammadi, Navid; Heidary Dahooie, Jalil; Bengari, Amir Ali; Rahimi, Arash",Mapping the technological evolution of generative AI: a patent network analysis,Scientific Reports,2025,15,1,,10.1038/s41598-025-26810-7,2045-2322,,http://dx.doi.org/10.1038/s41598-025-26810-7,Springer Science and Business Media LLC
KV8REWN3,journalArticle,"Kuzlu, Murat; Fair, Corinne; Guler, Ozgur",Role of Artificial Intelligence in the Internet of Things (IoT) cybersecurity,Discover Internet of Things,2021,1,1,,10.1007/s43926-020-00001-4,2730-7239,,http://dx.doi.org/10.1007/s43926-020-00001-4,Springer Science and Business Media LLC
KQE56EP9,journalArticle,"Rahujo, Anmol; Atif, Daniya; Inam, Syed Azeem; Khan, Abdullah Ayub; Ullah, Sajid",A survey on the applications of transfer learning to enhance the performance of large language models in healthcare systems,Discover Artificial Intelligence,2025,5,1,,10.1007/s44163-025-00339-0,2731-0809,,http://dx.doi.org/10.1007/s44163-025-00339-0,Springer Science and Business Media LLC
KYTRAX79,journalArticle,"Hasan, Mohammad Kamrul; Hasan, Md Mehedi; Al-Qirim, Nabeel; Abdullah, Siti Norul Huda Sheikh; Islam, Shayla; Razzaque, Md Abdur",Review on data privacy and security for IoT-based multifunctional layers of cyber-physical systems in smart grids,Journal on Information Security,2026,2026,1,,10.1186/s13635-026-00225-x,3091-4515,,http://dx.doi.org/10.1186/s13635-026-00225-x,Springer Science and Business Media LLC
KJJXW9L9,journalArticle,"Dai, Shuang; Meng, Fanlin",Addressing modern and practical challenges in machine learning: a survey of online federated and transfer learning,Applied Intelligence,2022,53,9,11045–11072,10.1007/s10489-022-04065-3,1573-7497,,http://dx.doi.org/10.1007/s10489-022-04065-3,Springer Science and Business Media LLC
JZTSGQIH,journalArticle,"Khan, Abdullah Ayub; Laghari, Asif Ali; Inam, Syed Azeem; Ullah, Sajid; Shahzad, Muhammad; Syed, Darakhshan","A survey on multimedia-enabled deepfake detection: state-of-the-art tools and techniques, emerging trends, current challenges &amp; limitations, and future directions",Discover Computing,2025,28,1,,10.1007/s10791-025-09550-0,2948-2992,,http://dx.doi.org/10.1007/s10791-025-09550-0,Springer Science and Business Media LLC
L6E4YHZD,journalArticle,"Weber, Michael; Beutter, Moritz; Weking, Jörg; Böhm, Markus; Krcmar, Helmut",AI Startup Business Models: Key Characteristics and Directions for Entrepreneurship Research,Business &amp; Information Systems Engineering,2021,64,1,91–109,10.1007/s12599-021-00732-w,1867-0202,,http://dx.doi.org/10.1007/s12599-021-00732-w,Springer Science and Business Media LLC
L4AVS8SL,journalArticle,"Wild, Graham; Nanyonga, Aziida; Iqbal, Anam; Bano, Shehar; Somerville, Alexander; Pollock, Luke",Lightweight and mobile artificial intelligence and immersive technologies in aviation,"Visual Computing for Industry, Biomedicine, and Art",2025,8,1,,10.1186/s42492-025-00203-z,2524-4442,,http://dx.doi.org/10.1186/s42492-025-00203-z,Springer Science and Business Media LLC
KP8GILKD,journalArticle,"Wen, Shao-Fang; Shukla, Ankur; Katt, Basel",Artificial intelligence for system security assurance: A systematic literature review,International Journal of Information Security,2024,24,1,,10.1007/s10207-024-00959-0,1615-5270,,http://dx.doi.org/10.1007/s10207-024-00959-0,Springer Science and Business Media LLC
JXP85HJJ,journalArticle,"Vishnoi, Susheela; Kumar, Sunil; Samanta, Saikat",Hybrid IoT-CAD system: optimized feature selection based gated recurrent residual deep learning for cyber attack detection in IoT networks,Discover Internet of Things,2025,5,1,,10.1007/s43926-025-00190-w,2730-7239,,http://dx.doi.org/10.1007/s43926-025-00190-w,Springer Science and Business Media LLC
L9BWDJ5G,journalArticle,"Tolah, Alaa",BlockIntelChain: a blockchain-based cyber threat intelligence sharing architecture,Scientific Reports,2025,16,1,,10.1038/s41598-025-29152-6,2045-2322,,http://dx.doi.org/10.1038/s41598-025-29152-6,Springer Science and Business Media LLC
KY5VYWQK,journalArticle,"Shen, Shiying; Qi, Wenhao; Liu, Xin; Zeng, Jianwen; Li, Sixie; Zhu, Xiaohong; Dong, Chaoqun; Wang, Bin; Shi, Yankai; Yao, Jiani; Wang, Bingsheng; Jing, Louxia; Cao, Shihua; Liang, Guanmian",From virtual to reality: innovative practices of digital twins in tumor therapy,Journal of Translational Medicine,2025,23,1,,10.1186/s12967-025-06371-z,1479-5876,,http://dx.doi.org/10.1186/s12967-025-06371-z,Springer Science and Business Media LLC
L9X9N9G7,journalArticle,"Naser, Shimaa; Alhussein, Omar; Muhaidat, Sami",Towards multi-modal and cross-modal integration in LiFi-based sensing,Scientific Reports,2026,16,1,,10.1038/s41598-026-36891-7,2045-2322,,http://dx.doi.org/10.1038/s41598-026-36891-7,Springer Science and Business Media LLC
JZ2LZYXS,journalArticle,"Neelima, Sadineni; Sree, S. Rama; Ramakrishnaiah, N.",DRLO-VANET: a deep reinforcement learning-based offloading framework for low-latency and energy-efficient task execution in VANETs,Scientific Reports,2026,16,1,,10.1038/s41598-026-46336-w,2045-2322,,http://dx.doi.org/10.1038/s41598-026-46336-w,Springer Science and Business Media LLC
LDIFL45I,journalArticle,"Li, Yu; Liu, Huamin; Lu, Lei",Construction of evolutionary stability and signal game model for privacy protection in the internet of things,Scientific Reports,2025,15,1,,10.1038/s41598-025-08836-z,2045-2322,,http://dx.doi.org/10.1038/s41598-025-08836-z,Springer Science and Business Media LLC
L7JN6S94,journalArticle,"Linardos, Akis; Willem, Theresa; Buyx, Alena; Hossain, Showkot; Jung, Taeho; Makris, Dimitrios; Bakas, Spyridon",Consentful-by-design: a perspective on safeguarding data ownership from generative AI leveraging lessons from the healthcare domain,AI &amp; SOCIETY,2026,41,5,4529–4541,10.1007/s00146-025-02817-6,1435-5655,,http://dx.doi.org/10.1007/s00146-025-02817-6,Springer Science and Business Media LLC
KQ7SDPRP,journalArticle,"Mohan, Gowthami; Shanmugavel, Thanga Ramya",ADeepCRF: real-time threat detection in IoT network using blockchain-based advanced proof of authority and adaptive deep conditional random fields,Scientific Reports,2026,16,1,,10.1038/s41598-026-45701-z,2045-2322,,http://dx.doi.org/10.1038/s41598-026-45701-z,Springer Science and Business Media LLC
L3FD3P4N,journalArticle,"Khan, Maryam Mahsal; Alkhathami, Mohammed",Anomaly detection in IoT-based healthcare: machine learning for enhanced security,Scientific Reports,2024,14,1,,10.1038/s41598-024-56126-x,2045-2322,,http://dx.doi.org/10.1038/s41598-024-56126-x,Springer Science and Business Media LLC
KKKWCN4P,journalArticle,"Khalil, Heba M.; Elrefaiy, Ahmed; Elbaz, Mostafa; Loey, Mohamed",Enhanced cybersecurity threat detection using novel tri-metaheuristic loss functions in generative adversarial networks with adaptive attention preservation for network traffic augmentation,Scientific Reports,2026,16,1,,10.1038/s41598-026-46375-3,2045-2322,,http://dx.doi.org/10.1038/s41598-026-46375-3,Springer Science and Business Media LLC
KNQ7H2TB,journalArticle,"Hady, Mohamad A.; Hu, Siyi; Pratama, Mahardhika; Cao, Zehong; Kowalczyk, Ryszard",Multi-agent reinforcement learning for resources allocation optimization: a survey,Artificial Intelligence Review,2025,58,11,,10.1007/s10462-025-11340-5,1573-7462,,http://dx.doi.org/10.1007/s10462-025-11340-5,Springer Science and Business Media LLC
KMYRAFP6,journalArticle,"Jaiswal, Nikita; Kumar, T. Vijay; Shukla, Chitra","Smart drip irrigation systems using IoT: a review of architectures, machine learning models, and emerging trends",Discover Agriculture,2025,3,1,,10.1007/s44279-025-00430-1,2731-9598,,http://dx.doi.org/10.1007/s44279-025-00430-1,Springer Science and Business Media LLC
KXNLBZUW,journalArticle,"Chopra, Garima; Ahmed, Suhaib","Ris-assisted integrated sensing and communication: applications, challenges and usecase scenario",Discover Applied Sciences,2025,7,7,,10.1007/s42452-025-07098-8,3004-9261,,http://dx.doi.org/10.1007/s42452-025-07098-8,Springer Science and Business Media LLC
L7VAH36R,journalArticle,"Burr, Christopher David; Qian, Shuang; Winter, Peter; Chico, Tim; Rangel Smith, Camila; Wagg, David; Niederer, Steven Alexander","Realising the digital twin: a thematic review and analysis of the ethical, legal, and social issues for digital twins in healthcare",AI &amp; SOCIETY,2026,41,5,5243–5267,10.1007/s00146-025-02833-6,1435-5655,,http://dx.doi.org/10.1007/s00146-025-02833-6,Springer Science and Business Media LLC
KGJNY25U,journalArticle,"Chaudhary, Himani; Sharma, Geetanjali; Nishad, D. K.; Khalid, Saifullah",AI-enhanced modelling of queueing and scheduling systems in cloud computing,Discover Applied Sciences,2025,7,4,,10.1007/s42452-025-06755-2,3004-9261,,http://dx.doi.org/10.1007/s42452-025-06755-2,Springer Science and Business Media LLC
KFS4QA6S,journalArticle,"Chen, Dongqing; Ma, Chaoqun; Zhang, Liwei; Li, Lijie",Unraveling the role of data sharing in open finance diffusion: an evolutionary game approach on complex networks,Future Business Journal,2025,11,1,,10.1186/s43093-025-00522-w,2314-7210,,http://dx.doi.org/10.1186/s43093-025-00522-w,Springer Science and Business Media LLC
KFD9PL8Q,journalArticle,"ChandraUmakantham, OmKumar; Ravi, Krithiga; Marappan, Suguna; Gajendran, Sudhakaran",Decentralized federated deep Q-learning for IoMT security: leveraging MK-VQFHE and blockchain with IPFS,Scientific Reports,2026,16,1,,10.1038/s41598-025-13519-w,2045-2322,,http://dx.doi.org/10.1038/s41598-025-13519-w,Springer Science and Business Media LLC
LBLLVA2B,journalArticle,"Almeida, Fernando; Okon, Edet","Assessing the impact of high-performance computing on digital transformation: benefits, challenges, and size-dependent differences",The Journal of Supercomputing,2025,81,6,,10.1007/s11227-025-07281-z,1573-0484,,http://dx.doi.org/10.1007/s11227-025-07281-z,Springer Science and Business Media LLC
L82G8LWD,journalArticle,"Ali, Umar; Li, Junxiang; Zulfiqar, Usman; Salam, Kamran B. A.; Ali, Rifaqat; Siddique, Imran; Saqib, Ihsanullah; Zulqarnain, Rana Muhammad",Decision support model for blockchain adoption using EDAS technique in the complex q-rung orthopair fuzzy structure,Scientific Reports,2025,15,1,,10.1038/s41598-025-05971-5,2045-2322,,http://dx.doi.org/10.1038/s41598-025-05971-5,Springer Science and Business Media LLC
KNG9QAKH,journalArticle,"Alkhalifa, Amal K.; Aljebreen, Mohammed; Alanazi, Rakan; Ahmad, Nazir; Alrusaini, Othman; Aljehane, Nojood O.; Alqazzaz, Ali; Alkhiri, Hassan",Leveraging hybrid deep learning with starfish optimization algorithm based secure mechanism for intelligent edge computing in smart cities environment,Scientific Reports,2025,15,1,,10.1038/s41598-025-11608-4,2045-2322,,http://dx.doi.org/10.1038/s41598-025-11608-4,Springer Science and Business Media LLC
KBLK6WLE,journalArticle,"Alam, Asad; Umer, Asif; Ullah, Insaf; Alsayat, Ahmed",AI-enabled cybersecurity framework for future 5G wireless infrastructures,Scientific Reports,2026,16,1,,10.1038/s41598-026-37444-8,2045-2322,,http://dx.doi.org/10.1038/s41598-026-37444-8,Springer Science and Business Media LLC
KTEYXQRC,conferencePaper,"Rahmani Choubeh, N.; Quadrini, W.; Syed, D.A.; Zanetti, R.; Marguglio, A.; Fumagalli, L.",Reference Architecture to Exploit Data as a Product Through the Cloud-Edge Continuum,,2025,78,,193–206,10.1007/978-3-032-00118-4_11,,,https://www.scopus.com/pages/publications/105019231134?origin=resultslist,
KPZGRUWM,conferencePaper,"Cherradi, H.; Elasri, A.; Lamrani, D.; Hamida, S.; Cherradi, B.; Rebbani, A.",Modeling in Industry 4.0: Key Tools and Techniques for Optimization,,2025,,,,10.1109/IRASET64571.2025.11008046,,,https://www.scopus.com/pages/publications/105007808526?origin=resultslist,
K8224HQ4,journalArticle,"Gunckel, P.V.; Lobos, G.; Rodríguez, F.K.; Bustos, R.M.; Godoy, D.",Methodology proposal for the development of failure prediction models applied to conveyor belts of mining material using machine learning,Reliability Engineering and System Safety,2025,256,,,10.1016/j.ress.2024.110709,,,https://www.scopus.com/pages/publications/85211240216?origin=resultslist,
K5MV8AYM,journalArticle,"Zhang, Z.J.; Bakar, A.; Humphry, A.; Javid, F.; Nadeau, P.; Ebrahimi, M.; Butscher, A.; Tessier, A.; Rodriguez, J.; Farhat, C.",Probabilistic learning from real-world observations of systems with unknown inputs for model-form UQ and digital twinning,Computer Methods in Applied Mechanics and Engineering,2025,440,,,10.1016/j.cma.2025.117863,,,https://www.scopus.com/pages/publications/105000060478?origin=resultslist,
K2L6JC8P,journalArticle,"Ma, R.; Shi, H.; Gao, H.; Guan, H.; Iqbal, M.; Mumtaz, S.",CFedDT: Cross-Domain Federated Learning in Digital Twins for Metaverse Consumer Electronic Products,IEEE Transactions on Consumer Electronics,2024,70,1,3167–3182,10.1109/TCE.2023.3327010,,,https://www.scopus.com/pages/publications/85176374344?origin=resultslist,
KA5WNPVJ,journalArticle,"Hafi, H.; Brik, B.; Frangoudis, P.A.; Ksentini, A.; Bagaa, M.","Split Federated Learning for 6G Enabled-Networks: Requirements, Challenges, and Future Directions",IEEE Access,2024,12,,9890–9930,10.1109/ACCESS.2024.3351600,,,https://www.scopus.com/pages/publications/85182386354?origin=resultslist,
LEASQ8FC,journalArticle,"Escorcia, Y.C.; Sabirov, S.; Saydullayev, B.; Umarov, A.; Atamuratova, Z.; Alsayah, A.M.; Tulekov, Y.",Privacy-Preserving Federated Learning for Predictive Maintenance in Smart Manufacturing Networks,International Journal of Industrial Engineering and Management,2025,16,3,296–315,10.24867/IJIEM-390,,,https://www.scopus.com/pages/publications/105017331163?origin=resultslist,
LPZTKZUU,conferencePaper,"Becker, S.; Styp-Rekowski, K.; Stoll, O.V.L.; Kao, O.",Federated Learning for Autoencoder-based Condition Monitoring in the Industrial Internet of Things,,2022,,,5424–5433,10.1109/BigData55660.2022.10020836,,,https://www.scopus.com/pages/publications/85147945464?origin=resultslist,
M27C2PDQ,journalArticle,"Li, A.; Liu, J.",FedCOT: Personalized Federated Transfer Learning With Conditional Optimal Transport for Manufacturing Predictive Modeling,IEEE Transactions on Automation Science and Engineering,2026,23,,6363–6382,10.1109/TASE.2026.3673201,,,https://www.scopus.com/pages/publications/105032777232?origin=resultslist,
MA95VWAA,journalArticle,"Ranathunga, T.; McGibney, A.; Bharti, S.",Enabling secure and self-sovereign machine learning model exchange in manufacturing data spaces,Journal of Industrial Information Integration,2024,42,,,10.1016/j.jii.2024.100733,,,https://www.scopus.com/pages/publications/85210127266?origin=resultslist,
LMVWWDU9,journalArticle,"Takele, Atallo Kassaw; Villányi, Balázs",Efficient clustered federated learning for Industrial Internet of Things: enhancing predictive performance and training time,Discover Computing,2025,28,1,,10.1007/s10791-025-09535-z,2948-2992,,http://dx.doi.org/10.1007/s10791-025-09535-z,Springer Science and Business Media LLC
M9CW2CQI,journalArticle,"Padmavathi, V.; Kanimozhi, R.; Saminathan, R.",Digital twin driven smart factories: real time physics based co-simulation using edge a.i. and federated learning,Scientific Reports,2025,15,1,,10.1038/s41598-025-28466-9,2045-2322,,http://dx.doi.org/10.1038/s41598-025-28466-9,Springer Science and Business Media LLC
MDZZWX6Z,conferencePaper,H. K. H. C; B. T. G,Context-Aware Federated DRL Enabled Efficient Bandwidth Allocation for Multimodal Data in Industry 4.0,"2025 Third International Conference on Networks, Multimedia and Information Technology (NMITCON)",2025,,,1–8,10.1109/NMITCON65824.2025.11187821,,,,
M6EDK3ZM,conferencePaper,X. Hu; X. Chu; H. Hong; W. Guo; T. Wu; J. Li,Research on the Application of Blockchain Consensus Mechanisms in Federated Learning for Privacy Protection,"2024 International Conference on Industrial IoT, Big Data and Supply Chain (IIoTBDSC)",2024,,,364–368,10.1109/IIoTBDSC64371.2024.00072,,,,
MM63P6HL,conferencePaper,M. Törngren; H. Thompson; E. Herzog; R. Inam; J. Gross; G. Dán,Industrial Edge-based Cyber-Physical Systems - Application Needs and Concerns for Realization,2021 IEEE/ACM Symposium on Edge Computing (SEC),2021,,,409–415,10.1145/3453142.3493507,,,,
MNI4XJYY,conferencePaper,S. He; Q. Li; Z. Li; Y. Zhao,Spatiotemporal-Aware Edge Resource Allocation via Prediction-Decision Co-Optimization,2025 IEEE 45th International Conference on Distributed Computing Systems Workshops (ICDCSW),2025,,,600–605,10.1109/ICDCSW63273.2025.00113,,2332-5666,,
M7L2ZL3H,journalArticle,"Qiu, Xinchi; Parcollet, Titouan; Fernandez-Marques, Javier; Gusmao, Pedro P. B.; Gao, Yan; Beutel, Daniel J.; Topal, Taner; Mathur, Akhil; Lane, Nicholas D.",A first look into the carbon footprint of federated learning,J. Mach. Learn. Res.,2023,24,1,,,1532-4435,,,JMLR.org
MJ3YDRLB,journalArticle,"Takele, A.K.; Villányi, B.",Resource-Efficient Clustered Federated Learning Framework for Industry 4.0 Edge Devices,AI (Switzerland),2025,6,2,,10.3390/ai6020030,,,https://www.scopus.com/pages/publications/85218874497?origin=resultslist,
MAIWMJBD,conferencePaper,"Gkillas, A.; Lalos, A.S.",Missing Data Imputation for Multivariate Time series in Industrial IoT: A Federated Learning Approach,,2022,2022-July,,87–94,10.1109/INDIN51773.2022.9976093,,,https://www.scopus.com/pages/publications/85145780904?origin=resultslist,
MHVQX4VY,conferencePaper,"Colombi, L.; Caro, E.D.; Dahdal, S.; Poltronieri, F.; Tabanelli, F.; Tortonesi, M.; Stefanelli, C.; Vignoli, M.",FedEdge-Learn: a Semi-Supervised Federated Learning Framework for Industry 5.0,,2025,,,,10.1109/ISCC65549.2025.11326181,,,https://www.scopus.com/pages/publications/105032752306?origin=resultslist,
LDVWU726,journalArticle,"Li, G.; Lei, H.; Liu, F.; Li, L.; Jin, H.",AEPPFL: Accurate and Efficient Privacy Protection Federal Learning in Industrial IoT,IEEE Internet of Things Journal,2025,12,14,27193–27205,10.1109/JIOT.2025.3562064,,,https://www.scopus.com/pages/publications/105003113315?origin=resultslist,
LR7BG7ET,journalArticle,"Narang, N.K.",Mentor's Musings on Federated Learning Standardization Imperatives in Leveraging It for Industrial IoT,IEEE Internet of Things Magazine,2024,7,5,4–10,10.1109/MIOT.2024.10644021,,,https://www.scopus.com/pages/publications/85203876001?origin=resultslist,
MH382U2B,journalArticle,"Taha, Kamal","Big Data Analytics in IoT, social media, NLP, and information security: trends, challenges, and applications",Journal of Big Data,2025,12,1,,10.1186/s40537-025-01192-9,2196-1115,,http://dx.doi.org/10.1186/s40537-025-01192-9,Springer Science and Business Media LLC
LRFYPWWP,journalArticle,"Yang, Wencheng; Wang, Song; Wu, Di; Cai, Taotao; Zhu, Yanming; Wei, Shicheng; Zhang, Yiying; Yang, Xu; Tang, Zhaohui; Li, Yan",Deep learning model inversion attacks and defenses: a comprehensive survey,Artificial Intelligence Review,2025,58,8,,10.1007/s10462-025-11248-0,1573-7462,,http://dx.doi.org/10.1007/s10462-025-11248-0,Springer Science and Business Media LLC
MES45PWI,journalArticle,"Kossek, Magdalena; Stefanovic, Margareta",Survey of Recent Results in Privacy-Preserving Mechanisms for Multi-Agent Systems,Journal of Intelligent &amp; Robotic Systems,2024,110,3,,10.1007/s10846-024-02161-9,1573-0409,,http://dx.doi.org/10.1007/s10846-024-02161-9,Springer Science and Business Media LLC
M5RAYWMD,journalArticle,"Pokhrel, Shiva Raj",Learning from data streams for automation and orchestration of 6G industrial IoT: toward a semantic communication framework,Neural Computing and Applications,2022,34,18,15197–15206,10.1007/s00521-022-07065-z,1433-3058,,http://dx.doi.org/10.1007/s00521-022-07065-z,Springer Science and Business Media LLC
LT4HG282,journalArticle,"Li, Chuanjiang; Li, Shaobo; Feng, Yixiong; Gryllias, Konstantinos; Gu, Fengshou; Pecht, Michael",Small data challenges for intelligent prognostics and health management: a review,Artificial Intelligence Review,2024,57,8,,10.1007/s10462-024-10820-4,1573-7462,,http://dx.doi.org/10.1007/s10462-024-10820-4,Springer Science and Business Media LLC
LLVMGWBY,journalArticle,"Ma, Xiaozhi; Du, Wenbo; Li, Lingyue; Liu, Jing; Yuan, Hongping",Examining the nexus of blockchain technology and digital twins: Bibliometric evidence and research trends,Frontiers of Engineering Management,2024,11,3,481–500,10.1007/s42524-024-0306-4,2096-0255,,http://dx.doi.org/10.1007/s42524-024-0306-4,Springer Science and Business Media LLC
LFMCF5FW,journalArticle,"Liu, Yunhao; Liu, Li; Zheng, Yawen; Liu, Yunhuai; Dang, Fan; Li, Ningbo; Ma, Ke",Embodied navigation,Science China Information Sciences,2025,68,4,,10.1007/s11432-024-4303-8,1869-1919,,http://dx.doi.org/10.1007/s11432-024-4303-8,Springer Science and Business Media LLC
MQ2L36SA,journalArticle,"Ghafari, Reyhane; Mansouri, Najme",Swarm intelligence techniques and their applications in fog/edge computing: an in-depth review,Artificial Intelligence Review,2025,58,11,,10.1007/s10462-025-11351-2,1573-7462,,http://dx.doi.org/10.1007/s10462-025-11351-2,Springer Science and Business Media LLC
MBDIUVPA,journalArticle,"He, Xinlei; Xu, Guowen; Han, Xingshuo; Wang, Qian; Zhao, Lingchen; Shen, Chao; Lin, Chenhao; Zhao, Zhengyu; Li, Qian; Yang, Le; Ji, Shouling; Li, Shaofeng; Zhu, Haojin; Wang, Zhibo; Zheng, Rui; Zhu, Tianqing; Li, Qi; He, Chaoxiang; Wang, Qifan; Hu, Hongsheng; Wang, Shuo; Sun, Shi-Feng; Yao, Hongwei; Qin, Zhan; Chen, Kai; Zhao, Yue; Li, Hongwei; Huang, Xinyi; Feng, Dengguo",Artificial intelligence security and privacy: a survey,Science China Information Sciences,2025,68,8,,10.1007/s11432-025-4388-5,1869-1919,,http://dx.doi.org/10.1007/s11432-025-4388-5,Springer Science and Business Media LLC
M5JZ8JLU,journalArticle,"Guilianno, Fossong; Okengwu, Kingsley Onyekwere; Okengwu, Ugochi Adaku",A systematic review of cognitive computing for reservoir characterisation and exploration optimisation,Discover Environment,2026,4,1,,10.1007/s44274-026-00797-y,2731-9431,,http://dx.doi.org/10.1007/s44274-026-00797-y,Springer Science and Business Media LLC
M2QUFEEW,journalArticle,"Berberi, Lisana; Kozlov, Valentin; Nguyen, Giang; Sáinz-Pardo Díaz, Judith; Calatrava, Amanda; Moltó, Germán; Tran, Viet; López García, Álvaro",Machine learning operations landscape: platforms and tools,Artificial Intelligence Review,2025,58,6,,10.1007/s10462-025-11164-3,1573-7462,,http://dx.doi.org/10.1007/s10462-025-11164-3,Springer Science and Business Media LLC
MHI5LAMT,journalArticle,"Zappatore, Marco",Incorporating Collaborative and Active Learning Strategies in the Design and Deployment of a Master Course on Computer-Assisted Scientific Translation,"Technology, Knowledge and Learning",2023,29,1,253–308,10.1007/s10758-023-09679-1,2211-1670,,http://dx.doi.org/10.1007/s10758-023-09679-1,Springer Science and Business Media LLC
LUMLN9V5,journalArticle,"Yu, Xiaomo; Tang, Ling; Mi, Jie; Long, Long; Qin, Xiao; Li, Xiuming; Mo, Qinglian",NF-MORL: a neuro-fuzzy multi-objective reinforcement learning framework for task scheduling in fog computing environments,Scientific Reports,2025,16,1,,10.1038/s41598-025-32235-z,2045-2322,,http://dx.doi.org/10.1038/s41598-025-32235-z,Springer Science and Business Media LLC
LSJ79APX,journalArticle,"Xie, Jihong; Wu, Gui; Zhou, Xiang; Deng, Shanshan",Future perspectives on internet of vehicles resource management: digital twin-enabled edge computing frameworks,Journal of Engineering and Applied Science,2025,72,1,,10.1186/s44147-025-00692-y,2536-9512,,http://dx.doi.org/10.1186/s44147-025-00692-y,Springer Science and Business Media LLC
MMFKALJY,journalArticle,"Sivaselvan, N.; Bhat, K. Vivekananda; Rajarajan, Muttukrishnan; Das, Ashok Kumar; Rodrigues, Joel J. P. C.",SUACC-IoT: secure unified authentication and access control system based on capability for IoT,Cluster Computing,2022,26,4,2409–2428,10.1007/s10586-022-03733-w,1573-7543,,http://dx.doi.org/10.1007/s10586-022-03733-w,Springer Science and Business Media LLC
MJZLX69C,journalArticle,"Sun, Feifei",Performance evaluation of sustainable supply chain management based on deep reinforcement learning,Discover Artificial Intelligence,2026,6,1,,10.1007/s44163-026-01054-0,2731-0809,,http://dx.doi.org/10.1007/s44163-026-01054-0,Springer Science and Business Media LLC
M4FX3CAV,journalArticle,"Sahu, Dinesh; Nidhi; Prakash, Shiv; Pandey, Vivek Kumar; Yang, Tiansheng; Rathore, Rajkumar Singh; Wang, Lu",Edge assisted energy optimization for mobile AR applications for enhanced battery life and performance,Scientific Reports,2025,15,1,,10.1038/s41598-025-93731-w,2045-2322,,http://dx.doi.org/10.1038/s41598-025-93731-w,Springer Science and Business Media LLC
MCQNE5TP,journalArticle,"Pan, Long; Li, Hong; Li, Xifeng; Bi, Dongjie; Peng, Libiao; Xie, Yongle",Hierarchical multi-attention neural networks for sensor fault diagnosis and mitigation in digital twins,Scientific Reports,2026,16,1,,10.1038/s41598-026-42046-5,2045-2322,,http://dx.doi.org/10.1038/s41598-026-42046-5,Springer Science and Business Media LLC
M2C2J24C,journalArticle,"Nithyanantham, D.; Nair, Akhil; Nayak, Usha Y.",Leveraging Artificial Intelligence for Advancements in Liquid Dosage Formulations in the Pharmaceutical Industry,Therapeutic Innovation &amp; Regulatory Science,2025,59,5,1004–1031,10.1007/s43441-025-00823-w,2168-4804,,http://dx.doi.org/10.1007/s43441-025-00823-w,Springer Science and Business Media LLC
LUMV28VD,journalArticle,"Liu, Fei; Liu, ZhiLi; Liu, XiaoHong; Zhou, Hua",Scalable hybrid framework for real time and non real time task scheduling in fog computing using federated reinforcement learning and PSO GA,Scientific Reports,2025,15,1,,10.1038/s41598-025-22218-5,2045-2322,,http://dx.doi.org/10.1038/s41598-025-22218-5,Springer Science and Business Media LLC
LKVYAJIX,journalArticle,"Liu, Hong; Zhang, Shulei; Li, Li; Sun, Tingting; Xue, Wei; Yao, Xiaoxia; Xu, Yong",Computing power network dynamic resource scheduling integrating time series mixing dynamic state estimation and hierarchical reinforcement learning,Scientific Reports,2026,16,1,,10.1038/s41598-025-32753-w,2045-2322,,http://dx.doi.org/10.1038/s41598-025-32753-w,Springer Science and Business Media LLC
MCGZY3UQ,journalArticle,"Kafou, Asmaa; Alzubi, Ahmad; Oz, Tolga",Supply chain risk prediction using elite attentive foraging optimized incremental distributed learning based deep gradient boosting model,Discover Computing,2025,28,1,,10.1007/s10791-025-09625-y,2948-2992,,http://dx.doi.org/10.1007/s10791-025-09625-y,Springer Science and Business Media LLC
LNT9XW4K,bookSection,"Komnick, David; Lammers, Kathrin; Hammer, Barbara; Vaquet, Valerie; Hinder, Fabian",Causal Explanation of Concept Drift – A Truly Actionable Approach,Machine Learning and Principles and Practice of Knowledge Discovery in Databases,2026,,,396–412,10.1007/978-3-032-19105-2_28,1865-0937,978-3-032-19105-2,http://dx.doi.org/10.1007/978-3-032-19105-2_28,Springer Nature Switzerland
LR3DWNZL,journalArticle,"Gesmann-Nuissl, Dagmar; Tacke, Ines; Olschewski, Bianca","ELSA for the Smart City: Ethical, Legal, and Social Technologization of Homes, Cities, and Societies Through Standardized ELSA-Assessment—A Legal Point of View",Digital Society,2024,3,3,,10.1007/s44206-024-00153-8,2731-4669,,http://dx.doi.org/10.1007/s44206-024-00153-8,Springer Science and Business Media LLC
MC2IMSHZ,journalArticle,"Egwuche, Ojonukpe S.; Greeff, Japie; Ezugwu, Absalom E.",A comprehensive review of machine learning and deep learning applications for intelligent data processing in the Internet of Things and wireless sensor networks,Discover Applied Sciences,2026,8,5,,10.1007/s42452-026-08445-z,3004-9261,,http://dx.doi.org/10.1007/s42452-026-08445-z,Springer Science and Business Media LLC
LW6NIFR2,journalArticle,"Feng, Qinglin",Emotionally consistent music melody generation algorithm integrating prompt perception and hyper-network optimization,Scientific Reports,2025,15,1,,10.1038/s41598-025-21571-9,2045-2322,,http://dx.doi.org/10.1038/s41598-025-21571-9,Springer Science and Business Media LLC
MLQR329J,bookSection,"Chen, Si; Zhang, Bin",Impact of Risk Factors in Supply Chain on Prefabricated Buildings Under Artificial Intelligence,"Proceedings of the 7th International Conference on Knowledge Innovation and Invention, Volume 1",2025,,,195–206,10.1007/978-981-95-2113-5_21,1876-1119,9789819521135,http://dx.doi.org/10.1007/978-981-95-2113-5_21,Springer Nature Singapore
MP8649CQ,journalArticle,"Almeida, Paulo R. L.; Lima, Thyago L. V.; Brito, Alisson V.; Filho, Abel C. Lima",Validated chaos theory for robust bearing fault diagnosis,Journal of the Brazilian Society of Mechanical Sciences and Engineering,2026,48,4,,10.1007/s40430-026-06390-x,1806-3691,,http://dx.doi.org/10.1007/s40430-026-06390-x,Springer Science and Business Media LLC
LVB8SGCY,journalArticle,"Alkılınç, Ahmet; Yıldırım Okay, Feyza; Kök, İbrahim; Özdemir, Suat","A comprehensive survey on federated semi-supervised learning: applications, challenges, and future directions",Cluster Computing,2026,29,4,,10.1007/s10586-026-06028-6,1573-7543,,http://dx.doi.org/10.1007/s10586-026-06028-6,Springer Science and Business Media LLC
M7IFHIDX,journalArticle,"Jamil, S.; Ur Rahman, M.","A Comprehensive Survey of Digital Twins and Federated Learning for Industrial Internet of Things (IIoT), Internet of Learning for Industrial Internet of Things (IIoT), Internet of Vehicles (IoV) and Internetofof Drones (IoD)",Applied System Innovation,2022,5,3,,10.3390/asi5030056,,,https://www.scopus.com/pages/publications/85135570203?origin=resultslist,
MNMYW5ZI,journalArticle,"Zhang, C.; Cui, L.; Yu, S.; Yu, J.J.Q.",A Communication-Efficient Federated Learning Scheme for IoT-Based Traffic Forecasting,IEEE Internet of Things Journal,2022,9,14,11918–11931,10.1109/JIOT.2021.3132363,,,https://www.scopus.com/pages/publications/85120893120?origin=resultslist,
LDS5I5JE,journalArticle,"Saxena, D.; Singh, A.K.",A Self-Healing and Fault-Tolerant Cloud-Based Digital Twin Processing Management Model,IEEE Transactions on Industrial Informatics,2025,21,5,4233–4242,10.1109/TII.2025.3540498,,,https://www.scopus.com/pages/publications/85218904658?origin=resultslist,
MLTZN3XF,journalArticle,"Sindhusaranya, B.; Yamini, R.; Manimekalai, M.A.P.; Geetha, K.",Federated Learning and Blockchain-Enabled Privacy-Preserving Healthcare 5.0 System: A Comprehensive Approach to Fraud Prevention and Security in IoMT,Journal of Internet Services and Information Security,2023,13,4,199–209,10.58346/JISIS.2023.I4.014,,,https://www.scopus.com/pages/publications/85178903770?origin=resultslist,
LX8PIA3H,journalArticle,"Alsamhi, S.H.; Myrzashova, R.; Hawbani, A.; Kumar, S.; Srivastava, S.; Zhao, L.; Wei, X.; Guizan, M.; Curry, E.",Federated Learning Meets Blockchain in Decentralized Data Sharing: Healthcare Use Case,IEEE Internet of Things Journal,2024,11,11,19602–19615,10.1109/JIOT.2024.3367249,,,https://www.scopus.com/pages/publications/85186070349?origin=resultslist,
PJEXMRHW,journalArticle,Z. Zhang; Y. Cao; D. Li; W. Hu; J. Wang,Intelligent Robots for Mass Personalization: A Cloud-Edge-Terminal Collaborative Mechanism for Deep Learning Models,IEEE Access,2026,14,,31215–31227,10.1109/ACCESS.2026.3659479,2169-3536,,,
N9W36BET,journalArticle,"Olowe, Michael; Prioli, Joao Paulo Jacomini; Parupelli, Santosh Kumar; Desai, Salil",Towards scalable intelligence at the edge: a multi-agent framework for quality assurance in additive manufacturing,Journal of Intelligent Manufacturing,2026,,,,10.1007/s10845-026-02844-0,1572-8145,,http://dx.doi.org/10.1007/s10845-026-02844-0,Springer Science and Business Media LLC
NU9MU4PM,bookSection,"Hegiste, Vinit; Legler, Tatjana; Ruskowski, Martin",Collaborative Learning in Shared Production Environment Using Federated Image Classification,Advances in Artificial Intelligence in Manufacturing II,2025,,,98–106,10.1007/978-3-031-86489-6_11,2195-4364,978-3-031-86489-6,http://dx.doi.org/10.1007/978-3-031-86489-6_11,Springer Nature Switzerland
PJJYGTBR,conferencePaper,"Dear, J.; Jindal, A.",Task Offloading and Federated Learning Framework for Edge-Enabled Sustainable IIoT Networks,,2025,,,,10.1109/ANTS66931.2025.11429817,,,https://www.scopus.com/pages/publications/105036549180?origin=resultslist,
PILG5GYI,conferencePaper,"Kumar, H.; Khera, H.; Agrawal, K.K.",Federated Learning for De-centralized Self-Healing in Edge-IoT Networks,,2025,,,,10.1109/IC366947.2025.11290214,,,https://www.scopus.com/pages/publications/105032184594?origin=resultslist,
PFKYBHRX,journalArticle,S. Luo; P. Zhang; X. Song; P. Fan; H. Xing; L. Luo; H. Yu,Domain-Specific Transport Protocols for In-Network Processing at the Edge: A Case Study of Accelerating Model Synchronization,IEEE Transactions on Mobile Computing,2025,24,8,7663–7679,10.1109/TMC.2025.3552220,1558-0660,,,
PCKAGHR4,journalArticle,C. -W. Ching; X. Chen; T. Kim; J. -J. Kuo; D. Da Silva; L. Hu,Totoro+: An Adaptive and Scalable Edge Federated Learning System,IEEE Transactions on Parallel and Distributed Systems,2026,37,7,1740–1757,10.1109/TPDS.2026.3696917,1558-2183,,,
NXGU8WAK,journalArticle,"Alsayat, A.; Alamro, H.; Abaker, M.; Abunadi, I.; Alharbi, S.; Aljaafari, M.; Althobaiti, T.; Alghamdi, B.M.",Vulnerability Assessment of AI-Based Privacy Mechanisms in Industrial IoT Consumer Systems,IEEE Transactions on Consumer Electronics,2026,72,2,4654–4662,10.1109/TCE.2026.3664285,,,https://www.scopus.com/pages/publications/105030067342?origin=resultslist,
P7QY6FND,conferencePaper,"Gowsalya, S.; Devi, T.; Deepa, N.",Federated Edge-Cloud Hybrid Deep Learning Architecture for Privacy-Preserving Fault Prediction in Industrial IoT Systems,,2026,,,223–230,10.1109/ICMLAS67792.2026.11483669,,,https://www.scopus.com/pages/publications/105038751410?origin=resultslist,
P94R7L9S,conferencePaper,"Kasturi, A.; Vishwamithra, S.; Hota, C.",Communication Efficient Distributed Learning Using Variational Auto Encoders,,2022,,,744–748,10.1109/COMSNETS53615.2022.9668564,,,https://www.scopus.com/pages/publications/85125175655?origin=resultslist,
NUGE4ZPV,conferencePaper,"Zaman, S.; Talukder, S.; Hossain, M.Z.; Puppala, S.M.T.; Imteaj, A.",Towards Communication-Efficient Federated Learning Through Particle Swarm Optimization and Knowledge Distillation,,2024,,,510–518,10.1109/COMPSAC61105.2024.00075,,,https://www.scopus.com/pages/publications/85204090361?origin=resultslist,
N7NK9WKJ,journalArticle,"Renfei, C.; Zhongwen, L.",Industrial defect detection for data privacy and domain differences: Based on federated learning and unsupervised domain adaptation,Expert Systems with Applications,2026,310,,,10.1016/j.eswa.2026.131265,,,https://www.scopus.com/pages/publications/105034483700?origin=resultslist,
NA7FRTMW,journalArticle,"Lakoju, Mike; Javed, Amir; Rana, Omer; Burnap, Pete; Atiba, Samuelson T.; Cherkaoui, Soumaya",“Chatty Devices” and edge-based activity classification,Discover Internet of Things,2021,1,1,,10.1007/s43926-021-00004-9,2730-7239,,http://dx.doi.org/10.1007/s43926-021-00004-9,Springer Science and Business Media LLC
N5JPVDCW,journalArticle,"Yang, Q.; Xu, W.; Wang, T.; Wang, H.; Wu, X.; Cao, B.; Zhang, S.",Blockchain-Based Decentralized Federated Learning with On-Chain Model Aggregation and Incentive Mechanism for Industrial IoT,IEEE Open Journal of the Communications Society,2024,5,,6420–6429,10.1109/OJCOMS.2024.3471621,,,https://www.scopus.com/pages/publications/85205762851?origin=resultslist,
MYWW5B3B,conferencePaper,"Sun, Q.; Wu, C.; Ren, T.; Liu, Y.; Zhao, P.; Guo, Y.",Research on the Design and Implementation of Intelligent Procurement System Based on Big Data Analysis,,2025,,,,10.1109/ICEC2NT65402.2025.11380060,,,https://www.scopus.com/pages/publications/105041766859?origin=resultslist,
MWZWT473,journalArticle,"Chen, Y.; He, S.; Wang, B.; Duan, P.; Zhang, B.; Hong, Z.; Ping, Y.",Cryptanalysis and Improvement of DeepPAR: Privacy-Preserving and Asynchronous Deep Learning for Industrial IoT,IEEE Internet of Things Journal,2022,9,21,21958–21970,10.1109/JIOT.2022.3181665,,,https://www.scopus.com/pages/publications/85132711799?origin=resultslist,
MZYE4BCX,conferencePaper,"Arazzi, M.; Sciarroni, M.M.; Nicolazzo, S.; Nocera, A.; Storti, E.",Securing IoE Environments with Semantic Data Stream Analysis and Behavioral Fingerprinting,,2025,,,,10.1109/ETFA65518.2025.11205645,,,https://www.scopus.com/pages/publications/105021838403?origin=resultslist,
MYIIFHLQ,journalArticle,"Wang, Peng Edward; Ghassemi-Armaki, Hassan; Pour, Masoud; Zhao, Xijia; Ma, Junjie; Sattari, Kianoosh; Carlson, Blair",Applicable and generalizable machine learning for intelligent welding in automotive manufacturing,Welding in the World,2025,69,5,1349–1384,10.1007/s40194-025-01951-5,1878-6669,,http://dx.doi.org/10.1007/s40194-025-01951-5,Springer Science and Business Media LLC
NUVJ2AWJ,journalArticle,"Zaman, Saqlain; Mahmud, Md Shahjahan; Mollick, Ali Akber; Lhaden, Tenzin; Dantzler, Joshua; Arroyo, Sabina; Goona, Nithin K.; Mesbah, Maisha; Ahsan, Md. Ariful; Lin, Yirong","Artificial intelligence in additive Manufacturing: advances in smart materials, lattice optimization, and process intelligence",The International Journal of Advanced Manufacturing Technology,2026,144,5-6,3115–3169,10.1007/s00170-026-18072-y,1433-3015,,http://dx.doi.org/10.1007/s00170-026-18072-y,Springer Science and Business Media LLC
MQ5T68WJ,journalArticle,"Homayouni, S. Mahdi; Pinho de Sousa, Jorge; Moreira Marques, Catarina",Unlocking the potential of digital twins to achieve sustainability in seaports: the state of practice and future outlook,WMU Journal of Maritime Affairs,2024,24,1,59–98,10.1007/s13437-024-00349-2,1654-1642,,http://dx.doi.org/10.1007/s13437-024-00349-2,Springer Science and Business Media LLC
NQ8YJVID,journalArticle,"Bazzan, Ana L. C.",Artificial Intelligence in Transportation: A Meta Review,SN Computer Science,2026,7,2,,10.1007/s42979-025-04530-z,2661-8907,,http://dx.doi.org/10.1007/s42979-025-04530-z,Springer Science and Business Media LLC
NBN2QXSN,journalArticle,"Aparcana-Tasayco, Andres J.; Deng, Xianjun; Park, Jong Hyuk",A systematic review of anomaly detection in IoT security: towards quantum machine learning approach,EPJ Quantum Technology,2025,12,1,,10.1140/epjqt/s40507-025-00414-6,2196-0763,,http://dx.doi.org/10.1140/epjqt/s40507-025-00414-6,Springer Science and Business Media LLC
NQLHFQWL,journalArticle,"Zhang, Chang; Yang, Shunkun; Mao, Lingfeng; Ning, Huansheng",Anomaly detection and defense techniques in federated learning: a comprehensive review,Artificial Intelligence Review,2024,57,6,,10.1007/s10462-024-10796-1,1573-7462,,http://dx.doi.org/10.1007/s10462-024-10796-1,Springer Science and Business Media LLC
NJUNS8CB,journalArticle,"Yuvarani, R.; Mahaveerakannan, R.; Thanarajan, Tamilvizhi; Kartheesan, L.",Energy-aware cluster head optimization and secure blockchain integration for heterogeneous 6G-enabled IoMT networks,Scientific Reports,2025,15,1,,10.1038/s41598-025-15462-2,2045-2322,,http://dx.doi.org/10.1038/s41598-025-15462-2,Springer Science and Business Media LLC
N3NW2283,journalArticle,"Zhang, Qianqian; Lu, Yao; Li, Yuanzhe",A blockchain-integrated multi-scale convolutional network for accurate recognition and secure tracking of high-difficulty movements in aerobics training,Scientific Reports,2026,16,1,,10.1038/s41598-026-43794-0,2045-2322,,http://dx.doi.org/10.1038/s41598-026-43794-0,Springer Science and Business Media LLC
PGKGX5E5,bookSection,"Valdez, Wilson; Baniata, Hamza; Markus, Andras; Kertesz, Attila",Towards a Simulation as a Service Platform for the Cloud-to-Things Continuum,Euro-Par 2023: Parallel Processing Workshops,2024,,,65–75,10.1007/978-3-031-48803-0_6,1611-3349,978-3-031-48803-0,http://dx.doi.org/10.1007/978-3-031-48803-0_6,Springer Nature Switzerland
NWR5DHMU,journalArticle,"Xie, Ruiping",Deep learning-based enterprise operation forecasting and green production optimization under the BRI,Discover Artificial Intelligence,2025,6,1,,10.1007/s44163-025-00755-2,2731-0809,,http://dx.doi.org/10.1007/s44163-025-00755-2,Springer Science and Business Media LLC
N4DVQJRU,journalArticle,"Sharma, Kanta Prasad; Nagpal, Tapsi; Vora, Tarak; Yadav, Anupam; Abdullah, Muhammad Irsyad; Jayaprakash, B.; Kashyap, Aditya; Sridevi, G.; Bhowmik, A.; Bukate, Bethelehem Burju",Interpretable intrusion detection for IoT environments using a self-attention-based explainable AI framework,Scientific Reports,2025,15,1,,10.1038/s41598-025-23750-0,2045-2322,,http://dx.doi.org/10.1038/s41598-025-23750-0,Springer Science and Business Media LLC
MUYYET5W,journalArticle,"Tsegaye, Shewit; Sanjeevikumar, P.",Impact of artificial intelligence-driven digital twins and lean six sigma-assisted power system asset management on long-term investment planning,Scientific Reports,2026,16,1,,10.1038/s41598-026-44347-1,2045-2322,,http://dx.doi.org/10.1038/s41598-026-44347-1,Springer Science and Business Media LLC
PGGVUIHY,journalArticle,"Sabir, Laiba; Javaid, Nadeem; Akbar, Mariam; Alrajeh, Nabil; Hussain Bouk, Safdar; Aldegheishem, Abdulaziz",DeepSecure: a novel deep learning model for effective detection of attacks on big data in Internet of Urban Things,Journal of Big Data,2025,12,1,,10.1186/s40537-025-01329-w,2196-1115,,http://dx.doi.org/10.1186/s40537-025-01329-w,Springer Science and Business Media LLC
P2L32YK8,journalArticle,"Rashid, Aqsa; Ahmad, Raja Wasim; Nachouki, Mirna; Khan, Atta Ur Rehman",Enhancing fruit supply chain traceability through blockchain and cryptographic protocols for achieving UN sustainable development goals,Scientific Reports,2026,16,1,,10.1038/s41598-026-37534-7,2045-2322,,http://dx.doi.org/10.1038/s41598-026-37534-7,Springer Science and Business Media LLC
NASEER7C,journalArticle,"Savaş, Serkan",An explainable multi-modal fusion framework for robust detection and classification of GNSS jamming attacks in critical infrastructures,International Journal of Information Security,2026,25,3,,10.1007/s10207-026-01267-5,1615-5270,,http://dx.doi.org/10.1007/s10207-026-01267-5,Springer Science and Business Media LLC
PEK8DPBG,journalArticle,"Narsimhulu, Bommineni; Kumar, T. Sampath",A hybrid RL–GA–LSTM–AE framework for energy-aware and SLA-driven task scheduling in cloud computing environments,Scientific Reports,2026,16,1,,10.1038/s41598-026-43108-4,2045-2322,,http://dx.doi.org/10.1038/s41598-026-43108-4,Springer Science and Business Media LLC
PAMYGH6K,journalArticle,"Neerukonda, RatnaKumari; Hariharan, B.",Privacy preserving hierarchical graph federated learning for intelligent task scheduling in edge cloud networks,Discover Computing,2026,29,1,,10.1007/s10791-026-10081-5,2948-2992,,http://dx.doi.org/10.1007/s10791-026-10081-5,Springer Science and Business Media LLC
NCVGLSYS,journalArticle,"Okuno, Mayumi J.; Okuno, Hiroshi G.",Legal frameworks for AI service business participants: a comparative analysis of liability protection across jurisdictions,AI &amp; SOCIETY,2025,40,7,5667–5683,10.1007/s00146-025-02288-9,1435-5655,,http://dx.doi.org/10.1007/s00146-025-02288-9,Springer Science and Business Media LLC
N7EVWCKJ,journalArticle,"Pimsarn, Chutipon; Boongoen, Tossapon; Iam-On, Natthakan; Naik, Nitin; Yang, Longzhi",Strengthening intrusion detection system for adversarial attacks: improved handling of imbalance classification problem,Complex &amp; Intelligent Systems,2022,8,6,4863–4880,10.1007/s40747-022-00739-0,2198-6053,,http://dx.doi.org/10.1007/s40747-022-00739-0,Springer Science and Business Media LLC
N3I7H2XP,journalArticle,"Nawaz, Mamoona; Tahira, Shireen; Shah, Dilawar; Ali, Shujaat; Tahir, Muhammad",Lightweight machine learning framework for efficient DDoS attack detection in IoT networks,Scientific Reports,2025,15,1,,10.1038/s41598-025-10092-0,2045-2322,,http://dx.doi.org/10.1038/s41598-025-10092-0,Springer Science and Business Media LLC
NLGQ46YJ,journalArticle,"Meng, Qingzhen",Privacy-preserving predictive maintenance method for cross-border unmanned logistics system integrating federated learning and blockchain,Discover Applied Sciences,2025,8,1,,10.1007/s42452-025-07980-5,3004-9261,,http://dx.doi.org/10.1007/s42452-025-07980-5,Springer Science and Business Media LLC
NKUICI4J,journalArticle,"Karamyshev, A.; Levitsky, I.; Khorov, E.","Towards Wi-Fi 9: Vision, Requirements, and Candidate Technologies",Problems of Information Transmission,2025,61,4,383–406,10.1134/s0032946025040040,1608-3253,,http://dx.doi.org/10.1134/S0032946025040040,Pleiades Publishing Ltd
MZES5LJ3,journalArticle,"Keshireddy, Srikanth Reddy; Jamithireddy, Nagendra Harish; Jamithireddy, Naren Swamy; Sappa, Ankita; Vandrangi, Seshu Kumar; Emani, Sampath; Velidi, Gurunadh",Combustion performance prediction in oil and gas plants using integrated neural network models and SAP S4HANA sensor analytics,Scientific Reports,2026,16,1,,10.1038/s41598-026-35364-1,2045-2322,,http://dx.doi.org/10.1038/s41598-026-35364-1,Springer Science and Business Media LLC
MSLL2NLZ,journalArticle,"Kovtun, Viacheslav",Adaptive information-constrained mapping for feature compression in edge AI and federated systems,Scientific Reports,2025,15,1,,10.1038/s41598-025-16604-2,2045-2322,,http://dx.doi.org/10.1038/s41598-025-16604-2,Springer Science and Business Media LLC
PKM2QFBB,journalArticle,"Dutta, Monica; Gupta, Deepali; Khullar, Vikas; Juneja, Sapna; Alroobaea, Roobaea; Sapra, Pooja",Hybrid pre trained model based feature extraction for enhanced indoor scene classification in federated learning environments,Scientific Reports,2025,15,1,,10.1038/s41598-025-16673-3,2045-2322,,http://dx.doi.org/10.1038/s41598-025-16673-3,Springer Science and Business Media LLC
P235GS8Y,journalArticle,"Chen, Yijia; Duan, Fei; Zhao, Yuhui; Han, Tailin; Hu, Jun; Liu, Xuan; Chen, Jialin; Bai, Dong",Efficient face information encryption and verification scheme based on full homomorphic encryption,Scientific Reports,2025,15,1,,10.1038/s41598-025-95383-2,2045-2322,,http://dx.doi.org/10.1038/s41598-025-95383-2,Springer Science and Business Media LLC
MUGAG6YI,journalArticle,"Abbas, Aun; Salahuddin, Muqaddas; Khan, Muhammad Zohaib; Khan, Abdullah Ayub; Zaman, Fahim Uz; Inam, Syed Azeem; Aldehim, Ghadah; Mazhar, Tehseen; Khan, Muhammad Amir",Machine learning-based hybrid technique to enhance cyber-attack perspective,Journal of Cloud Computing,2025,14,1,,10.1186/s13677-025-00782-5,2192-113X,,http://dx.doi.org/10.1186/s13677-025-00782-5,Springer Science and Business Media LLC
MTSKXLAE,journalArticle,"Acaro Chacón, Ximena Carolina; Lo Scudo, Fabrizio; Cappuccino, Gregorio; Dodaro, Carmine",RecyBat24: a dataset for detecting lithium-ion batteries in electronic waste disposal,Scientific Data,2025,12,1,,10.1038/s41597-025-05211-5,2052-4463,,http://dx.doi.org/10.1038/s41597-025-05211-5,Springer Science and Business Media LLC
NH5DB6CT,conferencePaper,"Yuwono, S.; Löppenberg, M.; Schwung, A.; Schwung, D.",Gradient-based Learning in State-based Potential Games for Self-Learning Production Systems,,2024,,,,10.1109/IECON55916.2024.10905619,,,https://www.scopus.com/pages/publications/105000920522?origin=resultslist,
N8IZ2XSD,conferencePaper,"Medojević, M.; Tošić, M.; Bajić, B.; Rikalović, A.",Edge AI for Industry 5.0: Challenges and Opportunities,,2026,1621 LNNS,,63–77,10.1007/978-3-032-04890-5_6,,,https://www.scopus.com/pages/publications/105031560655?origin=resultslist,
PI6IYEED,journalArticle,"Chen, J.; Xue, J.; Wang, Y.; Huang, L.; Baker, T.; Zhou, Z.",Privacy-Preserving and Traceable Federated Learning for data sharing in industrial IoT applications,Expert Systems with Applications,2023,213,,,10.1016/j.eswa.2022.119036,,,https://www.scopus.com/pages/publications/85140744086?origin=resultslist,
P6FKKB2Y,conferencePaper,"Deepak Kumar, K.; Senthil Pandi, S.; Monisha, T.V.; Nikesh, K.",Optimizing Inventory using Ensemble Learning Algorithms in Manufacturing Environment,,2024,,,,10.1109/ICRISST59181.2024.10921835,,,https://www.scopus.com/pages/publications/105001661647?origin=resultslist,
N9UZRNJY,conferencePaper,"Behrendt, F.; Wollert, T.; Schmidtke, N.; Weigert, D.",Meeting the Complexity of Industrial Requirements - Digital Learning Platform for Innovative Application Domains,,2024,1104 LNNS,,388–399,10.1007/978-3-031-68628-3_37,,,https://www.scopus.com/pages/publications/85203147883?origin=resultslist,
QQN955LQ,journalArticle,"Huong, T.T.; Bac, T.P.; Long, D.M.; Luong, T.D.; Dan, N.M.; Quang, L.A.; Cong, L.T.; Thang, B.D.; Tran, K.P.",Detecting cyberattacks using anomaly detection in industrial control systems: A Federated Learning approach,Computers in Industry,2021,132,,,10.1016/j.compind.2021.103509,,,https://www.scopus.com/pages/publications/85110479052?origin=resultslist,
R2QC5BMH,conferencePaper,"Vadivel, R.; Sharhrah, S.; Rajeswari, P.; John Peter, K.; Ramesh Kumar, V.",Artificital Intelligence-Assisted Blockchain-Software Defined Cloud-Based Secure Data Exchange in Industrial IoT Frameworks,,2025,,,,10.1109/ICDSNS65743.2025.11168671,,,https://www.scopus.com/pages/publications/105019062456?origin=resultslist,
QGYTH8VR,journalArticle,"Niu, F.; Sarkar, A.; Manna, S.; Chatterjee, S.; Noorwali, A.; Othman, K.M.",Differential privacy-enabled federated learning for secure neural synchronization in protecting industrial data streams,Cluster Computing,2025,28,8,,10.1007/s10586-025-05609-1,,,https://www.scopus.com/pages/publications/105013662520?origin=resultslist,
Q7U7B9HG,journalArticle,G. Ma; M. Hu; X. Wang; H. Li; Y. Bian; K. Zhu; D. Wu,Joint Partial Offloading and Resource Allocation for Vehicular Federated Learning Tasks,IEEE Transactions on Intelligent Transportation Systems,2024,25,8,8444–8459,10.1109/TITS.2024.3393529,1558-0016,,,
PRGFIX2A,journalArticle,"Wu, Y.; Mendis, G.J.; Wei, J.",DDLPF: A Practical Decentralized Deep Learning Paradigm for Internet-of-Things Applications,IEEE Internet of Things Journal,2021,8,12,9740–9752,10.1109/JIOT.2020.3033482,,,https://www.scopus.com/pages/publications/85107494218?origin=resultslist,
PY4Z5TI8,conferencePaper,F. Aburub; M. Al-Remawi; R. Abdel-Rahem; F. Al-Akayleh; A. S. A. Ali Agha,Federated Learning as a Governance-Aligned Intelligence Paradigm for Pharmaceutical Manufacturing and Research,2026 2nd International Conference on Computational Intelligence Approaches and Applications (ICCIAA),2026,,,1–6,10.1109/ICCIAA68481.2026.11543818,,,,
Q4V348RR,journalArticle,"Wang, Ran; Xu, Cheng; Zhang, Shuhao; Ye, Fangwen; Tang, Yusen; Tang, Sisui; Zhang, Hangning; Du, Wendi; Zhang, Xiaotong",MatSwarm: trusted swarm transfer learning driven materials computation for secure big data sharing,Nature Communications,2024,15,1,,10.1038/s41467-024-53431-x,2041-1723,,http://dx.doi.org/10.1038/s41467-024-53431-x,Springer Science and Business Media LLC
QNWGDMG3,journalArticle,"Xu, Yiwen; Khan, Tariq M.; Song, Yang; Meijering, Erik",Edge deep learning in computer vision and medical diagnostics: a comprehensive survey,Artificial Intelligence Review,2025,58,3,,10.1007/s10462-024-11033-5,1573-7462,,http://dx.doi.org/10.1007/s10462-024-11033-5,Springer Science and Business Media LLC
QFXN36E2,journalArticle,"Veith, Eric M. S. P.; Nieße, Astrid; Lehnhoff, Sebastian",AI in the Energy Sector: An Editorial Survey,KI - Künstliche Intelligenz,2026,40,1,5–15,10.1007/s13218-026-00903-5,1610-1987,,http://dx.doi.org/10.1007/s13218-026-00903-5,Springer Science and Business Media LLC
QC42ERYB,journalArticle,"Saeed, Ali; A. Khan, Muazzam; Akram, Usman; J. Obidallah, Waeal; Jawed, Soyiba; Ahmad, Awais",Deep learning based approaches for intelligent industrial machinery health management and fault diagnosis in resource-constrained environments,Scientific Reports,2025,15,1,,10.1038/s41598-024-79151-2,2045-2322,,http://dx.doi.org/10.1038/s41598-024-79151-2,Springer Science and Business Media LLC
QTLJJVET,journalArticle,"Li, Zhuo; Yan, Yuhao; Wang, Xiangheng; Ge, Yifei; Meng, Lin",A survey of deep learning for industrial visual anomaly detection,Artificial Intelligence Review,2025,58,9,,10.1007/s10462-025-11287-7,1573-7462,,http://dx.doi.org/10.1007/s10462-025-11287-7,Springer Science and Business Media LLC
Q8IYTE8N,journalArticle,"Patil, Chinmay V.; Trikal, Shivshankar P.; Shahade, Aniket K.",A taxonomy of artificial intelligence techniques for machining parameter optimization,"Multiscale and Multidisciplinary Modeling, Experiments and Design",2026,9,1,,10.1007/s41939-026-01239-1,2520-8179,,http://dx.doi.org/10.1007/s41939-026-01239-1,Springer Science and Business Media LLC
Q2UHE2RX,journalArticle,"Patil, Deepa Ashok; G., Shyamala","A comprehensive survey on securing the social internet of things: protocols, threat mitigation, technological integrations, tools, and performance metrics",Scientific Reports,2025,15,1,,10.1038/s41598-025-23865-4,2045-2322,,http://dx.doi.org/10.1038/s41598-025-23865-4,Springer Science and Business Media LLC
QUZFV828,journalArticle,"Hsu, Chou-Yi; Askar, Shavan; Alshkarchy, Samer Saleem; Nayak, Priya Priyadarshini; Attabi, Kassem A. L.; Khan, Mohammad Ahmar; Mayan, J. Albert; Sharma, M. K.; Islomov, Sarvar; Soleimani Samarkhazan, Hamed",AI-driven multi-omics integration in precision oncology: bridging the data deluge to clinical decisions,Clinical and Experimental Medicine,2025,26,1,,10.1007/s10238-025-01965-9,1591-9528,,http://dx.doi.org/10.1007/s10238-025-01965-9,Springer Science and Business Media LLC
QRYQWPZT,journalArticle,"Chung, K. T.; Lee, C. K. M.; Tsang, Y. P.",Neural combinatorial optimization with reinforcement learning in industrial engineering: a survey,Artificial Intelligence Review,2025,58,5,,10.1007/s10462-024-11045-1,1573-7462,,http://dx.doi.org/10.1007/s10462-024-11045-1,Springer Science and Business Media LLC
QRKPIAXR,journalArticle,"Cheong, Ben Chester",Leveraging blockchain for enhanced transparency and traceability in sustainable supply chains,Discover Analytics,2025,3,1,,10.1007/s44257-025-00032-7,2731-8117,,http://dx.doi.org/10.1007/s44257-025-00032-7,Springer Science and Business Media LLC
Q7NI2PPT,journalArticle,"Gowda, H. D. Supreetha; Raju, Hemaraju; Kumar, V. G. Pradeep; Bharat, P. B.; Suresha, B.; Bhat, Subraya Krishna",A review of recent machine learning advances for predicting and optimizing mechanical and tribological properties of fiber-reinforced thermoset polymer nanocomposites,Discover Applied Sciences,2026,8,6,,10.1007/s42452-026-08663-5,3004-9261,,http://dx.doi.org/10.1007/s42452-026-08663-5,Springer Science and Business Media LLC
PMZTGIA7,journalArticle,"Cao, Yang; Xiang, Haolong; Zhang, Hang; Zhu, Ye; Ting, Kai Ming",Anomaly Detection Based on Isolation Mechanisms: A Survey,Machine Intelligence Research,2025,22,5,849–865,10.1007/s11633-025-1554-4,2731-5398,,http://dx.doi.org/10.1007/s11633-025-1554-4,Springer Science and Business Media LLC
QLYWTRUZ,journalArticle,"Arshad, Qurat-ul-Ain; Khan, Wazir Zada; Azam, Faisal; Khan, Muhammad Khurram; Yu, Heejung; Zikria, Yousaf Bin","Blockchain-based decentralized trust management in IoT: systems, requirements and challenges",Complex &amp; Intelligent Systems,2023,9,6,6155–6176,10.1007/s40747-023-01058-8,2198-6053,,http://dx.doi.org/10.1007/s40747-023-01058-8,Springer Science and Business Media LLC
QHRPZNJN,journalArticle,"Alsabah, Muntadher; Naser, Marwah Abdulrazzaq; Albahri, A. S.; Albahri, O. S.; Alamoodi, A. H.; Abdulhussain, Sadiq H.; Alzubaidi, Laith","A comprehensive review on key technologies toward smart healthcare systems based IoT: technical aspects, challenges and future directions",Artificial Intelligence Review,2025,58,11,,10.1007/s10462-025-11342-3,1573-7462,,http://dx.doi.org/10.1007/s10462-025-11342-3,Springer Science and Business Media LLC
PQB4JSN9,journalArticle,"Aarti; Gowroju, Swathi; Ansarullah, Syed Immamul",A comprehensive review of developments and challenges in the 6G internet of things,Discover Networks,2025,1,1,,10.1007/s44354-025-00013-y,3004-9792,,http://dx.doi.org/10.1007/s44354-025-00013-y,Springer Science and Business Media LLC
QTKYUQA3,journalArticle,"Yao, Zhiguang; Zhao, Haocheng; Wang, Yanhui; Xu, Chenghao",Industrial robot transmission components cross-machines fault diagnosis via fault intrinsic representation and channel self-healing under sensor failure,Scientific Reports,2026,16,1,,10.1038/s41598-026-47066-9,2045-2322,,http://dx.doi.org/10.1038/s41598-026-47066-9,Springer Science and Business Media LLC
QVSWM9HH,journalArticle,"Yin, Xueli; Zhang, Xuguang; Pei, Luyao; Hu, Rong; Ye, Kaihui; Cai, Kangkang",Optimization and benefit evaluation model of a cloud computing-based platform for power enterprises,Scientific Reports,2025,15,1,,10.1038/s41598-025-10314-5,2045-2322,,http://dx.doi.org/10.1038/s41598-025-10314-5,Springer Science and Business Media LLC
PQHYFN3B,journalArticle,"Zhang, Ruining; Wang, Jian; Liu, Chanjuan; Su, Kaile; Ishibuchi, Hisao; Jin, Yaochu",Synergistic integration of metaheuristics and machine learning: latest advances and emerging trends,Artificial Intelligence Review,2025,58,9,,10.1007/s10462-025-11266-y,1573-7462,,http://dx.doi.org/10.1007/s10462-025-11266-y,Springer Science and Business Media LLC
QY8S4GQ6,journalArticle,"Weinzierl, Sven; Zilker, Sandra; Liessmann, Annina; Käppel, Martin; Wang, Weixin; Matzner, Martin",From Source to Target: Leveraging Transfer Learning for Predictive Process Monitoring in Organizations,Business &amp; Information Systems Engineering,2025,,,,10.1007/s12599-025-00969-9,1867-0202,,http://dx.doi.org/10.1007/s12599-025-00969-9,Springer Science and Business Media LLC
QT4HI7D7,journalArticle,"Sungheetha, Akey; R., Rajesh Sharma; Balusamy, Balamurugan; Mapari, Shrikant; Karthik, P.; Yogarayan, Sumendra",Biologically inspired neuromorphic-XAI synergy for transparent and low-carbon healthcare intelligence,Scientific Reports,2026,16,1,,10.1038/s41598-026-39515-2,2045-2322,,http://dx.doi.org/10.1038/s41598-026-39515-2,Springer Science and Business Media LLC
R464EQAX,journalArticle,"Rong, Guoping; Xu, Yangchen; Tong, Xinxin; Fan, Haojun",An edge-cloud collaborative computing platform for building AIoT applications efficiently,Journal of Cloud Computing,2021,10,1,,10.1186/s13677-021-00250-w,2192-113X,,http://dx.doi.org/10.1186/s13677-021-00250-w,Springer Science and Business Media LLC
PNQP4AWD,journalArticle,"Ranpara, Ripal; Patel, Shobhit K.; Kumar, Om Prakash; Al-Zahrani, Fahad Ahmed",A computational framework for IoT security integrating deep learning-based semantic algorithms for real-time threat response,Scientific Reports,2025,15,1,,10.1038/s41598-025-93898-2,2045-2322,,http://dx.doi.org/10.1038/s41598-025-93898-2,Springer Science and Business Media LLC
QXF7SHQW,journalArticle,"Poma, Alvaro; Sojo, Antonio; Maza, Ivan; Ollero, Anibal",Ground Control Station for Multi-UAV Systems in Infrastructure Inspection and Environmental Monitoring Applications,Journal of Intelligent &amp; Robotic Systems,2025,111,4,,10.1007/s10846-025-02312-6,1573-0409,,http://dx.doi.org/10.1007/s10846-025-02312-6,Springer Science and Business Media LLC
QWA8Q9E4,journalArticle,"Nam, Kevin; Larholt, Kay; Hirsch, Gigi; Beninger, Paul; Fritsche, David; Shoda, Diane; Ferguson, John; Bourgeois, Florence T.; Palmer, Donna; Katz, Karen; Courtney, Matt W.",Dynamic Dossier in the Cloud: A Sociotechnical Architecture for a Real-Time and Metrics-Based Data Tracking System with Gene and Cell Therapies as a Case Study,Therapeutic Innovation &amp; Regulatory Science,2020,55,2,388–400,10.1007/s43441-020-00227-y,2168-4804,,http://dx.doi.org/10.1007/s43441-020-00227-y,Springer Science and Business Media LLC
QW29SI8J,journalArticle,"Naghib, Arezou; Gharehchopogh, Farhad Soleimanian; Zamanifar, Azadeh","A comprehensive and systematic literature review on intrusion detection systems in the internet of medical things: current status, challenges, and opportunities",Artificial Intelligence Review,2025,58,4,,10.1007/s10462-024-11101-w,1573-7462,,http://dx.doi.org/10.1007/s10462-024-11101-w,Springer Science and Business Media LLC
QUU2824Q,journalArticle,"Navale, Soham; Mishra, Nivedita; Borhade, Sheetal",Deep learning approaches for energy consumption forecasting: analyzing stress factors and optimizing models for future demand,Discover Applied Sciences,2025,7,10,,10.1007/s42452-025-07718-3,3004-9261,,http://dx.doi.org/10.1007/s42452-025-07718-3,Springer Science and Business Media LLC
QTUKRHSU,journalArticle,"Naguib, Khaled Mohamed; Ibrahim, Ibrahim Ismail; Elmessalawy, Mahmoud Mohamed; Abdelhaleem, Ahmed Mostafa",Optimizing data transmission in 6G software defined networks using deep reinforcement learning for next generation of virtual environments,Scientific Reports,2024,14,1,,10.1038/s41598-024-75575-y,2045-2322,,http://dx.doi.org/10.1038/s41598-024-75575-y,Springer Science and Business Media LLC
PQDBMI8L,journalArticle,"Oise, Godfrey; Konyeha, Susan",Environmental impacts in e-waste management using deep learning,Discover Artificial Intelligence,2025,5,1,,10.1007/s44163-025-00376-9,2731-0809,,http://dx.doi.org/10.1007/s44163-025-00376-9,Springer Science and Business Media LLC
PL4N29M2,journalArticle,"Nalini, S.; Saqib, Syed Mohd.; Mazharunnisa, Md.; Bendale, Shailesh P.; Akram, Faiz; Murugan, P.",Quantum enabled cloud IOT collaboration for ultra low latency data processing in cyber physical systems,Discover Internet of Things,2026,6,1,,10.1007/s43926-026-00316-8,2730-7239,,http://dx.doi.org/10.1007/s43926-026-00316-8,Springer Science and Business Media LLC
QVSFMNAS,journalArticle,"Mallidi, S Kumar Reddy; Ramisetty, Rajeswara Rao",A multi-level intrusion detection system for industrial IoT using bowerbird courtship-inspired feature selection and hybrid data balancing,Discover Computing,2025,28,1,,10.1007/s10791-025-09632-z,2948-2992,,http://dx.doi.org/10.1007/s10791-025-09632-z,Springer Science and Business Media LLC
QI2G4UHK,journalArticle,"Liu, Liu; Xu, Zhifei",Optimizing lightweight neural networks for efficient mobile edge computing,Scientific Reports,2025,15,1,,10.1038/s41598-025-04652-7,2045-2322,,http://dx.doi.org/10.1038/s41598-025-04652-7,Springer Science and Business Media LLC
PWNM5UGY,journalArticle,"Marie, Hanaa Salem; Elbaz, Mostafa; Soliman, Riham S.; Hafez, Mona Elshirbini; Elkhatib, Amira Abdelhafeez",Bio-inspired neutrosophic-enzyme intelligence framework for pediatric dental disease detection using multi-modal clinical data,Scientific Reports,2025,15,1,,10.1038/s41598-025-21923-5,2045-2322,,http://dx.doi.org/10.1038/s41598-025-21923-5,Springer Science and Business Media LLC
PTAMM9RQ,journalArticle,"Kapoor, Dimple; Gupta, Deepali; Uppal, Mudita","Analyzing the impact of edge, fog and cloud computing on predictive maintenance in the Industrial Internet of Things",Discover Computing,2025,28,1,,10.1007/s10791-025-09653-8,2948-2992,,http://dx.doi.org/10.1007/s10791-025-09653-8,Springer Science and Business Media LLC
PP84RZFL,journalArticle,"Krishnan, Deepa; Singh, Swapnil; Sugumaran, Vijayan",Explainable AI for zero-day attack detection in IoT networks using attention fusion model,Discover Internet of Things,2025,5,1,,10.1007/s43926-025-00184-8,2730-7239,,http://dx.doi.org/10.1007/s43926-025-00184-8,Springer Science and Business Media LLC
QZ79J3SM,journalArticle,"Jain, Megha; Verma, Ravi; Kumar, Sunil; Jha, Suresh Kumar",Privacy- preserving network slice classification in 6G using federated CNN-BiLSTM,Discover Artificial Intelligence,2026,6,1,,10.1007/s44163-026-01063-z,2731-0809,,http://dx.doi.org/10.1007/s44163-026-01063-z,Springer Science and Business Media LLC
QXSPIHAM,journalArticle,"Farfoura, Mahmoud E.; Batyha, Radwan M.; Ibrahim, Ahmed Zohair; Karim, Faten Khalid",Feature resonance classifier: a novel neural network for efficient network traffic classification,Journal of Cloud Computing,2026,15,1,,10.1186/s13677-026-00897-3,2192-113X,,http://dx.doi.org/10.1186/s13677-026-00897-3,Springer Science and Business Media LLC
Q5QF6K8E,journalArticle,"Anand, Pooja; Singh, Yashwant; Singh, Harvinder",Secure IoT data dissemination with blockchain and transfer learning techniques,Scientific Reports,2025,15,1,,10.1038/s41598-024-84837-8,2045-2322,,http://dx.doi.org/10.1038/s41598-024-84837-8,Springer Science and Business Media LLC
PTYU87MM,journalArticle,"Anitha, G.; Manoharan, Hariprasath; Manoharan, Abirami",Hybrid glowworm swarm optimization with recurrent deep learning for fault detection in industrial internet of things environment,Scientific Reports,2025,15,1,,10.1038/s41598-025-26784-6,2045-2322,,http://dx.doi.org/10.1038/s41598-025-26784-6,Springer Science and Business Media LLC
PNZ35QZQ,journalArticle,"Almadhor, Ahmad; Alsubai, Shtwai; Hejaili, Abdullah Al; Klai, Zeineb; Bouallegue, Belgacem; Kovac, Urban",Designing a neuro-symbolic dual-model architecture for explainable and resilient intrusion detection in IoT networks,Scientific Reports,2025,15,1,,10.1038/s41598-025-27076-9,2045-2322,,http://dx.doi.org/10.1038/s41598-025-27076-9,Springer Science and Business Media LLC
QPLCYDNK,conferencePaper,"Zhang, W.; Xia, G.; Zhang, P.; Sun, J.; Dong, J.; Wang, H.",Federated Intrusion Detection for Industrial IoT: A TCN-BiGRU Framework with Kalman Filter Optimization,,2025,,,41–45,10.1109/BDPC63545.2025.11135696,,,https://www.scopus.com/pages/publications/105016369284?origin=resultslist,
R3HC242G,journalArticle,"Lu, Y.; Huang, X.; Dai, Y.; Maharjan, S.; Zhang, Y.",Blockchain and Federated Learning for Privacy-Preserved Data Sharing in Industrial IoT,IEEE Transactions on Industrial Informatics,2020,16,6,4177–4186,10.1109/TII.2019.2942190,,,https://www.scopus.com/pages/publications/85081670877?origin=resultslist,
Q8NY56FD,conferencePaper,"Purwanto, R.; Alibasa, M.J.; Saleem, R.; Mitayani, A.; Brown, M.",Homomorphic Encryption for Secure Model Updates in Federated Satellite Constellations,,2025,,,343–357,10.52202/083095-0029,,,https://www.scopus.com/pages/publications/105032744854?origin=resultslist,
QBN6UZDS,journalArticle,"Alnajar, O.; Barnawi, A.",TactiFlex: A Federated learning-enhanced in-content aware resource allocation flexible architecture for Tactile IoT in 6G networks,Engineering Applications of Artificial Intelligence,2024,136,,,10.1016/j.engappai.2024.108934,,,https://www.scopus.com/pages/publications/85199172988?origin=resultslist,
PY3WRU9R,journalArticle,"Hermo, J.; Bolón-Canedo, V.; Ladra, S.",Fed-mRMR: A lossless federated feature selection method,Information Sciences,2024,669,,,10.1016/j.ins.2024.120609,,,https://www.scopus.com/pages/publications/85189929220?origin=resultslist,
R7SLMYIG,journalArticle,"da Silveira Dib, M.A.; Prates, P.; Ribeiro, B.",SecFL – Secure Federated Learning Framework for predicting defects in sheet metal forming under variability,Expert Systems with Applications,2024,235,,,10.1016/j.eswa.2023.121139,,,https://www.scopus.com/pages/publications/85168803841?origin=resultslist,
RPNAEWC3,journalArticle,"Zhang, S.; Gong, H.; Yang, Z.; Li, R.",A federated evolving computing architecture for fault inspection in textile manufacturing,Knowledge-Based Systems,2025,330,,,10.1016/j.knosys.2025.114677,,,https://www.scopus.com/pages/publications/105020949435?origin=resultslist,
SNYBTVSQ,conferencePaper,J. Kim; S. Park,Secure framework for information sharing and management in a distributed design environment,2017 International Conference on Information and Communication Technology Convergence (ICTC),2017,,,778–780,10.1109/ICTC.2017.8190779,,,,
SB73HMH4,journalArticle,"Aljohani, Abdulaziz; Rana, Omer; Perera, Charith",Self-adaptive Federated Learning in Internet of Things Systems: A Review,ACM Comput. Surv.,2025,57,10,,10.1145/3725527,0360-0300,,https://doi.org/10.1145/3725527,Association for Computing Machinery
RTI2QE35,journalArticle,M. Kaur; M. Z. Khan; S. Gupta; A. Alsaeedi,"Adoption of Blockchain With 5G Networks for Industrial IoT: Recent Advances, Challenges, and Potential Solutions",IEEE Access,2022,10,,981–997,10.1109/ACCESS.2021.3138754,2169-3536,,,
S3UXH8IF,journalArticle,J. Wang; Y. Hong; J. Wang; J. Xu; Y. Tang; Q. -L. Han; J. Kurths,Cooperative and Competitive Multi-Agent Systems: From Optimization to Games,IEEE/CAA Journal of Automatica Sinica,2022,9,5,763–783,10.1109/JAS.2022.105506,2329-9274,,,
RTRRZSFI,journalArticle,"Farahani, B.; Monsefi, A.K.",Smart and collaborative industrial IoT: A federated learning and data space approach,Digital Communications and Networks,2023,9,2,436–447,10.1016/j.dcan.2023.01.022,,,https://www.scopus.com/pages/publications/85149625227?origin=resultslist,
RDBICWGI,conferencePaper,"Kaiser, F.",Adaptive Clustered Personalized Federated Learning for Non-IID Remaining Useful Life Prediction in Edge-Based Industrial Systems,,2025,,,365–370,10.1109/ICCIT68739.2025.11491433,,,https://www.scopus.com/pages/publications/105041599322?origin=resultslist,
R7JCXU9W,conferencePaper,"Bhattacharya, S.; Vyas, P.; Yarradoddi, S.; Dasari, B.; Sumathy, S.; Kaluri, R.; Koppu, S.; Brown, D.J.; Mahmud, M.; Gadekallu, T.R.",Towards Smart Education in the Industry 5.0 Era: A Mini Review on the Application of Federated Learning,,2023,,,602–608,10.1109/DASC/PiCom/CBDCom/Cy59711.2023.10361510,,,https://www.scopus.com/pages/publications/85182593104?origin=resultslist,
S2MPQM6L,journalArticle,"Murala, D.K.; Madhura, K.; Vuyyuru, V.A.; Rao, K.V.P.; Hitimana, E.",Trustfed a scalable privacy preserving federated AI framework for industrial IoT healthcare and finance,Discover Internet of Things,2026,6,1,,10.1007/s43926-025-00276-5,,,https://www.scopus.com/pages/publications/105029634634?origin=resultslist,
SPRD3MJ7,journalArticle,"Wu, Tao; Zhou, Lei; Zhao, Yiying; Qi, Hengnian; Pu, Yuanyuan; Zhang, Chu; Liu, Yufei",Applications of deep learning in tea quality monitoring: a review,Artificial Intelligence Review,2025,58,11,,10.1007/s10462-025-11335-2,1573-7462,,http://dx.doi.org/10.1007/s10462-025-11335-2,Springer Science and Business Media LLC
RKTAKXIL,journalArticle,"Tzionis, Grigorios; Mouratidis, Prodromos; Kougka, Georgia; Gialampoukidis, Ilias; Vrochidis, Stefanos; Kompatsiaris, Ioannis; Vlachopoulou, Maro",A review of explainable AI methods and their application in manufacturing systems,Discover Applied Sciences,2025,8,1,,10.1007/s42452-025-07908-z,3004-9261,,http://dx.doi.org/10.1007/s42452-025-07908-z,Springer Science and Business Media LLC
RGUXMWI9,journalArticle,"Rehan, Muhammad Waqas; Rehan, Muhammad Maaz","Survey, taxonomy, and emerging paradigms of societal digital twins for public health preparedness",npj Digital Medicine,2025,8,1,,10.1038/s41746-025-01737-5,2398-6352,,http://dx.doi.org/10.1038/s41746-025-01737-5,Springer Science and Business Media LLC
SPLEPT8B,journalArticle,"Kuai, Hongzhi; Huang, Jimmy X.; Tao, Xiaohui; Pasi, Gabriella; Yao, Yiyu; Liu, Jiming; Zhong, Ning",Web Intelligence (WI) 3.0: in search of a better-connected world to create a future intelligent society,Artificial Intelligence Review,2025,58,9,,10.1007/s10462-025-11203-z,1573-7462,,http://dx.doi.org/10.1007/s10462-025-11203-z,Springer Science and Business Media LLC
RMM4BGUV,journalArticle,"Cao, Qing; Deng, Runyi; Pan, Yue; Liu, Ruijie; Chen, Yicheng; Gong, Guofang; Zou, Jun; Yang, Huayong; Han, Dong",Robotic wireless capsule endoscopy: recent advances and upcoming technologies,Nature Communications,2024,15,1,,10.1038/s41467-024-49019-0,2041-1723,,http://dx.doi.org/10.1038/s41467-024-49019-0,Springer Science and Business Media LLC
S23I4YUP,journalArticle,"Al-Matari, Nassmah Y.; Zahary, Ammar T.; A. Al-Shargabi, Asma",A survey on advancements in blockchain-enabled spectrum access security for 6G cognitive radio IoT networks,Scientific Reports,2024,14,1,,10.1038/s41598-024-82126-y,2045-2322,,http://dx.doi.org/10.1038/s41598-024-82126-y,Springer Science and Business Media LLC
SHGEI7NB,journalArticle,"Zhao, Zhongnan; Bi, Zhiqiang; Wang, Yue; Xie, Xu","A collaborative metaverse-digital twin system for traffic perception, reasoning, and resource scheduling",Artificial Intelligence Review,2025,59,2,,10.1007/s10462-025-11455-9,1573-7462,,http://dx.doi.org/10.1007/s10462-025-11455-9,Springer Science and Business Media LLC
S72UDF9Z,journalArticle,"Zhang, Qinyu; Xu, Liang; Huang, Jianhao; Yang, Tao; Jiao, Jian; Wang, Ye; Shi, Yao; Zhang, Chiya; Zhang, Xingjian; Zhang, Ke; Gong, Yupeng; Deng, Na; Zhao, Nan; Gao, Zhen; Wang, Shuai; Han, Shujun; Xu, Xiaodong; You, Li; Wang, Dongming; Jiang, Shan; Zhao, Dixian; Zhang, Nan; Hu, Liujun; He, Xiongwen; Li, Yonghui; Gao, Xiqi; You, Xiaohu","Distributed satellite information networks: architecture, enabling technologies, and trends",Science China Information Sciences,2025,68,9,,10.1007/s11432-024-4408-1,1869-1919,,http://dx.doi.org/10.1007/s11432-024-4408-1,Springer Science and Business Media LLC
RKBB48DT,journalArticle,"Ximing, Chen; Xilong, He; Du, Cheng; Tiejun, Wu; Qingyu, Tian; Rongrong, Chen; Jing, Qiu",FedMEM: Adaptive Personalized Federated Learning Framework for Heterogeneous Mobile Edge Environments,International Journal of Computational Intelligence Systems,2025,18,1,,10.1007/s44196-025-00814-7,1875-6883,,http://dx.doi.org/10.1007/s44196-025-00814-7,Springer Science and Business Media LLC
SL7QNT6G,journalArticle,"Wu, Zhongyi; Liang, Cheng; Zhang, ShuaiShuai; Chen, Zhe; Shen, Zhi",Intelligent classification and dynamic evolution simulation study on air conditioner product demand characteristics,Scientific Reports,2026,16,1,,10.1038/s41598-026-39506-3,2045-2322,,http://dx.doi.org/10.1038/s41598-026-39506-3,Springer Science and Business Media LLC
SE6R6W4M,journalArticle,"Wang, Yunlu; Gao, Zihao; Wu, Wei; Xiong, Yao; Luo, Jianjun; Sun, Qijun; Mao, Yupeng; Wang, Zhong Lin",TENG-Boosted Smart Sports with Energy Autonomy and Digital Intelligence,Nano-Micro Letters,2025,17,1,,10.1007/s40820-025-01778-1,2150-5551,,http://dx.doi.org/10.1007/s40820-025-01778-1,Springer Science and Business Media LLC
S8UH5GQU,journalArticle,"Vatambeti, Ramesh; Venkatesh, D.; Mamidisetti, Gowtham; Damera, Vijay Kumar; Manohar, M.; Yadav, N. Sudhakar",Prediction of DDoS attacks in agriculture 4.0 with the help of prairie dog optimization algorithm with IDSNet,Scientific Reports,2023,13,1,,10.1038/s41598-023-42678-x,2045-2322,,http://dx.doi.org/10.1038/s41598-023-42678-x,Springer Science and Business Media LLC
S3MV7MWV,journalArticle,"Wali, Samad; Khan, Muhammad Irfan; Imran, Mudassar",Semantic-aware reinforcement and ensemble learning for signal management and anomaly detection in IoT systems,Scientific Reports,2025,15,1,,10.1038/s41598-025-26500-4,2045-2322,,http://dx.doi.org/10.1038/s41598-025-26500-4,Springer Science and Business Media LLC
SRNA3HFM,journalArticle,"Sutanto, Henry; Fetarayani, Deasy",Integrating artificial intelligence into small molecule development for precision cancer immunomodulation therapy,npj Drug Discovery,2025,2,1,,10.1038/s44386-025-00029-y,3005-1452,,http://dx.doi.org/10.1038/s44386-025-00029-y,Springer Science and Business Media LLC
SM5B6M6P,journalArticle,"Siyal, Reshma; Long, Jun; Khan, Sajid Ullah; Ayouni, Sarra; Maddeh, Mohamed",Secure big data sharing with hybrid encryption and deep learning,Journal of King Saud University Computer and Information Sciences,2025,37,8,,10.1007/s44443-025-00093-4,2213-1248,,http://dx.doi.org/10.1007/s44443-025-00093-4,Springer Science and Business Media LLC
RJSEIMYV,journalArticle,"Semerikov, Serhiy O.; Vakaliuk, Tetiana A.; Mintii, Iryna S.; Bondarenko, Olha V.; Kanevska, Olga B.",From science fiction to smart reality: a technology foresight review of smartdust evolution through the lens of Hamilton’s Great North Road,European Journal of Futures Research,2026,14,1,,10.1186/s40309-026-00266-y,2195-2248,,http://dx.doi.org/10.1186/s40309-026-00266-y,Springer Science and Business Media LLC
R5BHCSNB,journalArticle,"Sundaravadivel, P.; Isaac, R. Augustian; Kumaran, U.; Priyanga, G.",Lightweight multimodal large language model enabling efficient one shot industrial visual anomaly detection,Discover Artificial Intelligence,2026,6,1,,10.1007/s44163-026-01252-w,2731-0809,,http://dx.doi.org/10.1007/s44163-026-01252-w,Springer Science and Business Media LLC
SQRWLR3D,journalArticle,"Sanjalawe, Yousef; Fraihat, Salam; Al-E’mari, Salam; Makhadmeh, Sharif Naser",Bridging the gap: A comprehensive survey on AI-driven digital twin networks for future wireless systems,Journal of King Saud University Computer and Information Sciences,2026,38,3,,10.1007/s44443-026-00522-y,2213-1248,,http://dx.doi.org/10.1007/s44443-026-00522-y,Springer Science and Business Media LLC
SK8X8RUI,journalArticle,"Murala, Dileep Kumar; Krishna, G. Siva; kiran, Tanneeru Venkata Surya; Mohamud, Abdirahman Khalif",MedShieldFL-a privacy-preserving hybrid federated learning framework for intelligent healthcare systems,Scientific Reports,2025,15,1,,10.1038/s41598-025-27303-3,2045-2322,,http://dx.doi.org/10.1038/s41598-025-27303-3,Springer Science and Business Media LLC
SFT3J8QK,journalArticle,"Maleknya, Kavyan; Alizadehsani, Roohallah; Pedrammehr, Siamak; Shirini, Kimia",A solid waste classification using reinforcement learning boosted by data augmentation and hyperparameter optimization,Scientific Reports,2026,16,1,,10.1038/s41598-026-46347-7,2045-2322,,http://dx.doi.org/10.1038/s41598-026-46347-7,Springer Science and Business Media LLC
R9Z6WDHR,journalArticle,"Moenck, Keno; Rath, Jan-Erik; Koch, Julian; Wendt, Arne; Kalscheuer, Florian; Schüppstuhl, Thorsten; Schoepflin, Daniel",Digital twins in aircraft production and MRO: challenges and opportunities,CEAS Aeronautical Journal,2024,15,4,1051–1067,10.1007/s13272-024-00740-y,1869-5590,,http://dx.doi.org/10.1007/s13272-024-00740-y,Springer Science and Business Media LLC
S7XN2R85,journalArticle,"Karankar, Nilima; Seth, Anita",An IoT system for access control using blockchain and message queuing system,EURASIP Journal on Information Security,2025,2025,1,,10.1186/s13635-025-00208-4,2510-523X,,http://dx.doi.org/10.1186/s13635-025-00208-4,Springer Science and Business Media LLC
RCDVGG7N,journalArticle,"Klunder, Lars A.; Guericke, Daniela; Bemthuis, Rob H.; Koenderink, Marcel; Machado, Marcos R.",Predicting the future of healthcare costs: a review of healthcare contract cost forecasting for hospital management,International Journal of Data Science and Analytics,2026,22,1,,10.1007/s41060-026-01138-1,2364-4168,,http://dx.doi.org/10.1007/s41060-026-01138-1,Springer Science and Business Media LLC
SA267WJS,journalArticle,"Iswarya, G.; Vennila, C.",A secure and scalable blockchain-assisted authentication framework for decentralized IoT data management,Scientific Reports,2026,16,1,,10.1038/s41598-026-47192-4,2045-2322,,http://dx.doi.org/10.1038/s41598-026-47192-4,Springer Science and Business Media LLC
RPAZNE7J,journalArticle,"Gola, Kamal Kumar; Arya, Shikha; Khan, Gulista; Singh, Mridula; Gulati, Sagar; Chaurasia, Nishant; Kanauzia, Rohit; Kumar, Sumit","Fog Computing: A Comprehensive Review on Security Analysis, Attacks, and Future Prospects",International Journal of Networked and Distributed Computing,2026,14,1,,10.1007/s44227-026-00093-4,2211-7946,,http://dx.doi.org/10.1007/s44227-026-00093-4,Springer Science and Business Media LLC
R5XSAXIJ,journalArticle,"Houssein, Essam H.; Mahdy, Mohamed A.; Kayed, Mohammed; Ouyang, Haibin; Mohamed, Waleed M.","Integrating Soft Computing and Multi-Agent for Action Recognition: Basics, Challenging and Future Directions",Archives of Computational Methods in Engineering,2025,,,,10.1007/s11831-025-10462-x,1886-1784,,http://dx.doi.org/10.1007/s11831-025-10462-x,Springer Science and Business Media LLC
RPR3L57K,journalArticle,"Ciaramella, Giovanni; Martinelli, Fabio; Santone, Antonella; Mercaldo, Francesco",An explainable privacy-preserving method for mobile malware detection through federated machine learning,International Journal of Information Security,2026,25,3,,10.1007/s10207-026-01268-4,1615-5270,,http://dx.doi.org/10.1007/s10207-026-01268-4,Springer Science and Business Media LLC
R6Y6M4ZC,journalArticle,"Bao, Guanming; Guo, Ping","Federated learning in cloud-edge collaborative architecture: key technologies, applications and challenges",Journal of Cloud Computing,2022,11,1,,10.1186/s13677-022-00377-4,2192-113X,,http://dx.doi.org/10.1186/s13677-022-00377-4,Springer Science and Business Media LLC
R53ZSX8E,journalArticle,"Bernhart, Severin; Finkenzeller, Thomas; Kutil, Rade",Breathe-Run-Guide: A Review of Personal Breathing Guidance Systems in Running,SN Computer Science,2025,6,6,,10.1007/s42979-025-04142-7,2661-8907,,http://dx.doi.org/10.1007/s42979-025-04142-7,Springer Science and Business Media LLC
SHPQASXG,journalArticle,"Alrashdi, Ibrahim; Duraibi, Salahaldeen",Intelligent cybersecurity management in industrial IoT system using attribute reduction with collaborative deep learning enabled false data injection attack detection approach,Scientific Reports,2025,16,1,,10.1038/s41598-025-32035-5,2045-2322,,http://dx.doi.org/10.1038/s41598-025-32035-5,Springer Science and Business Media LLC
SDETA6G2,journalArticle,"Alrayes, Fatma S.; Maray, Mohammed; Alshuhail, Asma; Almustafa, Khaled Mohamad; Darem, Abdulbasit A.; Al-Sharafi, Ali M.; Alotaibi, Shoayee Dlaim",Privacy-preserving approach for IoT networks using statistical learning with optimization algorithm on high-dimensional big data environment,Scientific Reports,2025,15,1,,10.1038/s41598-025-87454-1,2045-2322,,http://dx.doi.org/10.1038/s41598-025-87454-1,Springer Science and Business Media LLC
RZASH2ZB,journalArticle,"Anumula, Sathish Krishna; Bhwsar, Rahul; Patil, Maheshkumar",The digital backbone for architecting smart operations with a unified namespace,Discover Computing,2026,29,1,,10.1007/s10791-026-10195-w,2948-2992,,http://dx.doi.org/10.1007/s10791-026-10195-w,Springer Science and Business Media LLC
RJ5VU3I3,journalArticle,"Aldrees, Asma; Min, Hong; Daradkeh, Yousef Ibrahim; Dutta, Ashit Kumar; Anjum, Mohd",Optimization of 6G resource allocation using CyberTwin function-based service enhancement scheme,EURASIP Journal on Wireless Communications and Networking,2025,2025,1,,10.1186/s13638-025-02444-1,1687-1499,,http://dx.doi.org/10.1186/s13638-025-02444-1,Springer Science and Business Media LLC
RGHI2I3Z,journalArticle,"Alsubaei, Faisal S.",Luminous defense: XAI-driven adaptive security for critical IoT infrastructures,Journal of Cloud Computing,2026,15,1,,10.1186/s13677-025-00834-w,2192-113X,,http://dx.doi.org/10.1186/s13677-025-00834-w,Springer Science and Business Media LLC
RD4IY5DP,journalArticle,"Alrslani, Faheed A.F.; Alohali, Manal Abdullah; Aljebreen, Mohammed; Alqahtani, Hamed; Alshuhail, Asma; Alshammeri, Menwa; Almukadi, Wafa Sulaiman",Enhancing cybersecurity via attribute reduction with deep learning model for false data injection attack recognition,Scientific Reports,2025,15,1,,10.1038/s41598-024-82566-6,2045-2322,,http://dx.doi.org/10.1038/s41598-024-82566-6,Springer Science and Business Media LLC
RCZWGNLE,journalArticle,"Ahsan, Faiaz; Dana, Nazia Hasan; Sarker, Subrata K.; Li, Li; Muyeen, S. M.; Ali, Md. Firoj; Tasneem, Zinat; Hasan, Md. Mehedi; Abhi, Sarafat Hussain; Islam, Md. Robiul; Ahamed, Md. Hafiz; Islam, Md. Manirul; Das, Sajal K.; Badal, Md. Faisal R.; Das, Prangon",Data-driven next-generation smart grid towards sustainable energy evolution: techniques and technology review,Protection and Control of Modern Power Systems,2023,8,1,,10.1186/s41601-023-00319-5,2367-0983,,http://dx.doi.org/10.1186/s41601-023-00319-5,Institute of Electrical and Electronics Engineers (IEEE)
RJI9BVMU,journalArticle,"Rashid, M.H.; Naeem, A.; Aslam, N.; Fuzail, M.; Mazhar, F.; Umar, M.",Cyber Sentry: Strengthening Security Infrastructure for Industrial Cyber-Physical Systems Using Federated Deep Learning,Journal of Computing and Biomedical Informatics,2025,9,1,,,,,https://www.scopus.com/pages/publications/105027098006?origin=resultslist,
RRN6E693,conferencePaper,"Chatterjee, K.; Bhavani, B.; Kumar, S.S.; Kancharala, V.; Teja, V.S.; Anurag, P.",FeLLU: Federated Learning-Based LSU Model for Smart Cities Air Quality Forecasting,,2025,416 LNCE,,47–56,10.1007/978-981-97-7846-1_5,,,https://www.scopus.com/pages/publications/85211764943?origin=resultslist,
SBVYR9WG,conferencePaper,"Lee, G.; Bowman, W.; Dizon-Paradis, O.; Dizon-Paradis, R.; Wilson, R.; Woodard, D.; Forte, D.",Potentials and Pitfalls of Applying Federated Learning in Hardware Assurance,,2025,2025-November,,302–313,10.31399/asm.cp.istfa2025p0302,,,https://www.scopus.com/pages/publications/105034380630?origin=resultslist,
RR3QTT5Y,journalArticle,"Li, F.; Shen, B.; Guo, J.; Lam, K.-Y.; Wei, G.; Wang, L.",Dynamic Spectrum Access for Internet-of-Things Based on Federated Deep Reinforcement Learning,IEEE Transactions on Vehicular Technology,2022,71,7,7952–7956,10.1109/TVT.2022.3166535,,,https://www.scopus.com/pages/publications/85128692697?origin=resultslist,
TM5GTP2T,journalArticle,"Ramadan, M.N.A.; Ali, M.A.H.; Khoo, S.Y.; Alkhedher, M.",SecureIoT-FL: A Federated Learning Framework for Privacy-Preserving Real-Time Environmental Monitoring in Industrial IoT Applications,Alexandria Engineering Journal,2025,114,,681–701,10.1016/j.aej.2024.11.069,,,https://www.scopus.com/pages/publications/85211976973?origin=resultslist,
U54F8N28,journalArticle,"Chiaro, D.; Qi, P.; Mele, V.; Piccialli, F.",FLAIR: Federated Learning for Augmented Industrial Retrieval,IEEE Internet of Things Journal,2025,12,19,39338–39345,10.1109/JIOT.2025.3567194,,,https://www.scopus.com/pages/publications/105004880935?origin=resultslist,
TI48389H,journalArticle,"Gopalakrishnan, T.; Shanmugasundaram, N.; Simon, D.; Chan, C.K.; Sonawane, C.; Dixit, S.; Bongale, A.",Data-driven predictive maintenance of induction motors using self-supervised and federated learning on noisy current and vibration signals,Scientific Reports,2026,16,1,,10.1038/s41598-026-46550-6,,,https://www.scopus.com/pages/publications/105040403052?origin=resultslist,
U6BGIA47,conferencePaper,"Verma, P.; De Leon, M.P.; Breslin, J.G.; O'Shea, D.",FedTIU: Securing Virtualized PLCs Against DDoS Attacks Using a Federated Learning Enabled Threat Intelligence Unit,,2023,,,233–236,10.1109/SMARTCOMP58114.2023.00058,,,https://www.scopus.com/pages/publications/85169481620?origin=resultslist,
U3CMMRYY,conferencePaper,R. P,Symbiotic Artificial Intelligence Twin Framework for Circular Manufacturing: A Sustainability-Led Industry 5.0 Framework,"2025 IEEE 7th International Conference on Computing, Communication and Automation (ICCCA)",2025,,,1–6,10.1109/ICCCA66364.2025.11325651,,,,
TN69IPZ6,journalArticle,"Bellavista, P.; Foschini, L.; Montanari, R.; Romandini, N.",FlowChain: The Playground for Federated Learning in Industrial Internet of Things Environments,IEEE Internet of Things Magazine,2022,5,2,78–83,10.1109/IOTM.001.2100188,,,https://www.scopus.com/pages/publications/85162229233?origin=resultslist,
T79JZHSB,journalArticle,"Friedrich, C.; Vogt, S.; Rudolph, F.; Patolla, P.; Grützmann, J.M.; Hohmeier, O.; Richter, M.; Wenzel, K.; Reichelt, D.; Ihlenfeldt, S.","ENABLING FEDERATED LEARNING SERVICES USING OPC UA, LINKED DATA AND GAIA-X IN COGNITIVE PRODUCTION",Journal of Machine Engineering,2024,24,2,18–33,10.36897/jme/188618,,,https://www.scopus.com/pages/publications/85197213012?origin=resultslist,
U3EFVL9F,journalArticle,"Sorour, Shaymaa E.; Aljaafari, Mohammed; Shaker, Amany M.; Amin, Ahmed E.",LSTM-JSO framework for privacy preserving adaptive intrusion detection in federated IoT networks,Scientific Reports,2025,15,1,,10.1038/s41598-025-95966-z,2045-2322,,http://dx.doi.org/10.1038/s41598-025-95966-z,Springer Science and Business Media LLC
TV9F4LTQ,journalArticle,"Qiu, Keyuan; Yan, Meifang; Luo, Tao; Chen, Feng",FedAware: a distributed IoT intrusion detection method based on fractal shrinking autoencoder,Journal of King Saud University Computer and Information Sciences,2025,37,7,,10.1007/s44443-025-00153-9,2213-1248,,http://dx.doi.org/10.1007/s44443-025-00153-9,Springer Science and Business Media LLC
U5WPSRFC,journalArticle,"Yadav, Sudha; Anand, R.","Analysis of advancing paradigms of smart grid innovations, applications, challenges, future trends and strategic implementations",Discover Applied Sciences,2025,7,12,,10.1007/s42452-025-07905-2,3004-9261,,http://dx.doi.org/10.1007/s42452-025-07905-2,Springer Science and Business Media LLC
TGISTZ7N,journalArticle,"Ukoba, Kingsley; Onisuru, Oluwatayo Racheal; Jen, Tien-Chien",Harnessing machine learning for sustainable futures: advancements in renewable energy and climate change mitigation,Bulletin of the National Research Centre,2024,48,1,,10.1186/s42269-024-01254-7,2522-8307,,http://dx.doi.org/10.1186/s42269-024-01254-7,Springer Science and Business Media LLC
SV5VAGQX,journalArticle,"Shenoy, Dhanya; Bhat, Radhakrishna; Krishna Prakasha, K",Exploring privacy mechanisms and metrics in federated learning,Artificial Intelligence Review,2025,58,8,,10.1007/s10462-025-11170-5,1573-7462,,http://dx.doi.org/10.1007/s10462-025-11170-5,Springer Science and Business Media LLC
TYPR358H,journalArticle,"Mohammad, Anber Abraheem Shlash; Mohammad, Suleiman Ibrahim Shelash; Al Oraini, Badrea; Vasudevan, Asokan; Hindieh, Ayman; Altarawneh, Ali; Alshurideh, Muhammad Turki; Ali, Imad",Strategies for applying interpretable and explainable AI in real world IoT applications,Discover Internet of Things,2025,5,1,,10.1007/s43926-025-00155-z,2730-7239,,http://dx.doi.org/10.1007/s43926-025-00155-z,Springer Science and Business Media LLC
TWWB28WS,journalArticle,"Neto, Euclides Carlos Pinto; Iqbal, Shahrear; Buffett, Scott; Sultana, Madeena; Taylor, Adrian",Deep learning for intrusion detection in emerging technologies: a comprehensive survey and new perspectives,Artificial Intelligence Review,2025,58,11,,10.1007/s10462-025-11346-z,1573-7462,,http://dx.doi.org/10.1007/s10462-025-11346-z,Springer Science and Business Media LLC
TKAH4VET,journalArticle,"Chin, Ruben; Catal, Cagatay; Kassahun, Ayalew",Plant disease detection using drones in precision agriculture,Precision Agriculture,2023,24,5,1663–1682,10.1007/s11119-023-10014-y,1573-1618,,http://dx.doi.org/10.1007/s11119-023-10014-y,Springer Science and Business Media LLC
U9Q46P4G,journalArticle,"Ayodele, Believe; Buttigieg, Victor",SDN as a defence mechanism: a comprehensive survey,International Journal of Information Security,2023,23,1,141–185,10.1007/s10207-023-00764-1,1615-5270,,http://dx.doi.org/10.1007/s10207-023-00764-1,Springer Science and Business Media LLC
SZLKMUYS,journalArticle,"Adere, Ketema; Hailu, Seble; Abebe, Mesfin; Kemal, Ararso; Silassie, Semere W.; Tseghai, Alemybrah; Haile, Gizachew; Tamirat, Bereket; Bitew, Wudu; Regassa, Dereje; Gizachew, Zelalem; Alemu, Wengelawit","A systematic review of artificial intelligence applications in Internet of Things, blockchain, and quantum cryptography",Discover Artificial Intelligence,2026,6,1,,10.1007/s44163-026-01029-1,2731-0809,,http://dx.doi.org/10.1007/s44163-026-01029-1,Springer Science and Business Media LLC
SXKXTPBC,journalArticle,"Yao, Wujun; Zhou, Tanping; Han, Yiliang; Wang, Xiaolin",Verifiable secure aggregation scheme for privacy protection in federated learning networks,Discover Computing,2025,28,1,,10.1007/s10791-025-09676-1,2948-2992,,http://dx.doi.org/10.1007/s10791-025-09676-1,Springer Science and Business Media LLC
U37C95P8,journalArticle,"Yao, Junjie; Koirala, Bikrant",Defense-Aware Temporal Graph Neural Network for fault-tolerant intrusion detection in IIoT–5G environments,Cluster Computing,2026,29,5,,10.1007/s10586-026-06037-5,1573-7543,,http://dx.doi.org/10.1007/s10586-026-06037-5,Springer Science and Business Media LLC
T5HGQA6V,journalArticle,"Yan, Minrui; Dong, Ruiqi; Han, Qing-Long; Deng, Zehang; Ma, Wanlun; Zhu, Xiaogang; Zhou, Wei; Wen, Sheng; Xiang, Yang",Securing the low-altitude economy: a survey,Science China Information Sciences,2026,69,4,,10.1007/s11432-025-4811-2,1869-1919,,http://dx.doi.org/10.1007/s11432-025-4811-2,Springer Science and Business Media LLC
SX8VAB95,journalArticle,"Tsouplaki, Asimina; Siatras, Apostolis; Mikros, George; Kalloniatis, Christos","Unmasking Users in IoC: LLMs, Text Profiling, and Privacy Implications",International Journal of Information Security,2026,25,3,,10.1007/s10207-026-01249-7,1615-5270,,http://dx.doi.org/10.1007/s10207-026-01249-7,Springer Science and Business Media LLC
UC4XQGLY,journalArticle,"Tawfik, Mohammed; Abu-Ein, Ashraf A.; Noaman, Hatem M.; Abdelhaliem, Amr H.; Fathi, Islam S.",FedMedSecure: federated few-shot learning with cross-attention mechanisms and explainable AI for collaborative healthcare cybersecurity,Scientific Reports,2025,15,1,,10.1038/s41598-025-25107-z,2045-2322,,http://dx.doi.org/10.1038/s41598-025-25107-z,Springer Science and Business Media LLC
THSY8H5B,journalArticle,"Shyryn, Bexultan; Ahanger, Tariq Ahamed; Zhumadillayeva, Ainur",Enhancing software-defined network security with deep learning: a comprehensive review,International Journal of Information Security,2026,25,2,,10.1007/s10207-026-01232-2,1615-5270,,http://dx.doi.org/10.1007/s10207-026-01232-2,Springer Science and Business Media LLC
STKFZP3G,journalArticle,"Sen, Sagar; Gonzalez, Victor; Husom, Erik Johannes; Tverdal, Simeon; Tokas, Shukun; Tjøsvoll, Svein O",ERG-AI: enhancing occupational ergonomics with uncertainty-aware ML and LLM feedback,Applied Intelligence,2024,54,23,12128–12155,10.1007/s10489-024-05796-1,1573-7497,,http://dx.doi.org/10.1007/s10489-024-05796-1,Springer Science and Business Media LLC
T4TBLLL4,journalArticle,"Rahmati, Milad",Energy-aware federated learning for secure edge computing in 5G-enabled IoT networks,Journal of Electrical Systems and Information Technology,2025,12,1,,10.1186/s43067-025-00203-2,2314-7172,,http://dx.doi.org/10.1186/s43067-025-00203-2,Springer Science and Business Media LLC
TTIYZE39,journalArticle,"Nguyen, Thien D.; Alazab, Ammar; Khraisat, Ansam; Jan, Tony",Feature reduction in federated learning for intrusion detection in IoT networks,Cybersecurity,2026,9,1,,10.1186/s42400-025-00509-8,2523-3246,,http://dx.doi.org/10.1186/s42400-025-00509-8,Springer Science and Business Media LLC
U85X24LJ,journalArticle,"Mazhar, Tehseen; khan, Sunawar; Shahzad, Tariq; khan, Muhammad Amir; Saeed, Mamoon M.; Awotunde, Joseph Bamidele; Hamam, Habib","Generative AI, IoT, and blockchain in healthcare: application, issues, and solutions",Discover Internet of Things,2025,5,1,,10.1007/s43926-025-00095-8,2730-7239,,http://dx.doi.org/10.1007/s43926-025-00095-8,Springer Science and Business Media LLC
TEEXTGHZ,journalArticle,"Mann, Samuel; Pennekamp, Jan; Ay, Muzaffer; Behery, Mohamed; Oster, Lukas; Ebert, Benjamin; Sharma, Rahul; Abel, Dirk; Lakemeyer, Gerhard; Reisgen, Uwe; Wehrle, Klaus","Connected, digitalized wire arc additive manufacturing: utilizing data in the internet of production to enable industrie 4.0",Scientific Reports,2025,15,1,,10.1038/s41598-025-15250-y,2045-2322,,http://dx.doi.org/10.1038/s41598-025-15250-y,Springer Science and Business Media LLC
TAQPIJ9T,journalArticle,"Moin, Armin; Challenger, Moharram; Badii, Atta; Günnemann, Stephan",A model-driven approach to machine learning and software modeling for the IoT: Generating full source code for smart Internet of Things (IoT) services and cyber-physical systems (CPS),Software and Systems Modeling,2022,21,3,987–1014,10.1007/s10270-021-00967-x,1619-1374,,http://dx.doi.org/10.1007/s10270-021-00967-x,Springer Science and Business Media LLC
U6WV4CTR,journalArticle,"Latif, Naila; Ma, Wenping; Ahmad, Hafiz Bilal",Advancements in securing federated learning with IDS: a comprehensive review of neural networks and feature engineering techniques for malicious client detection,Artificial Intelligence Review,2025,58,3,,10.1007/s10462-024-11082-w,1573-7462,,http://dx.doi.org/10.1007/s10462-024-11082-w,Springer Science and Business Media LLC
U3CCVVA4,journalArticle,"Karacayılmaz, Gökçe; Artuner, Harun",A novel approach detection for IIoT attacks via artificial intelligence,Cluster Computing,2024,27,8,10467–10485,10.1007/s10586-024-04529-w,1573-7543,,http://dx.doi.org/10.1007/s10586-024-04529-w,Springer Science and Business Media LLC
TTW7XNTN,journalArticle,"Khan, Abdullah Ayub; Laghari, Asif Ali; Li, Peng; Dootio, Mazhar Ali; Karim, Shahid","The collaborative role of blockchain, artificial intelligence, and industrial internet of things in digitalization of small and medium-size enterprises",Scientific Reports,2023,13,1,,10.1038/s41598-023-28707-9,2045-2322,,http://dx.doi.org/10.1038/s41598-023-28707-9,Springer Science and Business Media LLC
TRGSKS3S,journalArticle,"Javed, Abdul Rehman; Saadia, Ayesha; Mughal, Huma; Gadekallu, Thippa Reddy; Rizwan, Muhammad; Maddikunta, Praveen Kumar Reddy; Mahmud, Mufti; Liyanage, Madhusanka; Hussain, Amir","Artificial Intelligence for Cognitive Health Assessment: State-of-the-Art, Open Challenges and Future Directions",Cognitive Computation,2023,15,6,1767–1812,10.1007/s12559-023-10153-4,1866-9964,,http://dx.doi.org/10.1007/s12559-023-10153-4,Springer Science and Business Media LLC
SVU4UGVM,journalArticle,"Jithish, J.; Mahalingam, Nagarajan; Wang, Bo; Yeo, Kiat Seng",Towards enhancing security for upcoming 6G-ready smart grids through federated learning and cloud solutions,Cybersecurity,2025,8,1,,10.1186/s42400-024-00350-5,2523-3246,,http://dx.doi.org/10.1186/s42400-024-00350-5,Springer Science and Business Media LLC
UCCYR6DP,journalArticle,"Eze, Val Hyginus Udoka; Eze, Esther Chidinma; Alaneme, George Uwadiegwu; BUBU, Pius Erheyovwe; Nnadi, Ezekiel Oluwaseun Ejiofor; Okon, Michael Ben","Integrating IoT sensors and machine learning for sustainable precision agroecology: enhancing crop resilience and resource efficiency through data-driven strategies, challenges, and future prospects",Discover Agriculture,2025,3,1,,10.1007/s44279-025-00247-y,2731-9598,,http://dx.doi.org/10.1007/s44279-025-00247-y,Springer Science and Business Media LLC
TCLRDSGJ,journalArticle,"Chinnasamy, P.; Subashini, B.; Ayyasamy, Ramesh Kumar; Kiran, Ajmeera; Pandey, Binay Kumar; Pandey, Digvijay; Lelisho, Mesfin Esayas",Blockchain based electronic educational document management with role-based access control using machine learning model,Scientific Reports,2025,15,1,,10.1038/s41598-025-99683-5,2045-2322,,http://dx.doi.org/10.1038/s41598-025-99683-5,Springer Science and Business Media LLC
TYBZXGTA,journalArticle,"Baihan, Abdullah; Kryvinska, Natalia; Amoon, Mohammed; Jiang, Weiwei; Ullah, Zabeeh; Shafiq, Muhammad",Cloud assisted blockchain-enabled split federated learning framework for security and privacy-preserving of IoMT in healthcare 5.0,Scientific Reports,2026,16,1,,10.1038/s41598-026-41771-1,2045-2322,,http://dx.doi.org/10.1038/s41598-026-41771-1,Springer Science and Business Media LLC
TIJS92NC,journalArticle,"Balaji, C. G.; Menaka, S.; Rajeswari, G.; Ponnusamy, Sivaram",A unified AI-driven framework for quantum-secured 6G THz networks with intelligent reflecting surfaces and federated edge learning,Scientific Reports,2025,15,1,,10.1038/s41598-025-26510-2,2045-2322,,http://dx.doi.org/10.1038/s41598-025-26510-2,Springer Science and Business Media LLC
TICZZVV7,journalArticle,"Boretti, Alberto","Technical, economic, and societal risks in the progress of artificial intelligence driven quantum technologies",Discover Artificial Intelligence,2024,4,1,,10.1007/s44163-024-00171-y,2731-0809,,http://dx.doi.org/10.1007/s44163-024-00171-y,Springer Science and Business Media LLC
T66CUXQU,journalArticle,"Carini, Claudio; Seyhan, Attila A.",Tribulations and future opportunities for artificial intelligence in precision medicine,Journal of Translational Medicine,2024,22,1,,10.1186/s12967-024-05067-0,1479-5876,,http://dx.doi.org/10.1186/s12967-024-05067-0,Springer Science and Business Media LLC
U6M8ZES5,journalArticle,"Alkhafaji, Nadia; Viana, Thiago; Al-Sherbaz, Ali",Integrated Genetic Algorithm and Deep Learning Approach for Effective Cyber-Attack Detection and Classification in Industrial Internet of Things (IIoT) Environments,Arabian Journal for Science and Engineering,2024,50,15,12071–12095,10.1007/s13369-024-09663-6,2191-4281,,http://dx.doi.org/10.1007/s13369-024-09663-6,Springer Science and Business Media LLC
TMF2ZNZ5,journalArticle,"Alatawi, Mohammed Naif",Edge computing and federated learning for privacy-preserving IoT analytics,Journal on Wireless Communications and Networking,2025,2026,1,,10.1186/s13638-025-02545-x,3091-4531,,http://dx.doi.org/10.1186/s13638-025-02545-x,Springer Science and Business Media LLC
T5NS5N38,journalArticle,"Anuja, R.; Annrose, J.",End-to-end deep learning for smart maritime threat detection: an AE–CNN–LSTM-based approach,Scientific Reports,2025,15,1,,10.1038/s41598-025-19450-4,2045-2322,,http://dx.doi.org/10.1038/s41598-025-19450-4,Springer Science and Business Media LLC
TTK3RH8P,journalArticle,"Ahmad, Syed Zubair; Qamar, Farhan",A hybrid AI based framework for enhancing security in satellite based IoT networks using high performance computing architecture,Scientific Reports,2024,14,1,,10.1038/s41598-024-78262-0,2045-2322,,http://dx.doi.org/10.1038/s41598-024-78262-0,Springer Science and Business Media LLC
U7U49P8X,conferencePaper,"Amudha, G.; Saraswathi, T.; Abirami, P.; Devi, P.G.; Priyadharsini, S.A.; Ezhilvendan, M.","Smart Distributed Information Systems: Architectures, Enabling Technologies, and Future Directions",,2026,,,409–415,10.1109/ICVADV67766.2026.11470449,,,https://www.scopus.com/pages/publications/105037454317?origin=resultslist,
TVSHQXTG,journalArticle,"Li, C.; Zhu, H.; Li, D.",A Systematic Review of Human-Aware Systems in Manufacturing and Logistics: Overcoming Obstacles With Advanced Modeling Techniques,Engineering Reports,2025,7,12,,10.1002/eng2.70513,,,https://www.scopus.com/pages/publications/105023293150?origin=resultslist,
TV8T4CDQ,conferencePaper,"Ravi, S.K.; Pandita, P.; Sun, C.; Wang, L.",HETEROGENEOUS TRANSFER LEARNING FOR DESIGN AND MANUFACTURING PROCESS MODELING THROUGH INPUT MAPPING AND MULTI-FIDELITY GAUSSIAN PROCESS,,2024,2A-2024,,,10.1115/DETC2024-143998,,,https://www.scopus.com/pages/publications/85210528824?origin=resultslist,
TSB5IHGT,conferencePaper,"Thalagondapati, V.; Kumar, G.P.; Prajay, N.; Mouli, S.S.; Pvn, P.",Federated Learning-Driven Optimization of Wake-Up Scheduling in Dense IoT Networks,,2025,,,,10.1109/ICETCI67340.2025.11258058,,,https://www.scopus.com/pages/publications/105030175415?origin=resultslist,
TZWPMNGH,journalArticle,"Chaves, A.J.; Martín, C.; Díaz, M.",Towards flexible data stream collaboration: Federated Learning in Kafka-ML,Internet of Things (Netherlands),2024,25,,,10.1016/j.iot.2023.101036,,,https://www.scopus.com/pages/publications/85182888354?origin=resultslist,
SYC42CS4,journalArticle,"Iqbal, Z.; Hassan, S.Z.; Zhao, J.; Javed, M.; Mufti, M.R.; Saeed, T.; Zeb, M.S.",MilQAuth: An Improved and Quantum-Resistant Authentication Framework for Quantum Federated Learning in Military Communication Networks,Software - Practice and Experience,2026,56,6,709–733,10.1002/spe.70066,,,https://www.scopus.com/pages/publications/105034755948?origin=resultslist,
UUJFYUCH,journalArticle,"Ren, C.; Jiang, B.; Lu, N.",Federated Learning With Potential Partnership Identification for Accurate Prediction in Flexible Manufacturing System,IEEE Transactions on Reliability,2025,74,2,2549–2560,10.1109/TR.2024.3427813,,,https://www.scopus.com/pages/publications/85218958501?origin=resultslist,
UUDGZFKK,conferencePaper,S. K. Gudipati; A. Mohammed; S. R. Akkisetti,Trust-Aware Generative AI Agents for Secure and Autonomous Industrial IoT Workflows,2026 International Conference on Emerging Smart Computing and Informatics (ESCI),2026,,,1–8,10.1109/ESCI68015.2026.11493287,,2996-1815,,
UTPD6JC4,conferencePaper,Y. Yue; Z. Ming; Q. Zhijie; L. Lei; C. Hong,A Data Protection-Oriented Design Procedure for a Federated Learning Framework,2020 International Conference on Wireless Communications and Signal Processing (WCSP),2020,,,968–974,10.1109/WCSP49889.2020.9299730,,2472-7628,,
UMQZEZQ9,journalArticle,T. Mohammed; S. -A. Naas; S. Sigg; M. Di Francesco,Knowledge Sharing in AI Services: A Market-Based Approach,IEEE Internet of Things Journal,2023,10,2,1320–1331,10.1109/JIOT.2022.3206585,2327-4662,,,
UMICHQHF,journalArticle,"Russell, M.; Wang, P.",Maximizing model generalization for machine condition monitoring with Self-Supervised Learning and Federated Learning,Journal of Manufacturing Systems,2023,71,,274–285,10.1016/j.jmsy.2023.09.008,,,https://www.scopus.com/pages/publications/85172695754?origin=resultslist,
USLX6Y7H,journalArticle,"Mehta, M.; Shao, C.",Federated learning-based semantic segmentation for pixel-wise defect detection in additive manufacturing,Journal of Manufacturing Systems,2022,64,,197–210,10.1016/j.jmsy.2022.06.010,,,https://www.scopus.com/pages/publications/85133231510?origin=resultslist,
UGKL7A4Q,journalArticle,"Aouedi, O.; Piamrat, K.; Muller, G.; Singh, K.",Federated Semisupervised Learning for Attack Detection in Industrial Internet of Things,IEEE Transactions on Industrial Informatics,2023,19,1,286–295,10.1109/TII.2022.3156642,,,https://www.scopus.com/pages/publications/85126283422?origin=resultslist,
V3A82J23,journalArticle,"Qu, Yanfeng; Zhang, Yizhong; Wang, Yadong; Yang, Yaoqi",Secure and privacy-preserving issues in integrated sensing and communication-enabled wireless networks: a survey,EURASIP Journal on Advances in Signal Processing,2025,2026,1,,10.1186/s13634-025-01277-w,1687-6180,,http://dx.doi.org/10.1186/s13634-025-01277-w,Springer Science and Business Media LLC
UG79BIQZ,journalArticle,"Kaushik, Deepak; Gulia, Preeti; Gill, Nasib Singh; Yahya, Mohammad; Shukla, Piyush Kumar; Shreyas, J.",Synergizing blockchain and AI to fortify IoT security: a comprehensive review,Artificial Intelligence Review,2026,59,2,,10.1007/s10462-025-11434-0,1573-7462,,http://dx.doi.org/10.1007/s10462-025-11434-0,Springer Science and Business Media LLC
UW6Q5Y24,journalArticle,"Ayeelyan, John; Utomo, Sapdo; Rouniyar, Adarsh; Hsu, Hsiu-Chun; Hsiung, Pao-Ann",Federated learning design and functional models: survey,Artificial Intelligence Review,2024,58,1,,10.1007/s10462-024-10969-y,1573-7462,,http://dx.doi.org/10.1007/s10462-024-10969-y,Springer Science and Business Media LLC
UKJVQS6F,journalArticle,"Yadegari, Fatemeh; Asosheh, Abbas","A unified IoT architectural model for smart hospitals: enhancing interoperability, security, and efficiency through clinical information systems (CIS)",Journal of Big Data,2025,12,1,,10.1186/s40537-025-01197-4,2196-1115,,http://dx.doi.org/10.1186/s40537-025-01197-4,Springer Science and Business Media LLC
VIA658PU,journalArticle,"Tashkinov, Aleksey G.",The application of industry 4.0 into the company’s production activities through effective decision-making,Scientific Reports,2025,15,1,,10.1038/s41598-025-15688-0,2045-2322,,http://dx.doi.org/10.1038/s41598-025-15688-0,Springer Science and Business Media LLC
V3SU39AY,journalArticle,"Swati; Roy, Sangita; Singh, Jawar; Mathew, Jimson",Securing IIoT systems against DDoS attacks with adaptive moving target defense strategies,Scientific Reports,2025,15,1,,10.1038/s41598-025-93138-7,2045-2322,,http://dx.doi.org/10.1038/s41598-025-93138-7,Springer Science and Business Media LLC
VCSZP4N8,journalArticle,"Rawat, Romil; Rawat, Hitesh; Rawat, Anjali",Energy-aware detection of threat information propagation speed in social network of things using XGBoost and sequential pattern mining,Discover Computing,2025,28,1,,10.1007/s10791-025-09741-9,2948-2992,,http://dx.doi.org/10.1007/s10791-025-09741-9,Springer Science and Business Media LLC
V5C4PCVR,journalArticle,"Saeedi Taleghani, Elmira; Sandoval Orozco, Ana Lucila; García Villalba, Luis Javier",GATTrust: Learning Node Reputation in 6 G Networks Via a Hybrid GNN–SVM Framework,Journal of Network and Systems Management,2026,34,3,,10.1007/s10922-026-10050-9,1573-7705,,http://dx.doi.org/10.1007/s10922-026-10050-9,Springer Science and Business Media LLC
V7MYRPNU,journalArticle,"Opatz, Tim; Conrad, Felix; Wiemer, Hajo; Ihlenfeldt, Steffen",Effects of cross-factory horizontal and cross-stage vertical data integration on predictive readiness for data-driven manufacturing optimization,The International Journal of Advanced Manufacturing Technology,2026,143,9-10,5173–5187,10.1007/s00170-026-17764-9,1433-3015,,http://dx.doi.org/10.1007/s00170-026-17764-9,Springer Science and Business Media LLC
V77Z5Z9G,journalArticle,"Li, Wen; Luo, Yahui; Jiang, Ping; Dong, Xiang; Tang, Kaiwen; Liang, Zhiluo; Shi, Yixin","A sustainable crop protection through integrated technologies: UAV-based detection, real-time pesticide mixing, and adaptive spraying",Scientific Reports,2025,15,1,,10.1038/s41598-025-19473-x,2045-2322,,http://dx.doi.org/10.1038/s41598-025-19473-x,Springer Science and Business Media LLC
V6VM53WP,journalArticle,"Martínez Beltrán, Enrique Tomás; Sánchez Sánchez, Pedro Miguel; López Bernal, Sergio; Bovet, Gérôme; Gil Pérez, Manuel; Martínez Pérez, Gregorio; Huertas Celdrán, Alberto",Mitigating communications threats in decentralized federated learning through moving target defense,Wireless Networks,2024,30,9,7407–7421,10.1007/s11276-024-03667-8,1572-8196,,http://dx.doi.org/10.1007/s11276-024-03667-8,Springer Science and Business Media LLC
UJLQP28N,journalArticle,"Maghrabi, Louai A.; Ragab, Mahmoud; Alghamdi, Bandar; Alorfi, Almuhannad S.; Hamed, Diaa; Alharbi, Amal; Al-Ghamdi, Abdullah AL-Malaise",Mitigating distributed denial of service-based cyberattack in federated computing framework using deep reinforcement learning with frilled lizard algorithm,Scientific Reports,2025,15,1,,10.1038/s41598-025-23899-8,2045-2322,,http://dx.doi.org/10.1038/s41598-025-23899-8,Springer Science and Business Media LLC
VDDW57X2,bookSection,"Kumar, Korupalli V. Rajesh; Murugappan, M.; Nithisha, Donthula; Tejaswani, Balla Bala Bhargava; Reddy, Birru Bhavitha; Pendyala, Mohan Virendra Chaitanya; Hemachandran, K.",AI-Driven Anomaly Detection in Textile Manufacturing Using IoT and Deep Learning,"Proceedings of the 2nd Symposium on Smart, Sustainable, and Secure Internet of Things",2026,,,329–339,10.1007/978-981-95-5136-1_31,1876-1119,9789819551361,http://dx.doi.org/10.1007/978-981-95-5136-1_31,Springer Nature Singapore
VDSFNCGW,journalArticle,"Khdhir, Radhia; Magdich, Amina; Elloumi, Mourad; Asklany, Somia; Hamdaoui, Rim; Abbas, Ghulam; Elrashidi, Ali",Building resilient national critical infrastructure: A digital twin-based framework for comprehensive insider and external threat detection,Journal of King Saud University Computer and Information Sciences,2026,38,3,,10.1007/s44443-026-00464-5,2213-1248,,http://dx.doi.org/10.1007/s44443-026-00464-5,Springer Science and Business Media LLC
VCFKCB3U,journalArticle,"Keluli, Veronica Dwiyanti Witak; Gaol, Ford Lumban; Matsuo, Tokuro",AI-based cyber risk profiling of public IoT devices in Indonesia with blockchain logging mechanism,Discover Internet of Things,2026,6,1,,10.1007/s43926-026-00337-3,2730-7239,,http://dx.doi.org/10.1007/s43926-026-00337-3,Springer Science and Business Media LLC
UJEZFIXU,journalArticle,"Kandasamy, V.; Roseline, A. Ameelia",Harnessing advanced hybrid deep learning model for real-time detection and prevention of man-in-the-middle cyber attacks,Scientific Reports,2025,15,1,,10.1038/s41598-025-85547-5,2045-2322,,http://dx.doi.org/10.1038/s41598-025-85547-5,Springer Science and Business Media LLC
UEKVW5CW,journalArticle,"Khemani, Kushal; Qureshi, Anjum Nazir",AI-driven predictive maintenance for connected vehicles using environmental context integration evaluated through simulation benchmarking and field validation,Discover Vehicles,2026,2,1,,10.1007/s44465-026-00023-2,3059-4480,,http://dx.doi.org/10.1007/s44465-026-00023-2,Springer Science and Business Media LLC
VF4SKHZV,bookSection,"Islam, Sabiul; Karam, Andrew; Boualem, Adda; Pathan, Khaja Valli; Sayed, Ahmed F.; Rahman, Atta-ur",6G-Enabled Network Security in Drone Technology: Revolutionizing Communications and Enhancing Security Applications,Nordic e-Infrastructure Tomorrow,2025,,,28–44,10.1007/978-3-031-86240-3_3,1865-0937,978-3-031-86240-3,http://dx.doi.org/10.1007/978-3-031-86240-3_3,Springer Nature Switzerland
VAG3DZZA,journalArticle,"Homaei, Mohammadhossein; Mogollón-Gutiérrez, Óscar; Sancho, José Carlos; Ávila, Mar; Caro, Andrés",A review of digital twins and their application in cybersecurity based on artificial intelligence,Artificial Intelligence Review,2024,57,8,,10.1007/s10462-024-10805-3,1573-7462,,http://dx.doi.org/10.1007/s10462-024-10805-3,Springer Science and Business Media LLC
V5T3AUCK,journalArticle,"Hamid, Ishrag; Rahman, M. M. Hafizur","AI, machine learning and deep learning in cyber risk management",Discover Sustainability,2025,6,1,,10.1007/s43621-025-01012-3,2662-9984,,http://dx.doi.org/10.1007/s43621-025-01012-3,Springer Science and Business Media LLC
V4FN68TB,journalArticle,"Gupta, Huma; Jadhav, Akshay; Bisht, Abhay Singh",Comparative Analysis of Machine and Deep Learning Models for Intrusion Detection in Fog-Enabled IoT Networks,International Journal of Networked and Distributed Computing,2025,14,1,,10.1007/s44227-025-00079-8,2211-7946,,http://dx.doi.org/10.1007/s44227-025-00079-8,Springer Science and Business Media LLC
US82T35H,journalArticle,"Izuazu, Urslla Uchechi; Nwakanma, Cosmas Ifeanyi; Kim, Dong-Seong; Lee, Jae Min",Explainable and perturbation-resilient model for cyber-threat detection in industrial control systems Networks,Discover Internet of Things,2025,5,1,,10.1007/s43926-025-00100-0,2730-7239,,http://dx.doi.org/10.1007/s43926-025-00100-0,Springer Science and Business Media LLC
UHFUH5X7,journalArticle,"Ghosh, Kingkar Prosad; Hasan, Mehedi; Robin, Md. Towhidul Islam; Hossain, Md. Alamgir; Islam, Md. Samiul",A novel deep learning framework with temporal attention convolutional networks for intrusion detection in IoT and IIoT networks,Scientific Reports,2025,15,1,,10.1038/s41598-025-32697-1,2045-2322,,http://dx.doi.org/10.1038/s41598-025-32697-1,Springer Science and Business Media LLC
VESUYTTQ,journalArticle,"Dratnal, Martin; Danys, Lukas; Martinek, Radek",Bio-inspired optimization methods for visible light communication: a comprehensive review,Artificial Intelligence Review,2025,58,8,,10.1007/s10462-025-11251-5,1573-7462,,http://dx.doi.org/10.1007/s10462-025-11251-5,Springer Science and Business Media LLC
VAIAJT2Y,journalArticle,"Fahim, Yosri A.; Hasani, Ibrahim W.; Kabba, Samer; Ragab, Waleed Mahmoud","Artificial intelligence in healthcare and medicine: clinical applications, therapeutic advances, and future perspectives",European Journal of Medical Research,2025,30,1,,10.1186/s40001-025-03196-w,2047-783X,,http://dx.doi.org/10.1186/s40001-025-03196-w,Springer Science and Business Media LLC
UYXU3LH5,journalArticle,"Ebrahimi Mood, Sepehr; Souri, Alireza; İnanç, Nihat; Chen, Mu-Yen",A novel gallop operator for horse herd optimization algorithm: application to feature selection of safety defect prediction in UAV,Cluster Computing,2025,28,13,,10.1007/s10586-025-05460-4,1573-7543,,http://dx.doi.org/10.1007/s10586-025-05460-4,Springer Science and Business Media LLC
UVY4JMGB,journalArticle,"Gao, Yifang; Luo, Wei; Wang, Chuanchuan; Ahmad, Nur Syazreen; Wang, Xiaojun; Goh, Patrick",A privacy-preserving multi-user retrieval system for multimodal artificial intelligence,Scientific Reports,2026,16,1,,10.1038/s41598-026-40734-w,2045-2322,,http://dx.doi.org/10.1038/s41598-026-40734-w,Springer Science and Business Media LLC
UQS8HY54,journalArticle,"Elsedimy, E. I.; AboHashish, Sara M. M.",An intelligent hybrid approach combining fuzzy C-means and the sperm whale algorithm for cyber attack detection in IoT networks,Scientific Reports,2025,15,1,,10.1038/s41598-024-79230-4,2045-2322,,http://dx.doi.org/10.1038/s41598-024-79230-4,Springer Science and Business Media LLC
UM5YWCER,journalArticle,"Dutta, Ashit Kumar; Anjum, Mohd; Min, Hong; Daradkeh, Yousef Ibrahim; Seo, Jung Taek; Shahab, Sana",Digital twin-assisted blockchain IoT security model using contrastive and causal learning techniques,Scientific Reports,2026,16,1,,10.1038/s41598-026-47104-6,2045-2322,,http://dx.doi.org/10.1038/s41598-026-47104-6,Springer Science and Business Media LLC
V8Y8F2HQ,journalArticle,"Assudani, Purshottam J.; P, Balakrishnan; A, Anny Leema; George, Gina; Avthankar, Ankita; Tiwari, Aditya; Bhaiyya, Manish; Kulkarni, Madhusudan B.","Biosensing technologies for foodborne pathogen detection and healthcare: principles, emerging materials, and intelligent platforms",Microchimica Acta,2026,193,4,,10.1007/s00604-026-07976-x,1436-5073,,http://dx.doi.org/10.1007/s00604-026-07976-x,Springer Science and Business Media LLC
VGWZIH98,journalArticle,"Alasmari, Sara Mohammed; Sakly, Houneida; Kraiem, Naoufel; Algarni, Ali",Phishing detection in IoT: an integrated CNN-LSTM framework with explainable AI and LLM-enhanced analysis,Discover Internet of Things,2025,5,1,,10.1007/s43926-025-00202-9,2730-7239,,http://dx.doi.org/10.1007/s43926-025-00202-9,Springer Science and Business Media LLC
UVT4VJEG,journalArticle,"Alotaibi, Jamal",Energy-efficient trust management for secure IoT devices in information-centric wireless sensor networks,Peer-to-Peer Networking and Applications,2026,19,2,,10.1007/s12083-025-02194-3,1936-6450,,http://dx.doi.org/10.1007/s12083-025-02194-3,Springer Science and Business Media LLC
UMNB82CP,journalArticle,"Alhams, Amir; Abdelhadi, Ahmed; Badri, Yousif; Sassi, Sadok; Renno, Jamil",Enhanced Bearing Fault Diagnosis Through Trees Ensemble Method and Feature Importance Analysis,Journal of Vibration Engineering &amp; Technologies,2024,12,S1,109–125,10.1007/s42417-024-01405-0,2523-3939,,http://dx.doi.org/10.1007/s42417-024-01405-0,Springer Science and Business Media LLC
VGIFDR4E,journalArticle,"Acquaah, Yaa; Roy, Kaushik",Realistic synthetic dataset generation for cyber-physical systems: a performance evaluation,Discover Applied Sciences,2025,7,7,,10.1007/s42452-025-07292-8,3004-9261,,http://dx.doi.org/10.1007/s42452-025-07292-8,Springer Science and Business Media LLC
UQ29B7T3,conferencePaper,"Agrawal, K.; Nargund, N.",Deep Learning in Industry 4.0: Transforming Manufacturing Through Data-Driven Innovation,,2024,14501,,222–236,10.1007/978-3-031-50583-6_15,,,https://www.scopus.com/pages/publications/85181978672?origin=resultslist,
UPDLRIRK,journalArticle,"Badakhshan, E.; Mustafee, N.; Bahadori, R.",Application of simulation and machine learning in supply chain management: A synthesis of the literature using the Sim-ML literature classification framework,Computers and Industrial Engineering,2024,198,,,10.1016/j.cie.2024.110649,,,https://www.scopus.com/pages/publications/85207951036?origin=resultslist,
V5DGUQZB,conferencePaper,"Zhang, C.; Zhang, C.; Cui, H.; Li, P.; Wan, Y.; Sun, D.; Fan, H.; Ma, H.",Embodied Intelligence-Driven Framework for UAV Power Inspection Systems: Federated Reinforcement Learning for Multi-agent Collaborative Optimization,,2025,2571 CCIS,,292–301,10.1007/978-981-96-9964-3_25,,,https://www.scopus.com/pages/publications/105011991289?origin=resultslist,
VFC4M3RQ,conferencePaper,"Shankar, A.; Decouchant, J.; Gkorou, D.; Hai, R.; Chen, L.",Share Secrets for Privacy: Confidential Forecasting with Vertical Federated Learning,,2025,15992 LNCS,,358–379,10.1007/978-3-032-00624-0_18,,,https://www.scopus.com/pages/publications/105013740306?origin=resultslist,
VGNMDX7L,conferencePaper,"Sharma, S.; Bhadula, S.",Secure Federated Learning for Intelligent Industry 4.0 IoT Enabled Self Skin Care Application System,,2023,,,1164–1170,10.1109/ICAAIC56838.2023.10141028,,,https://www.scopus.com/pages/publications/85163678128?origin=resultslist,
UK45FPKI,journalArticle,"Song, Y.; Liu, T.; Wei, T.; Wang, X.; Tao, Z.; Chen, M.",FDA3: Federated Defense against Adversarial Attacks for Cloud-Based IIoT Applications,IEEE Transactions on Industrial Informatics,2021,17,11,7830–7838,10.1109/TII.2020.3005969,,,https://www.scopus.com/pages/publications/85111958405?origin=resultslist,
UQ8BJKDZ,conferencePaper,"Jemmali, M.; Sallam, K.M.; Turky, A.; Chakrabortty, R.K.",Parallel Machine problem under Dejong's Learning Curves Constraints to Minimize the Makespan: Impact of Curves,,2024,2024-December,,1741–1750,,,,https://www.scopus.com/pages/publications/105003271736?origin=resultslist,
UMATANIK,journalArticle,"Diamantoulaki, I.; Tegos, S.A.; Bouzinis, P.S.; Sarigiannidis, P.; Chatzakis, C.; Petousis, S.; Maglaveras, N.; Karagiannidis, G.K.",Healthcare Industry 5.0: Pareto-Optimal IoT-Based Health Monitoring With Federated Learning,IEEE Internet of Things Journal,2025,12,13,24215–24229,10.1109/JIOT.2025.3557575,,,https://www.scopus.com/pages/publications/105002463110?origin=resultslist,
UGCHRIQB,journalArticle,"Arif, A.; Ali, M.Z.H.; Haider, S.Z.Q.; Niaz, Q.",AI-Driven Edge Computing for IoT: Revolutionizing Phishing Detection and Mitigation,Journal of Computing and Biomedical Informatics,2025,9,1,,,,,https://www.scopus.com/pages/publications/105027173040?origin=resultslist,
VZXP36H5,journalArticle,"Vijayalakshmi, K.; Rajakannu, A.; Ramachandran, K.P.; Sri Rajkavin, A.V.",Federated Learning-Based Futuristic Fault Diagnosis and Standardization in Rotating Machinery,SSRG International Journal of Electronics and Communication Engineering,2024,11,9,223–236,10.14445/23488549/IJECE-V11I9P120,,,https://www.scopus.com/pages/publications/85206434208?origin=resultslist,
VQNKFKR9,conferencePaper,"Mayer, J.; Unterberg, M.; Ortjohann, L.; Becker, M.; Niemietz, P.; Bergs, T.",Industrial Data Marketplaces: Requirements and Potentials for Enabling Digital Twins,,2026,277,,850–859,10.1016/j.procs.2026.02.126,,,https://www.scopus.com/pages/publications/105040230071?origin=resultslist,
WNN27GGA,conferencePaper,H. Feng,The Application of Blockchain Technology in Hospital Information Management and Security,"2024 International Conference on Industrial IoT, Big Data and Supply Chain (IIoTBDSC)",2024,,,307–313,10.1109/IIoTBDSC64371.2024.00062,,,,
WKPU9F2B,conferencePaper,"Nishchitha, T.S.; Manjunath, R.",A Review of Federated Reinforcement Learning Approaches in Software-Defined IIoT Networks,,2025,,,,10.1109/CSITSS67709.2025.11294322,,,https://www.scopus.com/pages/publications/105031416364?origin=resultslist,
WVHYWUSF,journalArticle,"Mao, Jianhui; Xu, Wenjun; Li, Dongfang; Zhu, Huiyi; Yang, Fuyong",A TCN-Attention fusion model for fault prediction and remaining useful life estimation of large-scale mining equipment,Scientific Reports,2026,16,1,,10.1038/s41598-026-43145-z,2045-2322,,http://dx.doi.org/10.1038/s41598-026-43145-z,Springer Science and Business Media LLC
W8NLYVWW,conferencePaper,"Safri, H.; Kandi, M.M.; Miloudi, Y.; Bortolaso, C.; Trystram, D.; Desprez, F.",Towards Developing a Global Federated Learning Platform for IoT,,2022,2022-July,,1312–1315,10.1109/ICDCS54860.2022.00145,,,https://www.scopus.com/pages/publications/85140888374?origin=resultslist,
WCR2RREL,conferencePaper,"Belay, M.A.; Rasheed, A.; Rossi, P.S.",Digital Twin Knowledge Distillation for Federated Semi-Supervised Industrial IoT DDoS Detection,,2025,,,,10.1109/CISDBCompanion65092.2025.11010678,,,https://www.scopus.com/pages/publications/105010208728?origin=resultslist,
WEFFNLRY,journalArticle,"Samadder, M.; Barman, A.K.; Munshi, S.; Madhu, U.",TADDA-4i: A Scalable and Secure Tangle-Assisted Decentralized Framework for Industrial Analytics in Industry 4.0,SSRG International Journal of Electronics and Communication Engineering,2026,13,2,40–52,10.14445/23488549/IJECE-V13I2P104,,,https://www.scopus.com/pages/publications/105031057409?origin=resultslist,
WAJHJ252,conferencePaper,B. C. Gül; S. Tziampazis; N. Jazdi; M. Weyrich,SyncFed: Time-Aware Federated Learning through Explicit Timestamping and Synchronization,2025 IEEE 30th International Conference on Emerging Technologies and Factory Automation (ETFA),2025,,,1–8,10.1109/ETFA65518.2025.11205776,,1946-0759,,
WD6IQLSK,journalArticle,"Brik, B.; Messaadia, M.; Sahnoun, M.; Bettayeb, B.; Benatia, M.A.",Fog-supported Low-latency Monitoring of System Disruptions in Industry 4.0: A Federated Learning Approach,ACM Transactions on Cyber-Physical Systems,2022,6,2,,10.1145/3477272,,,https://www.scopus.com/pages/publications/85131055104?origin=resultslist,
W6RB9442,conferencePaper,"Nasri, S.A.E.L.M.; Ullah, I.; Madden, M.G.",Compression scenarios for Federated Learning in Smart Manufacturing,,2022,217,,436–445,10.1016/j.procs.2022.12.239,,,https://www.scopus.com/pages/publications/85163893630?origin=resultslist,
W38XKRGE,journalArticle,B. Guo; Y. Liu; S. Liu; Z. Yu; X. Zhou,"CrowdHMT: Crowd Intelligence With the Deep Fusion of Human, Machine, and IoT",IEEE Internet of Things Journal,2022,9,24,24822–24842,10.1109/JIOT.2022.3194726,2327-4662,,,
VJUL49AP,journalArticle,"Maya, G.; Suganya, A.",Enhancing workplace productivity with secure AI using federated contrastive learning model for performance optimization,Scientific Reports,2025,15,1,,10.1038/s41598-025-25153-7,2045-2322,,http://dx.doi.org/10.1038/s41598-025-25153-7,Springer Science and Business Media LLC
WNJV88UA,journalArticle,"Salas, Mariangeles; Singh, Anand; Pignataro, Carlos; Pal, Lokendra",AI-powered open-source infrastructure for accelerating materials discovery and advanced manufacturing,Communications Materials,2026,7,1,,10.1038/s43246-026-01105-0,2662-4443,,http://dx.doi.org/10.1038/s43246-026-01105-0,Springer Science and Business Media LLC
WKG2FTKB,journalArticle,"Li, Kun; Lohachab, Ankur; Dumontier, Michel; Urovi, Visara",Privacy preservation in blockchain-based healthcare data sharing: A systematic review,Peer-to-Peer Networking and Applications,2025,18,6,,10.1007/s12083-025-02148-9,1936-6450,,http://dx.doi.org/10.1007/s12083-025-02148-9,Springer Science and Business Media LLC
WBW9UKXN,journalArticle,"Pathak, Mayank; Mishra, Kamta Nath; Singh, Satya Prakash",Securing data and preserving privacy in cloud IoT-based technologies an analysis of assessing threats and developing effective safeguard,Artificial Intelligence Review,2024,57,10,,10.1007/s10462-024-10908-x,1573-7462,,http://dx.doi.org/10.1007/s10462-024-10908-x,Springer Science and Business Media LLC
WAMQATPM,journalArticle,"Leal Filho, Walter; Kim, Eundeok; Borsatto, Jaluza Maria Lima Silva; Marcolin, Carla Bonato",Using artificial intelligence in sustainability teaching and learning,Environmental Sciences Europe,2025,37,1,,10.1186/s12302-025-01159-w,2190-4715,,http://dx.doi.org/10.1186/s12302-025-01159-w,Springer Science and Business Media LLC
W5ZJCUQU,journalArticle,"Misra, Sanjay; Barik, Kousik; Kvalvik, Petter","Trust in Digital Sovereignty: A Review of Security, Privacy, and Governance Challenges",Public Organization Review,2025,,,,10.1007/s11115-025-00968-0,1573-7098,,http://dx.doi.org/10.1007/s11115-025-00968-0,Springer Science and Business Media LLC
VJB2TCY9,journalArticle,"Jebamikyous, Hrag; Li, Menglu; Suhas, Yoga; Kashef, Rasha","Leveraging machine learning and blockchain in E-commerce and beyond: benefits, models, and application",Discover Artificial Intelligence,2023,3,1,,10.1007/s44163-022-00046-0,2731-0809,,http://dx.doi.org/10.1007/s44163-022-00046-0,Springer Science and Business Media LLC
WQRLVL9D,journalArticle,"Aslam, Saad; Aung, Pyi Phyo; Rafsanjani, Ahmad Sahban; Majeed, Anwar P. P. Abdul","Machine learning applications in energy systems: current trends, challenges, and research directions",Energy Informatics,2025,8,1,,10.1186/s42162-025-00524-6,2520-8942,,http://dx.doi.org/10.1186/s42162-025-00524-6,Springer Science and Business Media LLC
WPM44HT6,journalArticle,"Ansari, Shaharyar Alam; Ali, Salman",A systematic review of lightweight cryptographic schemes for security and privacy in IoT,Discover Computing,2025,28,1,,10.1007/s10791-025-09755-3,2948-2992,,http://dx.doi.org/10.1007/s10791-025-09755-3,Springer Science and Business Media LLC
VVJAEVKY,journalArticle,"Aslam, Muhammad Muzamil; Tufail, Ali; Gul, Haji; Irshad, Muhammad Nauman; Namoun, Abdallah",Artificial intelligence for secure and sustainable industrial control systems - A Survey of challenges and solutions,Artificial Intelligence Review,2025,58,11,,10.1007/s10462-025-11320-9,1573-7462,,http://dx.doi.org/10.1007/s10462-025-11320-9,Springer Science and Business Media LLC
WV95C2VZ,journalArticle,"Wu, Zhenmei; Zhang, Hong",Research on the construction of dynamic knowledge graph and intelligent decision-making for enterprise human resource information based on federated hyper graph neural network,Discover Applied Sciences,2025,8,1,,10.1007/s42452-025-08006-w,3004-9261,,http://dx.doi.org/10.1007/s42452-025-08006-w,Springer Science and Business Media LLC
WPF3RRV7,journalArticle,"Xu, Zhenyu; Wang, Jinming; Feng, Shujuan; Othmen, Salwa; Lhioui, Chahira; Flah, Aymen; Slanina, Zdenek",Optimizing data privacy and security measures for critical infrastructures via IoT based ADP2S technique,Scientific Reports,2025,15,1,,10.1038/s41598-025-94824-2,2045-2322,,http://dx.doi.org/10.1038/s41598-025-94824-2,Springer Science and Business Media LLC
WNT3WKCU,journalArticle,"Wang, Jianjun; Mishra, Rupesh; Singh, Suman; Sinha, Anurag; Kaur, Surinder; R, Madhumathi; Mishra, Shubhang; Dedhia, Pratham",A GWO-optimized dual-attention CNN-LSTM model for robust IIoT intrusion detection,Peer-to-Peer Networking and Applications,2026,19,4,,10.1007/s12083-026-02241-7,1936-6450,,http://dx.doi.org/10.1007/s12083-026-02241-7,Springer Science and Business Media LLC
WMK9SFVV,journalArticle,"Umar, Hafiz Gulfam Ahmad; Yasmeen, Iqra; Aoun, Muhammad; Mazhar, Tehseen; Khan, Muhammad Amir; Jaghdam, Ines Hilali; Hamam, Habib",Energy-efficient deep learning-based intrusion detection system for edge computing: a novel DNN-KDQ model,Journal of Cloud Computing,2025,14,1,,10.1186/s13677-025-00762-9,2192-113X,,http://dx.doi.org/10.1186/s13677-025-00762-9,Springer Science and Business Media LLC
W6IDR7LU,journalArticle,"Tang, Yuzang; Zha, Cheng",Application of internet of things (IoT) and machine learning (ML) in intelligent logistics supply chain,Discover Internet of Things,2026,6,1,,10.1007/s43926-026-00282-1,2730-7239,,http://dx.doi.org/10.1007/s43926-026-00282-1,Springer Science and Business Media LLC
VWHP8MNI,journalArticle,"Singh, Kumari Nutan; Goswami, Arup Kumar; Chudhury, Nalin Behari Dev; Shuaibu, Hassan Abdurrahman; Ustun, Taha Selim",Enhancing cybersecurity in virtual power plants by detecting network based cyber attacks using an unsupervised autoencoder approach,Scientific Reports,2025,15,1,,10.1038/s41598-025-01863-w,2045-2322,,http://dx.doi.org/10.1038/s41598-025-01863-w,Springer Science and Business Media LLC
WV4QJ92S,journalArticle,"Rong, Chunming; Geng, Jiahui; Hacker, Thomas J.; Bryhni, Haakon; Jaatun, Martin G.",OpenIaC: open infrastructure as code - the network is my computer,Journal of Cloud Computing,2022,11,1,,10.1186/s13677-022-00285-7,2192-113X,,http://dx.doi.org/10.1186/s13677-022-00285-7,Springer Science and Business Media LLC
WJDK286K,journalArticle,"Sanjalawe, Yousef; Al-E’mari, Salam; Fraihat, Salam; Makhadmeh, Sharif",AI-driven job scheduling in cloud computing: a comprehensive review,Artificial Intelligence Review,2025,58,7,,10.1007/s10462-025-11208-8,1573-7462,,http://dx.doi.org/10.1007/s10462-025-11208-8,Springer Science and Business Media LLC
VUEEUWHS,journalArticle,"Sasan, Zeinab; Khorsandi, Siavash",Balancing resource utilization and slice dissatisfaction through dynamic soft slicing for 6G wireless networks,Scientific Reports,2025,15,1,,10.1038/s41598-025-06521-9,2045-2322,,http://dx.doi.org/10.1038/s41598-025-06521-9,Springer Science and Business Media LLC
VKXP2FZI,journalArticle,"Rahmanian, Fuzhan; Lee, Robert M.; Linzner, Dominik; Michel, Kathrin; Merker, Leon; Berkes, Balazs B.; Nuss, Leah; Stein, Helge Sören",Attention towards chemistry agnostic and explainable battery lifetime prediction,npj Computational Materials,2024,10,1,,10.1038/s41524-024-01286-7,2057-3960,,http://dx.doi.org/10.1038/s41524-024-01286-7,Springer Science and Business Media LLC
W2UQD4DE,journalArticle,"Pai, Vasudeva; Karthik Pai, B. H.; Sudhiksha, G. S.; Kamath, Vandya; Varsha, K.; Manjunatha, S.",Systematic Approach for Malware Detection in IoT Devices: Enhancing Security and Performance,International Journal of Computational Intelligence Systems,2025,18,1,,10.1007/s44196-025-00939-9,1875-6883,,http://dx.doi.org/10.1007/s44196-025-00939-9,Springer Science and Business Media LLC
VS2HV86D,journalArticle,"Othman, Alia A.; Elmanakhly, Dina A.",A hybrid fungal growth and differential evolution algorithm for energy-efficient UAV trajectory planning in MEC,Scientific Reports,2026,16,1,,10.1038/s41598-026-54288-4,2045-2322,,http://dx.doi.org/10.1038/s41598-026-54288-4,Springer Science and Business Media LLC
WWKAQL3R,journalArticle,"Mandal, Subhadeep; Kar, Arpan Kumar; Gupta, Shivam; Sivarajah, Uthayasankar",Achieving Food Supply Chain Resilience During Natural Disasters Through Industry 5.0 Enablers—Empirical Insights Based on an FsQCA Approach,Information Systems Frontiers,2023,,,,10.1007/s10796-023-10439-w,1572-9419,,http://dx.doi.org/10.1007/s10796-023-10439-w,Springer Science and Business Media LLC
WMDUJIN3,journalArticle,"Manoj, T; Makkithaya, Krishnamoorthi; Narendra, V G",A Blockchain-Assisted Trusted Federated Learning for Smart Agriculture,SN Computer Science,2025,6,3,,10.1007/s42979-025-03672-4,2661-8907,,http://dx.doi.org/10.1007/s42979-025-03672-4,Springer Science and Business Media LLC
WKIAXB9J,journalArticle,"Guo, Gaoyang; Qamar, Faizan; Kazmi, Syed Hussain Ali; Ali, Fazlina Mohd; Ali, Ihsan",A hybrid deep learning approach with temporal awareness for intelligent intrusion detection in 6G-enabled IIoT networks,Scientific Reports,2026,16,1,,10.1038/s41598-026-43058-x,2045-2322,,http://dx.doi.org/10.1038/s41598-026-43058-x,Springer Science and Business Media LLC
WC2GENEF,journalArticle,"Fraihat, Salam; Yaseen, Qussai; Sanjalawe, Yousef; Abu-Errub, Aymen; Makhadmeh, Sharif Naser; Al-Betar, Mohammed Azmi",Intrusion detection in industrial internet of things network using feature optimization and hybrid deep learning,Discover Internet of Things,2026,6,1,,10.1007/s43926-026-00284-z,2730-7239,,http://dx.doi.org/10.1007/s43926-026-00284-z,Springer Science and Business Media LLC
WJ3GQ9C6,journalArticle,"Dong, Ru; Du, Juan; Liu, Cong",Deep recurrent neural networks for water hammer transient prediction and dynamic protection optimization in long distance pipelines,Scientific Reports,2026,16,1,,10.1038/s41598-026-41915-3,2045-2322,,http://dx.doi.org/10.1038/s41598-026-41915-3,Springer Science and Business Media LLC
VKYIJWSY,journalArticle,"Cheng, Suha; Feng, Xu",Ensemble-based detection of distributed denial-of-service attacks in IoT networks using majority decision mechanisms,Scientific Reports,2026,16,1,,10.1038/s41598-025-23638-z,2045-2322,,http://dx.doi.org/10.1038/s41598-025-23638-z,Springer Science and Business Media LLC
WGYX34PL,journalArticle,"Alhabib, Reem; Yadav, Poonam",Data authorisation and validation in autonomous vehicles: a critical review,Discover Applied Sciences,2025,7,7,,10.1007/s42452-025-07333-2,3004-9261,,http://dx.doi.org/10.1007/s42452-025-07333-2,Springer Science and Business Media LLC
W8C6TIT8,journalArticle,"Alsubaei, Faisal S.; Almazroi, Abdulwahab Ali; Atwa, Walid Said; Almazroi, Abdulaleem Ali; Ayub, Nasir; Jhanjhi, N. Z.",Adaptive malware identification via integrated SimCLR and GRU networks,Scientific Reports,2025,15,1,,10.1038/s41598-025-08556-4,2045-2322,,http://dx.doi.org/10.1038/s41598-025-08556-4,Springer Science and Business Media LLC
VVJRRFFR,journalArticle,"Alotaibi, Saud S.; Alghamdi, Turki Ali",Deep learning with leagues championship algorithm based intrusion detection on cybersecurity driven industrial IoT systems,Scientific Reports,2025,15,1,,10.1038/s41598-025-15464-0,2045-2322,,http://dx.doi.org/10.1038/s41598-025-15464-0,Springer Science and Business Media LLC
VSHRKNJ5,journalArticle,"Ali, Auwal Shehu; Zaaba, Zarul Fitri; Singh, Manmeet Mahinderjit; Anuar, Nor Badrul; Shariff, Mohd Ridzuan Bin M.","Advancing cybersecurity in ASEAN: current trends, emerging challenges, and opportunities for enhanced resilience",International Journal of Information Security,2025,24,5,,10.1007/s10207-025-01111-2,1615-5270,,http://dx.doi.org/10.1007/s10207-025-01111-2,Springer Science and Business Media LLC
W3V6IDKE,journalArticle,"Al-Bataineh, Bara; Schindler, Sirko; Peters, Diana; Paradies, Marcus; Pohl, Matthias",A systematic review of federated statistical heterogeneity in UAV applications,CEAS Aeronautical Journal,2025,17,2,735–757,10.1007/s13272-025-00865-8,1869-5590,,http://dx.doi.org/10.1007/s13272-025-00865-8,Springer Science and Business Media LLC
W2DSB55E,journalArticle,"Wang, C.-C.; Chien, C.-H.",Machine Learning for Industrial Optimization and Predictive Control: A Patent-Based Perspective with a Focus on Taiwan’s High-Tech Manufacturing,Processes,2025,13,7,,10.3390/pr13072256,,,https://www.scopus.com/pages/publications/105011666665?origin=resultslist,
WNLTKEP3,conferencePaper,"Ribeiro, J.; Santos, R.; Analide, C.; Silva, F.",Application of Federated Learning and xAI in I4.0 - A Case Study,,2025,1279 LNNS,,200–209,10.1007/978-3-031-83117-1_19,,,https://www.scopus.com/pages/publications/86000713868?origin=resultslist,
WG6WBJAK,journalArticle,"Alatawi, M.N.",EdgeGuard-IoT: 6G-Enabled Edge Intelligence for Secure Federated Learning and Adaptive Anomaly Detection in Industry 5.0,"Computers, Materials and Continua",2025,85,1,695–727,10.32604/cmc.2025.066606,,,https://www.scopus.com/pages/publications/105014913811?origin=resultslist,
WTSTHJQ2,conferencePaper,"Ivoghlian, A.; Salcic, Z.; Wang, K.I.-K.",Federated Reinforcement Learning for Automated LoRaWAN Management in Industrial IoT,,2024,593 LNICST,,136–155,10.1007/978-3-031-63989-0_7,,,https://www.scopus.com/pages/publications/85200437637?origin=resultslist,
VLMZUZCF,journalArticle,"Hu, X.; Cai, H.; Alazab, M.; Zhou, W.; Haghighi, M.S.; Wen, S.",Federated Learning in Industrial IoT: A Privacy-Preserving Solution That Enables Sharing of Data in Hydrocarbon Explorations,IEEE Transactions on Industrial Informatics,2024,20,3,4337–4346,10.1109/TII.2023.3306931,,,https://www.scopus.com/pages/publications/85174823229?origin=resultslist,
XL6EUN6L,journalArticle,"Piran, F.J.; Chen, Z.; Imani, M.; Imani, F.",Privacy-Preserving Federated Learning with Differentially Private Hyperdimensional Computing,Computers and Electrical Engineering,2025,123,,,10.1016/j.compeleceng.2025.110261,,,https://www.scopus.com/pages/publications/105000099792?origin=resultslist,
Y9N6W2HQ,conferencePaper,"Darwish, R.; Roy, K.","Comparative Analysis of Federated Learning, Deep Learning, and Traditional Machine Learning Techniques for IoT Malware Detection",,2025,,,,10.1109/ICAIC63015.2025.10849203,,,https://www.scopus.com/pages/publications/85218038003?origin=resultslist,
Y63S9VCG,journalArticle,"Zhao, Y.; Sun, Y.; Chen, N.; Sui, Y.; Cao, H.",FedFOC: Personalized Federated Learning via Fine-Grained One-Shot Clustering,IEEE Transactions on Industrial Informatics,2025,21,11,8396–8406,10.1109/TII.2025.3578131,,,https://www.scopus.com/pages/publications/105012096554?origin=resultslist,
Y5P5GSVU,journalArticle,A. Mostaani; T. X. Vu; S. K. Sharma; V. -D. Nguyen; Q. Liao; S. Chatzinotas,Task-Oriented Communication Design in Cyber-Physical Systems: A Survey on Theory and Applications,IEEE Access,2022,10,,133842–133868,10.1109/ACCESS.2022.3231039,2169-3536,,,
XDKYNM6F,conferencePaper,L. Luo; S. Meng; X. Qiu,Research on the Reliability of Cloud Edge Collaboration System for AI Applications,2025 12th International Conference on Dependable Systems and Their Applications (DSA),2025,,,535–536,10.1109/DSA66321.2025.00070,,2767-6684,,
XF35CLEN,conferencePaper,"Unar, A.A.; Ozcan, A.V.; Erelozcevik, M.",An Efficient Federated Learning-Based Digital Twin Edge Network: A Case Study for Industry 4.0,,2025,,,,10.1109/WCNC61545.2025.10978750,,,https://www.scopus.com/pages/publications/105006468401?origin=resultslist,
XIWUIVZR,journalArticle,"Qammar, A.; Wang, H.; Ding, J.; Naouri, A.; Khelloufi, A.; Ning, H.",A novel hybrid approach to detect clients in federated learning for industrial internet of things,International Journal of Machine Learning and Cybernetics,2025,16,11,9253–9269,10.1007/s13042-025-02753-3,,,https://www.scopus.com/pages/publications/105012030738?origin=resultslist,
XPAI8KSV,journalArticle,"Praveen, S. Phani; Sharma, Kanhaiya; Parashar, Deepak; Murthy, V. S. N.; Sirisha, Uddagiri; Dewi, Deshinta Arrova",Design of an iterative method for adaptive federated intrusion detection for energy-constrained edge-centric 6G IoT cyber-physical systems,Scientific Reports,2025,15,1,,10.1038/s41598-025-25293-w,2045-2322,,http://dx.doi.org/10.1038/s41598-025-25293-w,Springer Science and Business Media LLC
X6SNDIX4,conferencePaper,M. A. Jadoon; S. Robitzsch; A. Babu; L. Bhatia; F. Conceicao,Enabling ISAC in Industry 4.0: Challenges and Opportunities,2025 IEEE 101st Vehicular Technology Conference (VTC2025-Spring),2025,,,1–6,10.1109/VTC2025-Spring65109.2025.11174702,,2577-2465,,
XAN9C7PT,journalArticle,"Gao, Y.; Zhang, G.; Zhang, C.; Wang, J.; Yang, L.T.; Zhao, Y.",Federated tensor decomposition-based feature extraction approach for industrial IoT,IEEE Transactions on Industrial Informatics,2021,17,12,8541–8549,10.1109/TII.2021.3074152,,,https://www.scopus.com/pages/publications/85117626999?origin=resultslist,
XAMFU3WX,journalArticle,"Zong, Y.; Luo, Y.; Wu, Y.; Hu, W.; Luo, H.; Yu, Y.",A privacy-preserving federated learning algorithm for intelligent inspection in pumped storage power station,China Communications,2023,20,12,182–195,10.23919/JCC.fa.2022-0647.202312,,,https://www.scopus.com/pages/publications/85180597601?origin=resultslist,
WX43W2V8,journalArticle,"Zhao, H.; Pan, C.; Liu, M.; Jiao, D.; Zhu, H.",Adaptive Noise Trap of Layered Differential Privacy Against Privacy Leakage for Large-Scale Industrial Federated Learning,IEEE Transactions on Network Science and Engineering,2025,12,5,4044–4059,10.1109/TNSE.2025.3568030,,,https://www.scopus.com/pages/publications/105004949429?origin=resultslist,
XS4XLKTM,journalArticle,"Kumar, K.; Khari, M.",A privacy preserving mechanisms to secure data driven approaches in industrial internet of things: A bibliometric analysis,Peer-to-Peer Networking and Applications,2026,19,3,,10.1007/s12083-026-02220-y,,,https://www.scopus.com/pages/publications/105035056748?origin=resultslist,
Y8SF3SKK,journalArticle,"Rodrigues, Mark; Mayo, Michael; Patros, Panos",Surgical Tool Datasets for Machine Learning Research: A Survey,International Journal of Computer Vision,2022,130,9,2222–2248,10.1007/s11263-022-01640-6,1573-1405,,http://dx.doi.org/10.1007/s11263-022-01640-6,Springer Science and Business Media LLC
XFRZF5ZL,journalArticle,"Santos, Samara; Ottoni, André L. C.; Borgo, Rita; Ferreira, Danton; Nepomuceno, Erivelton",A systematic review of Green Machine Learning: practices and challenges for sustainability,Artificial Intelligence Review,2026,59,5,,10.1007/s10462-026-11515-8,1573-7462,,http://dx.doi.org/10.1007/s10462-026-11515-8,Springer Science and Business Media LLC
X9UN7FYB,journalArticle,"Sharma, Harshit; Arora, Gaurav; Singh, Manoj Kumar; Ayyappan, Vinod; Bhowmik, Papiya; Rangappa, Sanjay Mavinkere; Siengchin, Suchart",Review of machine learning approaches for predicting mechanical behavior of composite materials,Discover Applied Sciences,2025,7,11,,10.1007/s42452-025-07616-8,3004-9261,,http://dx.doi.org/10.1007/s42452-025-07616-8,Springer Science and Business Media LLC
Y5VMG7L5,journalArticle,"Koca, Murat; Çiftçi, Sabahattin","A comprehensive bibliometric analysis of Big Data and Cyber Security: intellectual structure, trends, and global collaborations",Knowledge and Information Systems,2025,67,11,10245–10270,10.1007/s10115-025-02531-1,0219-3116,,http://dx.doi.org/10.1007/s10115-025-02531-1,Springer Science and Business Media LLC
XELN5VSH,journalArticle,"Muthuraj, Rajesh; Chandrasekaran, Jaikanth",Nature meets machine: the AI renaissance in natural product drug discovery,Natural Products and Bioprospecting,2026,16,1,,10.1007/s13659-025-00589-6,2192-2209,,http://dx.doi.org/10.1007/s13659-025-00589-6,Springer Science and Business Media LLC
X9FUIUVJ,bookSection,"Olsson, Helena Holmström; Bosch, Jan",Strategic Digital Product Management in the Age of AI,Software Business,2024,,,344–359,10.1007/978-3-031-53227-6_24,1865-1356,978-3-031-53227-6,http://dx.doi.org/10.1007/978-3-031-53227-6_24,Springer Nature Switzerland
WXTDV3QV,journalArticle,"Moriano, Pablo; Hespeler, Steven C.; Li, Mingyan; Mahbub, Maria",Adaptive anomaly detection for identifying attacks in cyber-physical systems: A systematic literature review,Artificial Intelligence Review,2025,58,9,,10.1007/s10462-025-11292-w,1573-7462,,http://dx.doi.org/10.1007/s10462-025-11292-w,Springer Science and Business Media LLC
XSDUGRZB,journalArticle,"Alam, Shahzeb; Ramzan, Muhammad Atif; Zubair, Muhammad; Ullah, Ubaid; Ziaullah; Nawaz, Rab; Ullah, Rahmat",AI-driven resource allocation in cloud computing: a systematic review revealing critical sustainability and evaluation gaps,Computing,2026,108,5,,10.1007/s00607-026-01655-8,1436-5057,,http://dx.doi.org/10.1007/s00607-026-01655-8,Springer Science and Business Media LLC
XMUTP5E9,journalArticle,"Zhang, He; Li, Yilin; Zhang, Shuai; Song, Lukai; Tao, Fei",Artificial Intelligence-Enhanced Digital Twin Systems Engineering Towards the Industrial Metaverse in the Era of Industry 5.0,Chinese Journal of Mechanical Engineering,2025,38,1,,10.1186/s10033-025-01210-0,2192-8258,,http://dx.doi.org/10.1186/s10033-025-01210-0,Elsevier BV
XR5X73Z4,journalArticle,"Wankhede, Sonali B.; Patel, Dhiren",Federated learning and blockchain approach for securing IoT data,Discover Internet of Things,2025,5,1,,10.1007/s43926-025-00234-1,2730-7239,,http://dx.doi.org/10.1007/s43926-025-00234-1,Springer Science and Business Media LLC
WZACDPUN,journalArticle,"Wang, Fengchai; Wang, Kun",Federated learning-based trust and energy-aware routing in Fog–Cloud computing environments for the Internet of Things,Scientific Reports,2025,16,1,,10.1038/s41598-025-32010-0,2045-2322,,http://dx.doi.org/10.1038/s41598-025-32010-0,Springer Science and Business Media LLC
Y9XIP7NV,journalArticle,"Silva, Eliabe N.; Pinto, George P.; Silva, Claudio Jr N.; Peixoto, Maycon L. M.; Figueiredo, Gustavo B.; Santos, Bruno P.; Prazeres, Cassio V. S.",Enhancing IoT data reliability with blockchain and federated learning in edge environments,Discover Internet of Things,2026,6,1,,10.1007/s43926-026-00289-8,2730-7239,,http://dx.doi.org/10.1007/s43926-026-00289-8,Springer Science and Business Media LLC
XJ7FPH72,journalArticle,"Sun, Shuhan; Wang, Jiongqi; Xiao, Yaqi; Peng, Jian; Zhou, Xuanying",Few-shot RUL prediction for engines based on CNN-GRU model,Scientific Reports,2024,14,1,,10.1038/s41598-024-66377-3,2045-2322,,http://dx.doi.org/10.1038/s41598-024-66377-3,Springer Science and Business Media LLC
X6TIU49U,journalArticle,"Sridevi, Kotari; Masood, Waseema; Tanveer, Shahana; Mirza, Olfat M.; Sivakumar, Nithya Rekha; Selvarajan, Shitharth",ZuraNet: a hybrid rule-based intrusion detection system with deep learning for securing SCADA-driven cyber-physical systems,Scientific Reports,2026,16,1,,10.1038/s41598-026-40871-2,2045-2322,,http://dx.doi.org/10.1038/s41598-026-40871-2,Springer Science and Business Media LLC
WY7U7GCW,journalArticle,"Simaiya, Sarita; Singh, Vivek; Challa, Praveena; Sharma, Kapil Kumar; Pandurangan, Sathish Kuppan; Tekeste, Lidia Gosy; Ghith, Ehab Seif; Hussien, Shimaa A.; Lilhore, Umesh Kumar",AI driven system for enhancing consumer electronics through maintenance personalization and security,Scientific Reports,2026,16,1,,10.1038/s41598-026-37401-5,2045-2322,,http://dx.doi.org/10.1038/s41598-026-37401-5,Springer Science and Business Media LLC
XWDVIR5F,journalArticle,"Schultheis, Alexander; Alt, Benjamin; Bast, Sebastian; Guldner, Achim; Jilg, David; Katic, Darko; Mundorf, Johannes; Schlagenhauf, Tobias; Weber, Sebastian; Bergmann, Ralph; Bergweiler, Simon; Creutz, Lars; Dartmann, Guido; Malburg, Lukas; Naumann, Stefan; Rezapour, Mahdi; Ruskowski, Martin",EASY: Energy-Efficient Analysis and Control Processes in the Dynamic Edge-Cloud Continuum for Industrial Manufacturing,KI - Künstliche Intelligenz,2024,39,2,161–166,10.1007/s13218-024-00868-3,1610-1987,,http://dx.doi.org/10.1007/s13218-024-00868-3,Springer Science and Business Media LLC
XWVDC7ML,journalArticle,"Sajadieh, Seyed Mohammad Mehdi; Noh, Sang Do",From Simulation to Autonomy: Reviews of the Integration of Artificial Intelligence and Digital Twins,International Journal of Precision Engineering and Manufacturing-Green Technology,2025,12,5,1597–1628,10.1007/s40684-025-00750-z,2198-0810,,http://dx.doi.org/10.1007/s40684-025-00750-z,Springer Science and Business Media LLC
XUVUXD2G,journalArticle,"Rehman, Hafiz Muhammad Raza Ur; Liaquat, Saira; Gul, Muhammad Junaid; Jhandir, Muhammad Zeeshan; Gavilanes, Daniel; Vergara, Manuel Masias; Ashraf, Imran","A systematic literature study of machine learning techniques based intrusion detection: datasets, models, challenges, and future directions",Journal of Big Data,2025,12,1,,10.1186/s40537-025-01323-2,2196-1115,,http://dx.doi.org/10.1186/s40537-025-01323-2,Springer Science and Business Media LLC
WXXBWN4Z,journalArticle,"Li, Zhenjie",Sustainable supply chain management using Bi-GRU network optimized by hybrid maritime search and rescue algorithm,Scientific Reports,2025,15,1,,10.1038/s41598-025-25366-w,2045-2322,,http://dx.doi.org/10.1038/s41598-025-25366-w,Springer Science and Business Media LLC
XTZMJDGN,journalArticle,"Karst, Fabian Sven; Li, Mahei Manhai; Leimeister, Jan Marco",SynDEc: A Synthetic Data Ecosystem,Electronic Markets,2025,35,1,,10.1007/s12525-024-00746-8,1422-8890,,http://dx.doi.org/10.1007/s12525-024-00746-8,Springer Science and Business Media LLC
XVV2ZLQN,journalArticle,"Ghadami, Raheleh",An intrusion detection system in the Internet of Things with deep learning and an improved arithmetic optimization algorithm (AOA) and sine cosine algorithm (SCA),Scientific Reports,2025,15,1,,10.1038/s41598-025-22074-3,2045-2322,,http://dx.doi.org/10.1038/s41598-025-22074-3,Springer Science and Business Media LLC
XSYHKFTZ,journalArticle,"Hossain, Mohammad Ismail; Hossan, Md Refath; Shaon, Zahid Hassan; Ferdous, Md Nahid",Linking digital twin paradigm for urban heat monitoring and policy integration to building smart city climate resilience,Discover Cities,2026,3,1,,10.1007/s44327-025-00179-8,3004-8311,,http://dx.doi.org/10.1007/s44327-025-00179-8,Springer Science and Business Media LLC
XGV47VFS,journalArticle,"Javid, Iqra; Khara, Sibaram; Frnda, Jaroslav; Khanday, Shahbaz Ahmad; Wani, Niyaz Ahmad; Bedi, Jatin; Anwar, Muhammad Shahid",NIDD-enabled lightweight intrusion detection for effective DDoS mitigation in 5G and beyond,Scientific Reports,2025,15,1,,10.1038/s41598-025-26056-3,2045-2322,,http://dx.doi.org/10.1038/s41598-025-26056-3,Springer Science and Business Media LLC
X58NMJ94,journalArticle,"Gupta, Swati; Kishan, Bal",A performance-driven hybrid text-image classification model for multimodal data,Scientific Reports,2025,15,1,,10.1038/s41598-025-95674-8,2045-2322,,http://dx.doi.org/10.1038/s41598-025-95674-8,Springer Science and Business Media LLC
X3M65BSN,journalArticle,"Ghazal, Taher M.; Hasan, Mohammad Kamrul; Raju, Kola Narasimha; Khan, Muhammad Attique; Alshamayleh, Ahmad; Bhatt, Mohammed Wasim; Ahmad, Munir",Data Space Privacy Model with Federated Learning Technique for Securing IoT Communications in Autonomous Marine Vehicles,Journal of Intelligent &amp; Robotic Systems,2025,111,3,,10.1007/s10846-025-02298-1,1573-0409,,http://dx.doi.org/10.1007/s10846-025-02298-1,Springer Science and Business Media LLC
XD9BB8H9,journalArticle,"Dantas, Pierre Vilar; Sabino da Silva, Waldir; Cordeiro, Lucas Carvalho; Carvalho, Celso Barbosa",A comprehensive review of model compression techniques in machine learning,Applied Intelligence,2024,54,22,11804–11844,10.1007/s10489-024-05747-w,1573-7497,,http://dx.doi.org/10.1007/s10489-024-05747-w,Springer Science and Business Media LLC
Y2WD86MK,journalArticle,"Cao, Yang; Pokhrel, Shiva Raj; Zhu, Ye; Doss, Robin; Li, Gang",Automation and Orchestration of Zero Trust Architecture: Potential Solutions and Challenges,Machine Intelligence Research,2024,21,2,294–317,10.1007/s11633-023-1456-2,2731-5398,,http://dx.doi.org/10.1007/s11633-023-1456-2,Springer Science and Business Media LLC
XDFKVB2V,journalArticle,"Bhuvaneshwari, A. J.; Kaythry, P.; Elango, Nivetha; Ramu, Rahul; Eshwar, S. Sai",Improving security in 5G vehicular networks using ASCON and machine learning based NIDS,Discover Internet of Things,2025,5,1,,10.1007/s43926-025-00226-1,2730-7239,,http://dx.doi.org/10.1007/s43926-025-00226-1,Springer Science and Business Media LLC
Y8T35EAX,journalArticle,"AlZahrani, Yazeed",Real-time anomaly detection in IoT streams through spatiotemporal patterns,Discover Internet of Things,2025,6,1,,10.1007/s43926-025-00256-9,2730-7239,,http://dx.doi.org/10.1007/s43926-025-00256-9,Springer Science and Business Media LLC
Y55Z6LSR,journalArticle,"AlSagri, Hatoon S.; Kumar, Ankit; Jilani Saudagar, Abdul Khader; Kumar, Abhishek; Raja, Linesh",Optimizing resource allocation in precision farming using quantum enhanced algorithms and quantum sensor networks,Journal of Cloud Computing,2025,14,1,,10.1186/s13677-025-00769-2,2192-113X,,http://dx.doi.org/10.1186/s13677-025-00769-2,Springer Science and Business Media LLC
XZY3WI3J,journalArticle,"Alshaya, Shaya A.",Federated learning with LSTM and error correcting codes for secure and private identification of IoT devices,Scientific Reports,2025,15,1,,10.1038/s41598-025-28274-1,2045-2322,,http://dx.doi.org/10.1038/s41598-025-28274-1,Springer Science and Business Media LLC
XZL6KLEF,journalArticle,"Ares-Robledo, Fernando; Rifà-Pous, Helena; Clarisó, Robert",Graph neural networks for anomaly detection: a systematic review of dynamic temporal approaches,Artificial Intelligence Review,2026,59,5,,10.1007/s10462-026-11532-7,1573-7462,,http://dx.doi.org/10.1007/s10462-026-11532-7,Springer Science and Business Media LLC
XVXKXQ3T,journalArticle,"Alharthi, Sitah","AI-powered in silico twins: redefining precision medicine through simulation, personalization, and predictive healthcare",Saudi Pharmaceutical Journal,2025,34,1,,10.1007/s44446-025-00055-x,2213-7475,,http://dx.doi.org/10.1007/s44446-025-00055-x,Springer Science and Business Media LLC
XLYTBQHY,journalArticle,"Arya, Vikas; Saraf, Ankita; Chichkanov, Nikolai; Papa, Armando; Romano, Marco",AI-enhanced competency transfer hubs: a conceptual framework for university-industry engagement and knowledge sharing,The Journal of Technology Transfer,2025,51,2,682–712,10.1007/s10961-025-10233-7,1573-7047,,http://dx.doi.org/10.1007/s10961-025-10233-7,Springer Science and Business Media LLC
Y5LH8Y4G,conferencePaper,"Nyandoro, K.; Pham, D.H.; Ahn, Y.",Exploring the Synergy Between Blockchain Technology and 6G Networks: A Bibliometric and Systematic Literature Study,,2026,,,117–157,10.1007/978-3-032-00545-8_10,,,https://www.scopus.com/pages/publications/105032798581?origin=resultslist,
XMDCSJ7C,conferencePaper,"Anusha, S.; Mercy Theresa, M.; Shobana, R.; Sathish Kumar, N.; Anish, T.P.; Ezhilvendan, M.","Edge and Fog Computing for IoT: Architectures, Applications, and Emerging Trends",,2025,,,418–424,10.1109/ICECMSN68058.2025.11382735,,,https://www.scopus.com/pages/publications/105035478688?origin=resultslist,
XLSKPVGM,journalArticle,"Campion, D.; Kreitcberg, A.; Brailovski, V.",Simulation-based training of multi-material machine learning models for the prediction of melt pool dimensions and as-printed densities in laser powder fed fusion parts,International Journal of Advanced Manufacturing Technology,2026,143,7-8,4023–4044,10.1007/s00170-026-17640-6,,,https://www.scopus.com/pages/publications/105031936629?origin=resultslist,
ZGIRGK5N,conferencePaper,Y. Qian; L. Ma,Parameter-Efficient Federated Learning for Edge Computing with End Devices Resource Limitation,2022 4th International Conference on Industrial Artificial Intelligence (IAI),2022,,,1–5,10.1109/IAI55780.2022.9976628,,,,
ZCVZL5FI,conferencePaper,G. Gokilakrishnan; D. Prabha; S. Srinivasan; S. Thirumurugaveerakumar; V. M; A. H,A Critical Analysis of the Block Chain in Manufacturing System Implementation,2023 9th International Conference on Advanced Computing and Communication Systems (ICACCS),2023,1,,2281–2289,10.1109/ICACCS57279.2023.10112828,,2575-7288,,
ZMZWSALZ,journalArticle,"Fu, S.; Dong, F.; Shen, D.; Chen, R.; Hao, J.",DESIGN: Online Device Selection and Edge Association for Federated Synergy Learning-enabled AIoT,ACM Transactions on Intelligent Systems and Technology,2024,15,5,,10.1145/3673237,,,https://www.scopus.com/pages/publications/85202583471?origin=resultslist,
ZJ8TULU9,journalArticle,"Oberdorf, Felix; Schaschek, Myriam; Weinzierl, Sven; Stein, Nikolai; Matzner, Martin; Flath, Christoph M.",Predictive End-to-End Enterprise Process Network Monitoring,Business &amp; Information Systems Engineering,2022,65,1,49–64,10.1007/s12599-022-00778-4,1867-0202,,http://dx.doi.org/10.1007/s12599-022-00778-4,Springer Science and Business Media LLC
ZGC76NRG,journalArticle,"Lilhore, Umesh Kumar; Sharma, Yogesh Kumar; Pradeep, S.; Rubaiee, Saeed; Alroobaea, Roobaea; Baqasah, Abdullah M.; Alsafyani, Majed; Tekeste, Lidia Gosy",Blockchain-enabled federated learning framework with hybrid CNN-LSTM anomaly detection for secure edge IoT networks,Journal of Cloud Computing,2026,15,1,,10.1186/s13677-026-00907-4,2192-113X,,http://dx.doi.org/10.1186/s13677-026-00907-4,Springer Science and Business Media LLC
YVZLDAT4,conferencePaper,"Su, Y.; He, L.",DAFedin: A Distributed Anomaly Detection Scheme Based on Federated Inference,,2025,,,90–97,10.1109/ICCSM66818.2025.00023,,,https://www.scopus.com/pages/publications/105036390131?origin=resultslist,
YMP5VU4D,journalArticle,X. Kong; K. Wang; M. Hou; X. Hao; G. Shen; X. Chen; F. Xia,A Federated Learning-Based License Plate Recognition Scheme for 5G-Enabled Internet of Vehicles,IEEE Transactions on Industrial Informatics,2021,17,12,8523–8530,10.1109/TII.2021.3067324,1941-0050,,,
YI5K5659,journalArticle,"Jagadeesh, G.; Pounambal, M.; ArivuSelvan, K.; Sathiyamoorthy, E.; Vellingiri, J.; Madhu Viswanatham, V.; Iwendi, C.","Federated recurrent-based adaptive battle royale algorithm for privacy-preserving data aggregation in industrial IoT: a signal, image, and video processing perspective","Signal, Image and Video Processing",2024,18,5,4395–4406,10.1007/s11760-024-03081-9,,,https://www.scopus.com/pages/publications/85192270040?origin=resultslist,
YPQGBXHK,journalArticle,"Patel, T.; Murugan, R.; Yenduri, G.; Jhaveri, R.H.; Snoussi, H.; Gaber, T.",Demystifying Defects: Federated Learning and Explainable AI for Semiconductor Fault Detection,IEEE Access,2024,12,,116987–117007,10.1109/ACCESS.2024.3425226,,,https://www.scopus.com/pages/publications/85202960360?origin=resultslist,
YPAIFY92,journalArticle,"Adel, Amr; Das, Bhagwan; Jan, Tony",Federated predictive maintenance with NASA BP930 satellite battery in industry 5.0,Journal of Intelligent Manufacturing,2026,,,,10.1007/s10845-026-02839-x,1572-8145,,http://dx.doi.org/10.1007/s10845-026-02839-x,Springer Science and Business Media LLC
YIDGRNGB,journalArticle,"Zhang, Yong; Zhang, Sixiang; Li, Shipeng; Yang, Bo; Chen, Peng",Adaptive routing protocol for large-scale power internet of things based on edge computing and federated learning,Scientific Reports,2026,16,1,,10.1038/s41598-026-41074-5,2045-2322,,http://dx.doi.org/10.1038/s41598-026-41074-5,Springer Science and Business Media LLC
YATU4QZ6,conferencePaper,"Pan, Y.; Bai, Y.; Zhang, Z.; Chen, L.",Federated Learning with Diversified Model Ensemble for Industrial Preventive Maintenance,,2025,,,7139–7144,10.1109/SMC58881.2025.11343368,,,https://www.scopus.com/pages/publications/105033147107?origin=resultslist,
YDYPWJTV,conferencePaper,"Kaleli, I.S.; Unal, P.; Deveci, B.U.; Albayrak, O.; Ozbayoglu, A.M.",A Domain-Aware Federated Learning Study for CNC Tool Wear Estimation,,2024,14792 LNCS,,250–265,10.1007/978-3-031-68005-2_18,,,https://www.scopus.com/pages/publications/85201978804?origin=resultslist,
ZESZVCBA,journalArticle,"Mavani, Nidhi Rajesh; Ali, Jarinah Mohd; Othman, Suhaili; Hussain, M. A.; Hashim, Haslaniza; Rahman, Norliza Abd",Application of Artificial Intelligence in Food Industry—a Guideline,Food Engineering Reviews,2021,14,1,134–175,10.1007/s12393-021-09290-z,1866-7929,,http://dx.doi.org/10.1007/s12393-021-09290-z,Springer Science and Business Media LLC
YY4EBZCD,journalArticle,"Lai, Ningrong; Dewi, Deshinta Arrova; Maidin, Siti Sarah; Xiao, Wenyang; Zhao, Shuangwen; Hu, Qingzheng",A comprehensive review of lightweight deep learning models for edge computing with future directions,Discover Computing,2026,29,1,,10.1007/s10791-026-10021-3,2948-2992,,http://dx.doi.org/10.1007/s10791-026-10021-3,Springer Science and Business Media LLC
YSMMF5VK,journalArticle,"Mallidi, S. Kumar Reddy; Ramisetty, Rajeswara Rao",Advancements in training and deployment strategies for AI-based intrusion detection systems in IoT: a systematic literature review,Discover Internet of Things,2025,5,1,,10.1007/s43926-025-00099-4,2730-7239,,http://dx.doi.org/10.1007/s43926-025-00099-4,Springer Science and Business Media LLC
ZCK264BW,journalArticle,"Flizikowski, Adam; Marciniak, Tomasz; Wysocki, Tadeusz A.; Oyerinde, Olutayo",Selected Aspects of Non orthogonal Multiple Access for Future Wireless Communications,Mathematics in Computer Science,2023,17,2,,10.1007/s11786-023-00561-y,1661-8289,,http://dx.doi.org/10.1007/s11786-023-00561-y,Springer Science and Business Media LLC
Z4FRE9XL,journalArticle,"Chaudhary, Reshu; Verma, Pooja; Salgotra, Rohit; Gandomi, Amir H.",Five Decades of Genetic Algorithms: A Systematic and Bibliometric Review (1975–2025),Archives of Computational Methods in Engineering,2026,,,,10.1007/s11831-025-10487-2,1886-1784,,http://dx.doi.org/10.1007/s11831-025-10487-2,Springer Science and Business Media LLC
YZITM8C7,journalArticle,"Ismail, Ahmed A.; Khalifa, Nour Eldeen; El-Khoribi, Reda A.",A survey on resource scheduling approaches in multi-access edge computing environment: a deep reinforcement learning study,Cluster Computing,2025,28,3,,10.1007/s10586-024-04893-7,1573-7543,,http://dx.doi.org/10.1007/s10586-024-04893-7,Springer Science and Business Media LLC
YYHNGCQ5,journalArticle,"Focker, M.; Liu, C.; Wang, X.; van der Fels-Klerx, H. J.",The use of artificial intelligence to improve mycotoxin management: a review,Mycotoxin Research,2025,41,4,529–540,10.1007/s12550-025-00602-4,1867-1632,,http://dx.doi.org/10.1007/s12550-025-00602-4,Springer Science and Business Media LLC
YUFE3NBC,journalArticle,"Fu, Ying; Sun, Da-Wen",Advancing Fruit Quality Monitoring with Artificial Intelligence-Augmented Non-Destructive Technologies,Food Engineering Reviews,2026,18,2,,10.1007/s12393-026-09437-w,1866-7929,,http://dx.doi.org/10.1007/s12393-026-09437-w,Springer Science and Business Media LLC
ZITX5QPI,journalArticle,"Zogaan, Waleed Abdu; Ajabnoor, Nouran; Salamai, Abdullah Ali",Leveraging deep learning for risk prediction and resilience in supply chains: insights from critical industries,Journal of Big Data,2025,12,1,,10.1186/s40537-025-01143-4,2196-1115,,http://dx.doi.org/10.1186/s40537-025-01143-4,Springer Science and Business Media LLC
Z2KPYQ5I,journalArticle,"Yang, Wenxiang; Tang, Li; Zhang, Guanyu",A generative artificial intelligence framework for automated data quality rule generation in power grid systems,Discover Computing,2026,29,1,,10.1007/s10791-026-09963-5,2948-2992,,http://dx.doi.org/10.1007/s10791-026-09963-5,Springer Science and Business Media LLC
YZWPVF93,journalArticle,"Zhao, Haifeng",Research on privacy protection and performance optimization of 6G communication network based on the fusion of federated learning and edge computing,Discover Artificial Intelligence,2025,6,1,,10.1007/s44163-025-00687-x,2731-0809,,http://dx.doi.org/10.1007/s44163-025-00687-x,Springer Science and Business Media LLC
YRS5MW78,journalArticle,"Zheng, Yunjiao",Bank data protection and fraud identification based on improved adaptive federated learning and WGAN,Scientific Reports,2025,15,1,,10.1038/s41598-025-06807-y,2045-2322,,http://dx.doi.org/10.1038/s41598-025-06807-y,Springer Science and Business Media LLC
YVNK2JQF,journalArticle,"Upadhiyay, Anant; Jain, Abhishek",Cyber resilient framework with energy efficient swarm routing and ensemble threat detection in fog assisted wireless sensor networks,Scientific Reports,2025,15,1,,10.1038/s41598-025-21368-w,2045-2322,,http://dx.doi.org/10.1038/s41598-025-21368-w,Springer Science and Business Media LLC
ZP5I846K,journalArticle,"Tao, Shengyu; Liu, Haizhou; Sun, Chongbo; Ji, Haocheng; Ji, Guanjun; Han, Zhiyuan; Gao, Runhua; Ma, Jun; Ma, Ruifei; Chen, Yuou; Fu, Shiyi; Wang, Yu; Sun, Yaojie; Rong, Yu; Zhang, Xuan; Zhou, Guangmin; Sun, Hongbin",Collaborative and privacy-preserving retired battery sorting for profitable direct recycling via federated machine learning,Nature Communications,2023,14,1,,10.1038/s41467-023-43883-y,2041-1723,,http://dx.doi.org/10.1038/s41467-023-43883-y,Springer Science and Business Media LLC
Z64T84IR,journalArticle,"Siddalingappa, Rashmi; S, Deepa; I, Priya Stella Mary; P, Kalpana; B A, Lakshmi",FEDGE: FEDerated learning at the EDGE on space platforms using deep neural network architectures,International Journal of Information Technology,2025,,,,10.1007/s41870-025-03010-0,2511-2112,,http://dx.doi.org/10.1007/s41870-025-03010-0,Springer Science and Business Media LLC
ZPH6NQEQ,journalArticle,"Salgotra, Rohit; Chaudhary, Reshu; Verma, Pooja; Mirjalili, Sayedali",The Rise of Particle Swarm Optimization: A Systematic Bibliometric &amp; Thematic Review (1995–2025),Archives of Computational Methods in Engineering,2026,,,,10.1007/s11831-026-10532-8,1886-1784,,http://dx.doi.org/10.1007/s11831-026-10532-8,Springer Science and Business Media LLC
Z2XJY3EB,journalArticle,"Rahman, Anichur; Kundu, Dipanjali; Mahir, Shahariar Hossain; Tashrif, Md Tanjum An; Ahmed, Md Kowsar; Karim, Md Ahsan; Eidmum, MD. Zunead Abedin; Farid, Fahmid Al; Karim, Hezerul Abdul; Miah, Abu Saleh Musa","Collaborative advancement of Cloud-Edge-Fog computing in smart healthcare: concepts, recent advances, applications and future opportunities",Cluster Computing,2026,29,6,,10.1007/s10586-026-06006-y,1573-7543,,http://dx.doi.org/10.1007/s10586-026-06006-y,Springer Science and Business Media LLC
YKFYV2DG,journalArticle,"Ramadan, Ahmed; Shouman, Marwa A.; Attiya, Gamal; ZeinEl Din, A. S.; Ibrahim, Elhossiny",PrivEdge: a hybrid split–federated learning framework for real-time electricity theft detection on edge nodes,Scientific Reports,2026,16,1,,10.1038/s41598-026-39064-8,2045-2322,,http://dx.doi.org/10.1038/s41598-026-39064-8,Springer Science and Business Media LLC
YP79I34A,journalArticle,"Okimi, Thomas O.",Human centric digital twins for sustainable supply chain in construction,Smart Construction and Sustainable Cities,2025,3,1,,10.1007/s44268-025-00078-2,2731-9032,,http://dx.doi.org/10.1007/s44268-025-00078-2,Springer Science and Business Media LLC
YWFV6NIF,journalArticle,"Mishra, Vinaytosh; Saxena, Deepika; Gupta, Kishu; Patni, Sakshi; Singh, Ashutosh Kumar",Sustainability in large language model supply chains-insights and recommendations using analysis of utility for affecting factors,Scientific Reports,2025,15,1,,10.1038/s41598-025-17937-8,2045-2322,,http://dx.doi.org/10.1038/s41598-025-17937-8,Springer Science and Business Media LLC
YVGMB9TR,journalArticle,"Liu, Enhui; Cho, Kyujun",Deep learning-based labor relations prediction system with multi-source data fusion and early warning mechanisms,Scientific Reports,2026,16,1,,10.1038/s41598-026-40369-x,2045-2322,,http://dx.doi.org/10.1038/s41598-026-40369-x,Springer Science and Business Media LLC
YWCAIESA,journalArticle,"Gomolka, Zbigniew; Zeslawska, Ewa; Olbrot, Lukasz",Fractional-order neural network for detecting process deviations in optical fiber cable manufacturing,Scientific Reports,2026,16,1,,10.1038/s41598-026-37770-x,2045-2322,,http://dx.doi.org/10.1038/s41598-026-37770-x,Springer Science and Business Media LLC
YVUQHI7U,journalArticle,"Ikegwu, Anayo Chukwu; Alo, Uzoma Rita; Nweke, Henry Friday","Cyber threats in mobile healthcare applications: systematic review of enabling technologies, threat models, detection approaches, and future directions",Discover Computing,2025,28,1,,10.1007/s10791-025-09686-z,2948-2992,,http://dx.doi.org/10.1007/s10791-025-09686-z,Springer Science and Business Media LLC
ZIKMI56Y,journalArticle,"Delgado Fernández, Joaquín; Willburger, Lukas; Wiethe, Christian; Wenninger, Simon; Fridgen, Gilbert",Scaling Smart Cities with Federated Learning: Balancing Accuracy and Privacy for Building Energy Performance Prediction,Business &amp; Information Systems Engineering,2025,,,,10.1007/s12599-025-00957-z,1867-0202,,http://dx.doi.org/10.1007/s12599-025-00957-z,Springer Science and Business Media LLC
ZBR8ND7H,journalArticle,"Derakhshanfard, Nahideh; Hosseinzadeh, Lida; Jafari, Fahimeh Rashid; Ghaffari, Ali",Intelligent resource allocation in internet of things using random forest and clustering techniques,Scientific Reports,2025,15,1,,10.1038/s41598-025-15931-8,2045-2322,,http://dx.doi.org/10.1038/s41598-025-15931-8,Springer Science and Business Media LLC
ZCKN39B4,journalArticle,"Bilen, Tuğçe; Özdem, Mehmet",A Federated Reinforcement Learning Framework for Multi-Tenant Resource Allocation in Edge Computing Environments,Journal of Network and Systems Management,2026,34,4,,10.1007/s10922-026-10060-7,1573-7705,,http://dx.doi.org/10.1007/s10922-026-10060-7,Springer Science and Business Media LLC
YPGWCP4F,journalArticle,"Attkan, Ankit; Ranga, Virender","Cyber-physical security for IoT networks: a comprehensive review on traditional, blockchain and artificial intelligence based key-security",Complex &amp; Intelligent Systems,2022,8,4,3559–3591,10.1007/s40747-022-00667-z,2198-6053,,http://dx.doi.org/10.1007/s40747-022-00667-z,Springer Science and Business Media LLC
YHIY6EIW,journalArticle,"Chakravarthy, Antharaju K.; Reddy, T. Rama; Ramakrishnaiah, N.",EdgeAutoOffloadAI a deep reinforcement learning framework for adaptive task offloading and resource management in mobile edge computing,Discover Computing,2026,29,1,,10.1007/s10791-026-10037-9,2948-2992,,http://dx.doi.org/10.1007/s10791-026-10037-9,Springer Science and Business Media LLC
YFWYPMJN,journalArticle,"Calavaro, Cecilia; Cardellini, Valeria; Lo Presti, Francesco; Russo Russo, Gabriele",Beyond Cloud: Serverless Functions in the Compute Continuum,SN Computer Science,2025,6,3,,10.1007/s42979-025-03699-7,2661-8907,,http://dx.doi.org/10.1007/s42979-025-03699-7,Springer Science and Business Media LLC
ZCMIA3R7,journalArticle,"Alharby, Maher",Evaluating machine learning approaches for multiple attack classification with improved computational efficiency in IoT networks,Scientific Reports,2025,15,1,,10.1038/s41598-025-23711-7,2045-2322,,http://dx.doi.org/10.1038/s41598-025-23711-7,Springer Science and Business Media LLC
ZNREV9GJ,conferencePaper,"Khan, M.I.; Rayhan, M.; Farahani, M.A.; Wuest, T.",Federated Learning for Smart Manufacturing: Evaluating Deep Learning Architectures for Time Series Forecasting in a Collaborative Framework,,2026,765 IFIPAICT,,49–61,10.1007/978-3-032-03534-9_4,,,https://www.scopus.com/pages/publications/105015369901?origin=resultslist,
Z2UFKJYT,journalArticle,"Zhao, J.; Hu, H.; Huang, F.; Guo, Y.; Liao, L.",Authentication Technology in Internet of Things and Privacy Security Issues in Typical Application Scenarios,Electronics (Switzerland),2023,12,8,,10.3390/electronics12081812,,,https://www.scopus.com/pages/publications/85156240290?origin=resultslist,
YKB5HGHD,journalArticle,"Alsaleh, S.S.; El Bachir Menai, M.; Al-Ahmadi, S.","Federated Learning-Based Model to Lightweight IDSs for Heterogeneous IoT Networks: State-of-the-Art, Challenges, and Future Directions",IEEE Access,2024,12,,134256–134272,10.1109/ACCESS.2024.3460468,,,https://www.scopus.com/pages/publications/85204249098?origin=resultslist,
YGTKHNFK,journalArticle,"Magara, T.; Phahlane, M.","Unlocking IIoT Potential: A Systematic Review of AI Applications, Adoption Drivers, and Implementation Barriers",Applied AI Letters,2026,7,1,,10.1002/ail2.70017,,,https://www.scopus.com/pages/publications/105027154687?origin=resultslist,
ZAFVHJ4V,journalArticle,"Rizzardi, A.; Della Corte, R.; Cevallos M, J.F.; De Vivo, S.; Sicari, S.; Cotroneo, D.; Coen-Porisini, A.",SereWay: Toward SEcurity and REliability Benchmarking for the RailWAY IIoT,Journal of Network and Systems Management,2026,34,2,,10.1007/s10922-025-10026-1,,,https://www.scopus.com/pages/publications/105030413331?origin=resultslist,
ZN9JXDAW,journalArticle,"Jabarulla, M.Y.; Lee, H.-N.","A blockchain and artificial intelligence-based, patient-centric healthcare system for combating the covid-19 pandemic: Opportunities and applications",Healthcare (Switzerland),2021,9,8,,10.3390/healthcare9081019,,,https://www.scopus.com/pages/publications/85112420833?origin=resultslist,
YFYIBBSG,journalArticle,"Cuozzo, G.; Pettersson, J.; Condoluci, M.",Analysis of a Contention-Based Approach Over 5G NR for Federated Learning in an Industrial Internet of Things Scenario,IEEE Access,2023,11,,74473–74485,10.1109/ACCESS.2023.3295838,,,https://www.scopus.com/pages/publications/85165241161?origin=resultslist,
ZWM3WR9L,journalArticle,R. Maiti; A. Madhukumar; T. Z. Hui Ernest,Machine Learning-Driven Edge Caching for Industry 5.0: A Survey of Collaborative and Inference-Enabled Techniques,IEEE Open Journal of the Communications Society,2026,7,,2464–2503,10.1109/OJCOMS.2026.3669379,2644-125X,,,
ZRB6Q3PW,journalArticle,M. Aristodemou; X. Liu; S. Lambotharan; B. AsSadhan,Bayesian Optimization-Driven Adversarial Poisoning Attacks Against Distributed Learning,IEEE Access,2023,11,,86214–86226,10.1109/ACCESS.2023.3304541,2169-3536,,,
ZX26M4YI,conferencePaper,"Srinivas, K.; Sateesh, R.; Vadivukarassi, M.; Sathya, P.; Aandi, S.; Swapna, M.",Privacy-Preserving Federated Learning for Fault Detection in Distributed Manufacturing,,2026,,,,10.1109/ICTBIG68706.2025.11323921,,,https://www.scopus.com/pages/publications/105032909818?origin=resultslist,
ZU3NASZZ,journalArticle,"Sáez-de-Cámara, X.; Flores, J.L.; Arellano, C.; Urbieta, A.; Zurutuza, U.",Clustered federated learning architecture for network anomaly detection in large scale heterogeneous IoT networks,Computers and Security,2023,131,,,10.1016/j.cose.2023.103299,,,https://www.scopus.com/pages/publications/85160208452?origin=resultslist,
ZT96LULS,journalArticle,"Zhuang, Liangliang; Ma, Yizhong; Wang, Jianjun; Pan, Rong; Xu, Ancha",From statistical modeling to AI-integrated inverse Gaussian process: A comprehensive review for prognostics and health management,ENGINEERING Management,2026,13,1,65–84,10.1007/s42524-026-5388-8,3091-5082,,http://dx.doi.org/10.1007/s42524-026-5388-8,Springer Science and Business Media LLC
ZTJDXH32,journalArticle,"Munshar, Hussam Hussein Abu; Jemili, Farah; Korbaa, Ouajdi; Alauthmaan, Mohammad",Comprehensive analysis of intrusion detection systems for enhancing security in internet of things environments,Discover Applied Sciences,2026,8,4,,10.1007/s42452-026-08458-8,3004-9261,,http://dx.doi.org/10.1007/s42452-026-08458-8,Springer Science and Business Media LLC
ZPT2L3UK,journalArticle,"Pulikottil, Terrin; Estrada-Jimenez, Luis A.; Ur Rehman, Hamood; Mo, Fan; Nikghadam-Hojjati, Sanaz; Barata, Jose",Agent-based manufacturing — review and expert evaluation,The International Journal of Advanced Manufacturing Technology,2023,127,5-6,2151–2180,10.1007/s00170-023-11517-8,1433-3015,,http://dx.doi.org/10.1007/s00170-023-11517-8,Springer Science and Business Media LLC
ZYPKSPGR,journalArticle,"Elsheikh, AbdAllah M. A.; Rokne, Jon; Alhajj, Reda","Privacy-preserving in foundation models: a systematic review of techniques, threats, and trade-offs",Artificial Intelligence Review,2026,59,6,,10.1007/s10462-026-11535-4,1573-7462,,http://dx.doi.org/10.1007/s10462-026-11535-4,Springer Science and Business Media LLC
ZY5ZRW2J,journalArticle,"Takhellambam, Linthoingambi; Clinton, Urikhimbam Boby; Hoque, Nazrul; Singh, Khumukcham Robindro; Kalita, Jugal; Bhattacharyya, Dhruba K.",Recent trends in data privacy and security of IoT networks through federated learning,Discover Networks,2026,2,1,,10.1007/s44354-026-00021-6,3004-9792,,http://dx.doi.org/10.1007/s44354-026-00021-6,Springer Science and Business Media LLC
ZXMIEQFW,journalArticle,"Rizwan, Muhammad; Wali, Aamir; ul Islam, Muhammad Saif; Fatima, Sana",Fast and Accurate Class-Level Machine Unlearning using Impair–Repair and Noise-Induced Forgetting Mechanisms,Cognitive Computation,2026,18,1,,10.1007/s12559-026-10597-4,1866-9964,,http://dx.doi.org/10.1007/s12559-026-10597-4,Springer Science and Business Media LLC
ZSH49MJ4,journalArticle,"Rahman, Ahasanur; Khandakar, Amith; Ayari, Mohamed Arselene; Naji, Khalid; Al-Ali, Abdulla Khalid; Sellami, Abdel Latif; Alhazbi, Saleh Mohammed Ali",Artificial intelligence innovations challenges and emerging trends in engineering education,Discover Education,2026,5,1,,10.1007/s44217-026-01137-1,2731-5525,,http://dx.doi.org/10.1007/s44217-026-01137-1,Springer Science and Business Media LLC
ZQZFHK8K,journalArticle,"Li, Yi; Wang, Haitao; Xu, Guoming",Federated reinforcement learning–driven multi-task optimization for robust and ethical edge internet of things security,Scientific Reports,2026,16,1,,10.1038/s41598-025-34879-3,2045-2322,,http://dx.doi.org/10.1038/s41598-025-34879-3,Springer Science and Business Media LLC
ZQMEYHIG,journalArticle,"Muhammad, Aoun E.; Yow, Kin-Choong; Bačanin-Džakula, Nebojša; Khan, Muhammad Attique",L-xaids: A LIME-based eXplainable AI framework for intrusion detection systems,Cluster Computing,2025,28,10,,10.1007/s10586-025-05326-9,1573-7543,,http://dx.doi.org/10.1007/s10586-025-05326-9,Springer Science and Business Media LLC
ZSH3PN4N,journalArticle,"Kumar, Manish; Yadav, Vibhash; Yadav, Satya Prakash",Advance comprehensive analysis for Zigbee network-based IoT system security,Discover Computing,2024,27,1,,10.1007/s10791-024-09456-3,2948-2992,,http://dx.doi.org/10.1007/s10791-024-09456-3,Springer Science and Business Media LLC
ZYYHT4XC,journalArticle,"Chinbat, Tserendorj; Madanian, Samaneh; Airehrour, David; Hassandoust, Farkhondeh",Machine learning cryptography methods for IoT in healthcare,BMC Medical Informatics and Decision Making,2024,24,1,,10.1186/s12911-024-02548-6,1472-6947,,http://dx.doi.org/10.1186/s12911-024-02548-6,Springer Science and Business Media LLC
ZX28HS2Q,journalArticle,"Ayranci, Ahmet Aytug; Erkmen, Burcu",Rapid electronic sensing technologies for ensuring food safety against pesticide residues: a comprehensive review,Journal of Food Measurement and Characterization,2026,,,,10.1007/s11694-026-04491-8,2193-4134,,http://dx.doi.org/10.1007/s11694-026-04491-8,Springer Science and Business Media LLC
ZRQVLF9P,journalArticle,"Alhag, Sadeq K.; Elbaz, Mostafa; Moghanm, Farahat S.; Al-Shuraym, Laila A.; El-Mesery, Hany S.; Mahdi, Amer Ali; Draz, Moatasem M.",The future of power forecasting: neuromorphic-axolotl hybrid intelligence revolutionizing grid operations through bio-inspired missing data mastery,Scientific Reports,2026,16,1,,10.1038/s41598-026-46498-7,2045-2322,,http://dx.doi.org/10.1038/s41598-026-46498-7,Springer Science and Business Media LLC
